CLETPUS,194913,135451.32,1,Electricity Net Generation From Coal, All Sectors,Million Kilowatthours
CLETPUS,195013,154519.994,1,Electricity Net Generation From Coal, All Sectors,Million Kilowatthours
CLETPUS,195113,185203.657,1,Electricity Net Generation From Coal, All Sectors,Million Kilowatthours
CLETPUS,195213,195436.666,1,Electricity Net Generation From Coal, All Sectors,Million Kilowatthours
CLETPUS,195313,218846.325,1,Electricity Net Generation From Coal, All Sectors,Million Kilowatthours
CLETPUS,195413,239145.966,1,Electricity Net Generation From Coal, All Sectors,Million Kilowatthours
CLETPUS,195513,301362.698,1,Electricity Net Generation From Coal, All Sectors,Million Kilowatthours
CLETPUS,195613,338503.484,1,Electricity Net Generation From Coal, All Sectors,Million Kilowatthours
CLETPUS,195713,346386.207,1,Electricity Net Generation From Coal, All Sectors,Million Kilowatthours
CLETPUS,195813,344365.781,1,Electricity Net Generation From Coal, All Sectors,Million Kilowatthours
CLETPUS,195913,378424.21,1,Electricity Net Generation From Coal, All Sectors,Million Kilowatthours
CLETPUS,196013,403067.357,1,Electricity Net Generation From Coal, All Sectors,Million Kilowatthours
CLETPUS,196113,421870.669,1,Electricity Net Generation From Coal, All Sectors,Million Kilowatthours
CLETPUS,196213,450249.238,1,Electricity Net Generation From Coal, All Sectors,Million Kilowatthours
CLETPUS,196313,493926.719,1,Electricity Net Generation From Coal, All Sectors,Million Kilowatthours
CLETPUS,196413,526230.019,1,Electricity Net Generation From Coal, All Sectors,Million Kilowatthours
CLETPUS,196513,570925.951,1,Electricity Net Generation From Coal, All Sectors,Million Kilowatthours
CLETPUS,196613,613474.8,1,Electricity Net Generation From Coal, All Sectors,Million Kilowatthours
CLETPUS,196713,630483.363,1,Electricity Net Generation From Coal, All Sectors,Million Kilowatthours
CLETPUS,196813,684904.58,1,Electricity Net Generation From Coal, All Sectors,Million Kilowatthours
CLETPUS,196913,706001.24,1,Electricity Net Generation From Coal, All Sectors,Million Kilowatthours
CLETPUS,197013,704394.479,1,Electricity Net Generation From Coal, All Sectors,Million Kilowatthours
CLETPUS,197113,713102.454,1,Electricity Net Generation From Coal, All Sectors,Million Kilowatthours
CLETPUS,197213,771131.265,1,Electricity Net Generation From Coal, All Sectors,Million Kilowatthours
CLETPUS,197301,75190.149,1,Electricity Net Generation From Coal, All Sectors,Million Kilowatthours
CLETPUS,197302,67797.946,1,Electricity Net Generation From Coal, All Sectors,Million Kilowatthours
CLETPUS,197303,67387.612,1,Electricity Net Generation From Coal, All Sectors,Million Kilowatthours
CLETPUS,197304,63935.049,1,Electricity Net Generation From Coal, All Sectors,Million Kilowatthours
CLETPUS,197305,64927.181,1,Electricity Net Generation From Coal, All Sectors,Million Kilowatthours
CLETPUS,197306,69592.039,1,Electricity Net Generation From Coal, All Sectors,Million Kilowatthours
CLETPUS,197307,75988.308,1,Electricity Net Generation From Coal, All Sectors,Million Kilowatthours
CLETPUS,197308,78365.191,1,Electricity Net Generation From Coal, All Sectors,Million Kilowatthours
CLETPUS,197309,71304.493,1,Electricity Net Generation From Coal, All Sectors,Million Kilowatthours
CLETPUS,197310,70104.344,1,Electricity Net Generation From Coal, All Sectors,Million Kilowatthours
CLETPUS,197311,69706.997,1,Electricity Net Generation From Coal, All Sectors,Million Kilowatthours
CLETPUS,197312,73352.161,1,Electricity Net Generation From Coal, All Sectors,Million Kilowatthours
CLETPUS,197313,847651.47,1,Electricity Net Generation From Coal, All Sectors,Million Kilowatthours
CLETPUS,197401,73631.774,1,Electricity Net Generation From Coal, All Sectors,Million Kilowatthours
CLETPUS,197402,66116.767,1,Electricity Net Generation From Coal, All Sectors,Million Kilowatthours
CLETPUS,197403,67746.788,1,Electricity Net Generation From Coal, All Sectors,Million Kilowatthours
CLETPUS,197404,62866.281,1,Electricity Net Generation From Coal, All Sectors,Million Kilowatthours
CLETPUS,197405,67789.4,1,Electricity Net Generation From Coal, All Sectors,Million Kilowatthours
CLETPUS,197406,67470.507,1,Electricity Net Generation From Coal, All Sectors,Million Kilowatthours
CLETPUS,197407,76361.27,1,Electricity Net Generation From Coal, All Sectors,Million Kilowatthours
CLETPUS,197408,74759.54,1,Electricity Net Generation From Coal, All Sectors,Million Kilowatthours
CLETPUS,197409,65266.997,1,Electricity Net Generation From Coal, All Sectors,Million Kilowatthours
CLETPUS,197410,66953.772,1,Electricity Net Generation From Coal, All Sectors,Million Kilowatthours
CLETPUS,197411,66996.029,1,Electricity Net Generation From Coal, All Sectors,Million Kilowatthours
CLETPUS,197412,72473.794,1,Electricity Net Generation From Coal, All Sectors,Million Kilowatthours
CLETPUS,197413,828432.921,1,Electricity Net Generation From Coal, All Sectors,Million Kilowatthours
CLETPUS,197501,74836.043,1,Electricity Net Generation From Coal, All Sectors,Million Kilowatthours
CLETPUS,197502,67285.094,1,Electricity Net Generation From Coal, All Sectors,Million Kilowatthours
CLETPUS,197503,69176.492,1,Electricity Net Generation From Coal, All Sectors,Million Kilowatthours
CLETPUS,197504,64453.298,1,Electricity Net Generation From Coal, All Sectors,Million Kilowatthours
CLETPUS,197505,64741.073,1,Electricity Net Generation From Coal, All Sectors,Million Kilowatthours
CLETPUS,197506,70346.207,1,Electricity Net Generation From Coal, All Sectors,Million Kilowatthours
CLETPUS,197507,76294.723,1,Electricity Net Generation From Coal, All Sectors,Million Kilowatthours
CLETPUS,197508,78882.011,1,Electricity Net Generation From Coal, All Sectors,Million Kilowatthours
CLETPUS,197509,68558.859,1,Electricity Net Generation From Coal, All Sectors,Million Kilowatthours
CLETPUS,197510,69042.72,1,Electricity Net Generation From Coal, All Sectors,Million Kilowatthours
CLETPUS,197511,70424.195,1,Electricity Net Generation From Coal, All Sectors,Million Kilowatthours
CLETPUS,197512,78745.507,1,Electricity Net Generation From Coal, All Sectors,Million Kilowatthours
CLETPUS,197513,852786.222,1,Electricity Net Generation From Coal, All Sectors,Million Kilowatthours
CLETPUS,197601,83690.963,1,Electricity Net Generation From Coal, All Sectors,Million Kilowatthours
CLETPUS,197602,73516.196,1,Electricity Net Generation From Coal, All Sectors,Million Kilowatthours
CLETPUS,197603,76553.69,1,Electricity Net Generation From Coal, All Sectors,Million Kilowatthours
CLETPUS,197604,72559.403,1,Electricity Net Generation From Coal, All Sectors,Million Kilowatthours
CLETPUS,197605,72499.188,1,Electricity Net Generation From Coal, All Sectors,Million Kilowatthours
CLETPUS,197606,76925.845,1,Electricity Net Generation From Coal, All Sectors,Million Kilowatthours
CLETPUS,197607,83279.641,1,Electricity Net Generation From Coal, All Sectors,Million Kilowatthours
CLETPUS,197608,84206.526,1,Electricity Net Generation From Coal, All Sectors,Million Kilowatthours
CLETPUS,197609,75369.701,1,Electricity Net Generation From Coal, All Sectors,Million Kilowatthours
CLETPUS,197610,76932.19,1,Electricity Net Generation From Coal, All Sectors,Million Kilowatthours
CLETPUS,197611,81668.738,1,Electricity Net Generation From Coal, All Sectors,Million Kilowatthours
CLETPUS,197612,87188.912,1,Electricity Net Generation From Coal, All Sectors,Million Kilowatthours
CLETPUS,197613,944390.993,1,Electricity Net Generation From Coal, All Sectors,Million Kilowatthours
CLETPUS,197701,89829.161,1,Electricity Net Generation From Coal, All Sectors,Million Kilowatthours
CLETPUS,197702,78734.95,1,Electricity Net Generation From Coal, All Sectors,Million Kilowatthours
CLETPUS,197703,77492.179,1,Electricity Net Generation From Coal, All Sectors,Million Kilowatthours
CLETPUS,197704,70866.254,1,Electricity Net Generation From Coal, All Sectors,Million Kilowatthours
CLETPUS,197705,77049.033,1,Electricity Net Generation From Coal, All Sectors,Million Kilowatthours
CLETPUS,197706,83116.515,1,Electricity Net Generation From Coal, All Sectors,Million Kilowatthours
CLETPUS,197707,92372.785,1,Electricity Net Generation From Coal, All Sectors,Million Kilowatthours
CLETPUS,197708,90730.454,1,Electricity Net Generation From Coal, All Sectors,Million Kilowatthours
CLETPUS,197709,82564.552,1,Electricity Net Generation From Coal, All Sectors,Million Kilowatthours
CLETPUS,197710,79382.484,1,Electricity Net Generation From Coal, All Sectors,Million Kilowatthours
CLETPUS,197711,79467.834,1,Electricity Net Generation From Coal, All Sectors,Million Kilowatthours
CLETPUS,197712,83612.396,1,Electricity Net Generation From Coal, All Sectors,Million Kilowatthours
CLETPUS,197713,985218.596,1,Electricity Net Generation From Coal, All Sectors,Million Kilowatthours
CLETPUS,197801,85005.951,1,Electricity Net Generation From Coal, All Sectors,Million Kilowatthours
CLETPUS,197802,70569.646,1,Electricity Net Generation From Coal, All Sectors,Million Kilowatthours
CLETPUS,197803,66623.494,1,Electricity Net Generation From Coal, All Sectors,Million Kilowatthours
CLETPUS,197804,70327.333,1,Electricity Net Generation From Coal, All Sectors,Million Kilowatthours
CLETPUS,197805,76431.711,1,Electricity Net Generation From Coal, All Sectors,Million Kilowatthours
CLETPUS,197806,84033.019,1,Electricity Net Generation From Coal, All Sectors,Million Kilowatthours
CLETPUS,197807,89606.31,1,Electricity Net Generation From Coal, All Sectors,Million Kilowatthours
CLETPUS,197808,93429.682,1,Electricity Net Generation From Coal, All Sectors,Million Kilowatthours
CLETPUS,197809,87041.271,1,Electricity Net Generation From Coal, All Sectors,Million Kilowatthours
CLETPUS,197810,82082.993,1,Electricity Net Generation From Coal, All Sectors,Million Kilowatthours
CLETPUS,197811,81727.362,1,Electricity Net Generation From Coal, All Sectors,Million Kilowatthours
CLETPUS,197812,88863.313,1,Electricity Net Generation From Coal, All Sectors,Million Kilowatthours
CLETPUS,197813,975742.083,1,Electricity Net Generation From Coal, All Sectors,Million Kilowatthours
CLETPUS,197901,94985.712,1,Electricity Net Generation From Coal, All Sectors,Million Kilowatthours
CLETPUS,197902,84747.823,1,Electricity Net Generation From Coal, All Sectors,Million Kilowatthours
CLETPUS,197903,85219.537,1,Electricity Net Generation From Coal, All Sectors,Million Kilowatthours
CLETPUS,197904,80450.173,1,Electricity Net Generation From Coal, All Sectors,Million Kilowatthours
CLETPUS,197905,86149.298,1,Electricity Net Generation From Coal, All Sectors,Million Kilowatthours
CLETPUS,197906,90817.26,1,Electricity Net Generation From Coal, All Sectors,Million Kilowatthours
CLETPUS,197907,97879.473,1,Electricity Net Generation From Coal, All Sectors,Million Kilowatthours
CLETPUS,197908,97910.027,1,Electricity Net Generation From Coal, All Sectors,Million Kilowatthours
CLETPUS,197909,85664.344,1,Electricity Net Generation From Coal, All Sectors,Million Kilowatthours
CLETPUS,197910,87527.612,1,Electricity Net Generation From Coal, All Sectors,Million Kilowatthours
CLETPUS,197911,87455.783,1,Electricity Net Generation From Coal, All Sectors,Million Kilowatthours
CLETPUS,197912,96230.048,1,Electricity Net Generation From Coal, All Sectors,Million Kilowatthours
CLETPUS,197913,1075037.091,1,Electricity Net Generation From Coal, All Sectors,Million Kilowatthours
CLETPUS,198001,103257.677,1,Electricity Net Generation From Coal, All Sectors,Million Kilowatthours
CLETPUS,198002,98150.804,1,Electricity Net Generation From Coal, All Sectors,Million Kilowatthours
CLETPUS,198003,95386.178,1,Electricity Net Generation From Coal, All Sectors,Million Kilowatthours
CLETPUS,198004,83561.813,1,Electricity Net Generation From Coal, All Sectors,Million Kilowatthours
CLETPUS,198005,84884.262,1,Electricity Net Generation From Coal, All Sectors,Million Kilowatthours
CLETPUS,198006,93691.765,1,Electricity Net Generation From Coal, All Sectors,Million Kilowatthours
CLETPUS,198007,108456.913,1,Electricity Net Generation From Coal, All Sectors,Million Kilowatthours
CLETPUS,198008,107579.936,1,Electricity Net Generation From Coal, All Sectors,Million Kilowatthours
CLETPUS,198009,97556.952,1,Electricity Net Generation From Coal, All Sectors,Million Kilowatthours
CLETPUS,198010,91196.02,1,Electricity Net Generation From Coal, All Sectors,Million Kilowatthours
CLETPUS,198011,93500.667,1,Electricity Net Generation From Coal, All Sectors,Million Kilowatthours
CLETPUS,198012,104339.38,1,Electricity Net Generation From Coal, All Sectors,Million Kilowatthours
CLETPUS,198013,1161562.368,1,Electricity Net Generation From Coal, All Sectors,Million Kilowatthours
CLETPUS,198101,111764.813,1,Electricity Net Generation From Coal, All Sectors,Million Kilowatthours
CLETPUS,198102,97653.289,1,Electricity Net Generation From Coal, All Sectors,Million Kilowatthours
CLETPUS,198103,99482.128,1,Electricity Net Generation From Coal, All Sectors,Million Kilowatthours
CLETPUS,198104,88109.349,1,Electricity Net Generation From Coal, All Sectors,Million Kilowatthours
CLETPUS,198105,88940.698,1,Electricity Net Generation From Coal, All Sectors,Million Kilowatthours
CLETPUS,198106,99837.068,1,Electricity Net Generation From Coal, All Sectors,Million Kilowatthours
CLETPUS,198107,112853.683,1,Electricity Net Generation From Coal, All Sectors,Million Kilowatthours
CLETPUS,198108,108402.855,1,Electricity Net Generation From Coal, All Sectors,Million Kilowatthours
CLETPUS,198109,97663.878,1,Electricity Net Generation From Coal, All Sectors,Million Kilowatthours
CLETPUS,198110,97046.239,1,Electricity Net Generation From Coal, All Sectors,Million Kilowatthours
CLETPUS,198111,94841.001,1,Electricity Net Generation From Coal, All Sectors,Million Kilowatthours
CLETPUS,198112,106608.232,1,Electricity Net Generation From Coal, All Sectors,Million Kilowatthours
CLETPUS,198113,1203203.232,1,Electricity Net Generation From Coal, All Sectors,Million Kilowatthours
CLETPUS,198201,113123.631,1,Electricity Net Generation From Coal, All Sectors,Million Kilowatthours
CLETPUS,198202,96905.528,1,Electricity Net Generation From Coal, All Sectors,Million Kilowatthours
CLETPUS,198203,97625.094,1,Electricity Net Generation From Coal, All Sectors,Million Kilowatthours
CLETPUS,198204,88115.664,1,Electricity Net Generation From Coal, All Sectors,Million Kilowatthours
CLETPUS,198205,92997.402,1,Electricity Net Generation From Coal, All Sectors,Million Kilowatthours
CLETPUS,198206,95313.637,1,Electricity Net Generation From Coal, All Sectors,Million Kilowatthours
CLETPUS,198207,110617.225,1,Electricity Net Generation From Coal, All Sectors,Million Kilowatthours
CLETPUS,198208,110124.075,1,Electricity Net Generation From Coal, All Sectors,Million Kilowatthours
CLETPUS,198209,96895.697,1,Electricity Net Generation From Coal, All Sectors,Million Kilowatthours
CLETPUS,198210,93769.09,1,Electricity Net Generation From Coal, All Sectors,Million Kilowatthours
CLETPUS,198211,95547.275,1,Electricity Net Generation From Coal, All Sectors,Million Kilowatthours
CLETPUS,198212,100969.888,1,Electricity Net Generation From Coal, All Sectors,Million Kilowatthours
CLETPUS,198213,1192004.204,1,Electricity Net Generation From Coal, All Sectors,Million Kilowatthours
CLETPUS,198301,108164.265,1,Electricity Net Generation From Coal, All Sectors,Million Kilowatthours
CLETPUS,198302,92691.602,1,Electricity Net Generation From Coal, All Sectors,Million Kilowatthours
CLETPUS,198303,95598.248,1,Electricity Net Generation From Coal, All Sectors,Million Kilowatthours
CLETPUS,198304,88113.755,1,Electricity Net Generation From Coal, All Sectors,Million Kilowatthours
CLETPUS,198305,91296.386,1,Electricity Net Generation From Coal, All Sectors,Million Kilowatthours
CLETPUS,198306,101512.015,1,Electricity Net Generation From Coal, All Sectors,Million Kilowatthours
CLETPUS,198307,121560.33,1,Electricity Net Generation From Coal, All Sectors,Million Kilowatthours
CLETPUS,198308,129312.743,1,Electricity Net Generation From Coal, All Sectors,Million Kilowatthours
CLETPUS,198309,108867.586,1,Electricity Net Generation From Coal, All Sectors,Million Kilowatthours
CLETPUS,198310,101951.282,1,Electricity Net Generation From Coal, All Sectors,Million Kilowatthours
CLETPUS,198311,103225.255,1,Electricity Net Generation From Coal, All Sectors,Million Kilowatthours
CLETPUS,198312,117130.811,1,Electricity Net Generation From Coal, All Sectors,Million Kilowatthours
CLETPUS,198313,1259424.279,1,Electricity Net Generation From Coal, All Sectors,Million Kilowatthours
CLETPUS,198401,120850.261,1,Electricity Net Generation From Coal, All Sectors,Million Kilowatthours
CLETPUS,198402,104706.39,1,Electricity Net Generation From Coal, All Sectors,Million Kilowatthours
CLETPUS,198403,111157.719,1,Electricity Net Generation From Coal, All Sectors,Million Kilowatthours
CLETPUS,198404,97541.501,1,Electricity Net Generation From Coal, All Sectors,Million Kilowatthours
CLETPUS,198405,100138.89,1,Electricity Net Generation From Coal, All Sectors,Million Kilowatthours
CLETPUS,198406,115425.514,1,Electricity Net Generation From Coal, All Sectors,Million Kilowatthours
CLETPUS,198407,121094.329,1,Electricity Net Generation From Coal, All Sectors,Million Kilowatthours
CLETPUS,198408,127743.902,1,Electricity Net Generation From Coal, All Sectors,Million Kilowatthours
CLETPUS,198409,108861.54,1,Electricity Net Generation From Coal, All Sectors,Million Kilowatthours
CLETPUS,198410,110800.527,1,Electricity Net Generation From Coal, All Sectors,Million Kilowatthours
CLETPUS,198411,109759.28,1,Electricity Net Generation From Coal, All Sectors,Million Kilowatthours
CLETPUS,198412,113600.9,1,Electricity Net Generation From Coal, All Sectors,Million Kilowatthours
CLETPUS,198413,1341680.752,1,Electricity Net Generation From Coal, All Sectors,Million Kilowatthours
CLETPUS,198501,129092.471,1,Electricity Net Generation From Coal, All Sectors,Million Kilowatthours
CLETPUS,198502,112036.83,1,Electricity Net Generation From Coal, All Sectors,Million Kilowatthours
CLETPUS,198503,111390.703,1,Electricity Net Generation From Coal, All Sectors,Million Kilowatthours
CLETPUS,198504,104790.423,1,Electricity Net Generation From Coal, All Sectors,Million Kilowatthours
CLETPUS,198505,111514.668,1,Electricity Net Generation From Coal, All Sectors,Million Kilowatthours
CLETPUS,198506,115583.004,1,Electricity Net Generation From Coal, All Sectors,Million Kilowatthours
CLETPUS,198507,128880.144,1,Electricity Net Generation From Coal, All Sectors,Million Kilowatthours
CLETPUS,198508,126549.659,1,Electricity Net Generation From Coal, All Sectors,Million Kilowatthours
CLETPUS,198509,114630.253,1,Electricity Net Generation From Coal, All Sectors,Million Kilowatthours
CLETPUS,198510,111053.345,1,Electricity Net Generation From Coal, All Sectors,Million Kilowatthours
CLETPUS,198511,108814.643,1,Electricity Net Generation From Coal, All Sectors,Million Kilowatthours
CLETPUS,198512,127791.979,1,Electricity Net Generation From Coal, All Sectors,Million Kilowatthours
CLETPUS,198513,1402128.125,1,Electricity Net Generation From Coal, All Sectors,Million Kilowatthours
CLETPUS,198601,130189.924,1,Electricity Net Generation From Coal, All Sectors,Million Kilowatthours
CLETPUS,198602,110982.428,1,Electricity Net Generation From Coal, All Sectors,Million Kilowatthours
CLETPUS,198603,110389.796,1,Electricity Net Generation From Coal, All Sectors,Million Kilowatthours
CLETPUS,198604,98995.106,1,Electricity Net Generation From Coal, All Sectors,Million Kilowatthours
CLETPUS,198605,104900.302,1,Electricity Net Generation From Coal, All Sectors,Million Kilowatthours
CLETPUS,198606,120153.987,1,Electricity Net Generation From Coal, All Sectors,Million Kilowatthours
CLETPUS,198607,136653.936,1,Electricity Net Generation From Coal, All Sectors,Million Kilowatthours
CLETPUS,198608,123617.62,1,Electricity Net Generation From Coal, All Sectors,Million Kilowatthours
CLETPUS,198609,113957.353,1,Electricity Net Generation From Coal, All Sectors,Million Kilowatthours
CLETPUS,198610,108583.774,1,Electricity Net Generation From Coal, All Sectors,Million Kilowatthours
CLETPUS,198611,109045.451,1,Electricity Net Generation From Coal, All Sectors,Million Kilowatthours
CLETPUS,198612,118361.775,1,Electricity Net Generation From Coal, All Sectors,Million Kilowatthours
CLETPUS,198613,1385831.452,1,Electricity Net Generation From Coal, All Sectors,Million Kilowatthours
CLETPUS,198701,126630.512,1,Electricity Net Generation From Coal, All Sectors,Million Kilowatthours
CLETPUS,198702,109647.934,1,Electricity Net Generation From Coal, All Sectors,Million Kilowatthours
CLETPUS,198703,111920.394,1,Electricity Net Generation From Coal, All Sectors,Million Kilowatthours
CLETPUS,198704,105474.356,1,Electricity Net Generation From Coal, All Sectors,Million Kilowatthours
CLETPUS,198705,115155.284,1,Electricity Net Generation From Coal, All Sectors,Million Kilowatthours
CLETPUS,198706,129350.599,1,Electricity Net Generation From Coal, All Sectors,Million Kilowatthours
CLETPUS,198707,143502.911,1,Electricity Net Generation From Coal, All Sectors,Million Kilowatthours
CLETPUS,198708,143194.312,1,Electricity Net Generation From Coal, All Sectors,Million Kilowatthours
CLETPUS,198709,120777.103,1,Electricity Net Generation From Coal, All Sectors,Million Kilowatthours
CLETPUS,198710,117742.848,1,Electricity Net Generation From Coal, All Sectors,Million Kilowatthours
CLETPUS,198711,114171.65,1,Electricity Net Generation From Coal, All Sectors,Million Kilowatthours
CLETPUS,198712,126213.387,1,Electricity Net Generation From Coal, All Sectors,Million Kilowatthours
CLETPUS,198713,1463781.289,1,Electricity Net Generation From Coal, All Sectors,Million Kilowatthours
CLETPUS,198801,137845.293,1,Electricity Net Generation From Coal, All Sectors,Million Kilowatthours
CLETPUS,198802,126267.376,1,Electricity Net Generation From Coal, All Sectors,Million Kilowatthours
CLETPUS,198803,120033.644,1,Electricity Net Generation From Coal, All Sectors,Million Kilowatthours
CLETPUS,198804,109135.472,1,Electricity Net Generation From Coal, All Sectors,Million Kilowatthours
CLETPUS,198805,115195.008,1,Electricity Net Generation From Coal, All Sectors,Million Kilowatthours
CLETPUS,198806,132267.995,1,Electricity Net Generation From Coal, All Sectors,Million Kilowatthours
CLETPUS,198807,144301.353,1,Electricity Net Generation From Coal, All Sectors,Million Kilowatthours
CLETPUS,198808,152376.525,1,Electricity Net Generation From Coal, All Sectors,Million Kilowatthours
CLETPUS,198809,124409.811,1,Electricity Net Generation From Coal, All Sectors,Million Kilowatthours
CLETPUS,198810,121339.387,1,Electricity Net Generation From Coal, All Sectors,Million Kilowatthours
CLETPUS,198811,121053.811,1,Electricity Net Generation From Coal, All Sectors,Million Kilowatthours
CLETPUS,198812,136427.1,1,Electricity Net Generation From Coal, All Sectors,Million Kilowatthours
CLETPUS,198813,1540652.774,1,Electricity Net Generation From Coal, All Sectors,Million Kilowatthours
CLETPUS,198901,137733.369,1,Electricity Net Generation From Coal, All Sectors,Million Kilowatthours
CLETPUS,198902,129611.076,1,Electricity Net Generation From Coal, All Sectors,Million Kilowatthours
CLETPUS,198903,129192.832,1,Electricity Net Generation From Coal, All Sectors,Million Kilowatthours
CLETPUS,198904,117867.309,1,Electricity Net Generation From Coal, All Sectors,Million Kilowatthours
CLETPUS,198905,121495.442,1,Electricity Net Generation From Coal, All Sectors,Million Kilowatthours
CLETPUS,198906,131163.721,1,Electricity Net Generation From Coal, All Sectors,Million Kilowatthours
CLETPUS,198907,141189.218,1,Electricity Net Generation From Coal, All Sectors,Million Kilowatthours
CLETPUS,198908,144610.455,1,Electricity Net Generation From Coal, All Sectors,Million Kilowatthours
CLETPUS,198909,129399.231,1,Electricity Net Generation From Coal, All Sectors,Million Kilowatthours
CLETPUS,198910,124912.222,1,Electricity Net Generation From Coal, All Sectors,Million Kilowatthours
CLETPUS,198911,126816.531,1,Electricity Net Generation From Coal, All Sectors,Million Kilowatthours
CLETPUS,198912,149787.733,1,Electricity Net Generation From Coal, All Sectors,Million Kilowatthours
CLETPUS,198913,1583779.139,1,Electricity Net Generation From Coal, All Sectors,Million Kilowatthours
CLETPUS,199001,135489.955,1,Electricity Net Generation From Coal, All Sectors,Million Kilowatthours
CLETPUS,199002,118755.094,1,Electricity Net Generation From Coal, All Sectors,Million Kilowatthours
CLETPUS,199003,125908.652,1,Electricity Net Generation From Coal, All Sectors,Million Kilowatthours
CLETPUS,199004,120002.708,1,Electricity Net Generation From Coal, All Sectors,Million Kilowatthours
CLETPUS,199005,122507.305,1,Electricity Net Generation From Coal, All Sectors,Million Kilowatthours
CLETPUS,199006,135553.242,1,Electricity Net Generation From Coal, All Sectors,Million Kilowatthours
CLETPUS,199007,147354.522,1,Electricity Net Generation From Coal, All Sectors,Million Kilowatthours
CLETPUS,199008,150453.899,1,Electricity Net Generation From Coal, All Sectors,Million Kilowatthours
CLETPUS,199009,138427.765,1,Electricity Net Generation From Coal, All Sectors,Million Kilowatthours
CLETPUS,199010,133108.84,1,Electricity Net Generation From Coal, All Sectors,Million Kilowatthours
CLETPUS,199011,126815.6,1,Electricity Net Generation From Coal, All Sectors,Million Kilowatthours
CLETPUS,199012,139633.895,1,Electricity Net Generation From Coal, All Sectors,Million Kilowatthours
CLETPUS,199013,1594011.479,1,Electricity Net Generation From Coal, All Sectors,Million Kilowatthours
CLETPUS,199101,145371.753,1,Electricity Net Generation From Coal, All Sectors,Million Kilowatthours
CLETPUS,199102,120934.682,1,Electricity Net Generation From Coal, All Sectors,Million Kilowatthours
CLETPUS,199103,121444.782,1,Electricity Net Generation From Coal, All Sectors,Million Kilowatthours
CLETPUS,199104,115472.088,1,Electricity Net Generation From Coal, All Sectors,Million Kilowatthours
CLETPUS,199105,127048.806,1,Electricity Net Generation From Coal, All Sectors,Million Kilowatthours
CLETPUS,199106,135312.435,1,Electricity Net Generation From Coal, All Sectors,Million Kilowatthours
CLETPUS,199107,147479.919,1,Electricity Net Generation From Coal, All Sectors,Million Kilowatthours
CLETPUS,199108,147805.166,1,Electricity Net Generation From Coal, All Sectors,Million Kilowatthours
CLETPUS,199109,132462.384,1,Electricity Net Generation From Coal, All Sectors,Million Kilowatthours
CLETPUS,199110,128848.55,1,Electricity Net Generation From Coal, All Sectors,Million Kilowatthours
CLETPUS,199111,132419.963,1,Electricity Net Generation From Coal, All Sectors,Million Kilowatthours
CLETPUS,199112,136022.222,1,Electricity Net Generation From Coal, All Sectors,Million Kilowatthours
CLETPUS,199113,1590622.748,1,Electricity Net Generation From Coal, All Sectors,Million Kilowatthours
CLETPUS,199201,141152.703,1,Electricity Net Generation From Coal, All Sectors,Million Kilowatthours
CLETPUS,199202,125269.566,1,Electricity Net Generation From Coal, All Sectors,Million Kilowatthours
CLETPUS,199203,131359.665,1,Electricity Net Generation From Coal, All Sectors,Million Kilowatthours
CLETPUS,199204,123494.618,1,Electricity Net Generation From Coal, All Sectors,Million Kilowatthours
CLETPUS,199205,127361.124,1,Electricity Net Generation From Coal, All Sectors,Million Kilowatthours
CLETPUS,199206,133411.196,1,Electricity Net Generation From Coal, All Sectors,Million Kilowatthours
CLETPUS,199207,153081.646,1,Electricity Net Generation From Coal, All Sectors,Million Kilowatthours
CLETPUS,199208,145957.289,1,Electricity Net Generation From Coal, All Sectors,Million Kilowatthours
CLETPUS,199209,137074.121,1,Electricity Net Generation From Coal, All Sectors,Million Kilowatthours
CLETPUS,199210,131730.799,1,Electricity Net Generation From Coal, All Sectors,Million Kilowatthours
CLETPUS,199211,129237.137,1,Electricity Net Generation From Coal, All Sectors,Million Kilowatthours
CLETPUS,199212,142076.174,1,Electricity Net Generation From Coal, All Sectors,Million Kilowatthours
CLETPUS,199213,1621206.039,1,Electricity Net Generation From Coal, All Sectors,Million Kilowatthours
CLETPUS,199301,142599.134,1,Electricity Net Generation From Coal, All Sectors,Million Kilowatthours
CLETPUS,199302,134109.412,1,Electricity Net Generation From Coal, All Sectors,Million Kilowatthours
CLETPUS,199303,140592.991,1,Electricity Net Generation From Coal, All Sectors,Million Kilowatthours
CLETPUS,199304,124275.274,1,Electricity Net Generation From Coal, All Sectors,Million Kilowatthours
CLETPUS,199305,124777.417,1,Electricity Net Generation From Coal, All Sectors,Million Kilowatthours
CLETPUS,199306,141785.177,1,Electricity Net Generation From Coal, All Sectors,Million Kilowatthours
CLETPUS,199307,163018.484,1,Electricity Net Generation From Coal, All Sectors,Million Kilowatthours
CLETPUS,199308,160903.125,1,Electricity Net Generation From Coal, All Sectors,Million Kilowatthours
CLETPUS,199309,138219.712,1,Electricity Net Generation From Coal, All Sectors,Million Kilowatthours
CLETPUS,199310,135141.229,1,Electricity Net Generation From Coal, All Sectors,Million Kilowatthours
CLETPUS,199311,136474.76,1,Electricity Net Generation From Coal, All Sectors,Million Kilowatthours
CLETPUS,199312,148173.517,1,Electricity Net Generation From Coal, All Sectors,Million Kilowatthours
CLETPUS,199313,1690070.232,1,Electricity Net Generation From Coal, All Sectors,Million Kilowatthours
CLETPUS,199401,157610.619,1,Electricity Net Generation From Coal, All Sectors,Million Kilowatthours
CLETPUS,199402,135521.483,1,Electricity Net Generation From Coal, All Sectors,Million Kilowatthours
CLETPUS,199403,138020.41,1,Electricity Net Generation From Coal, All Sectors,Million Kilowatthours
CLETPUS,199404,123992.011,1,Electricity Net Generation From Coal, All Sectors,Million Kilowatthours
CLETPUS,199405,130799.282,1,Electricity Net Generation From Coal, All Sectors,Million Kilowatthours
CLETPUS,199406,152297.287,1,Electricity Net Generation From Coal, All Sectors,Million Kilowatthours
CLETPUS,199407,157096.865,1,Electricity Net Generation From Coal, All Sectors,Million Kilowatthours
CLETPUS,199408,156436.879,1,Electricity Net Generation From Coal, All Sectors,Million Kilowatthours
CLETPUS,199409,136604.499,1,Electricity Net Generation From Coal, All Sectors,Million Kilowatthours
CLETPUS,199410,134182.723,1,Electricity Net Generation From Coal, All Sectors,Million Kilowatthours
CLETPUS,199411,127988.517,1,Electricity Net Generation From Coal, All Sectors,Million Kilowatthours
CLETPUS,199412,140143.288,1,Electricity Net Generation From Coal, All Sectors,Million Kilowatthours
CLETPUS,199413,1690693.864,1,Electricity Net Generation From Coal, All Sectors,Million Kilowatthours
CLETPUS,199501,147220.464,1,Electricity Net Generation From Coal, All Sectors,Million Kilowatthours
CLETPUS,199502,132900.242,1,Electricity Net Generation From Coal, All Sectors,Million Kilowatthours
CLETPUS,199503,131429.813,1,Electricity Net Generation From Coal, All Sectors,Million Kilowatthours
CLETPUS,199504,123075.938,1,Electricity Net Generation From Coal, All Sectors,Million Kilowatthours
CLETPUS,199505,130418.121,1,Electricity Net Generation From Coal, All Sectors,Million Kilowatthours
CLETPUS,199506,142845.57,1,Electricity Net Generation From Coal, All Sectors,Million Kilowatthours
CLETPUS,199507,163519.32,1,Electricity Net Generation From Coal, All Sectors,Million Kilowatthours
CLETPUS,199508,172128.181,1,Electricity Net Generation From Coal, All Sectors,Million Kilowatthours
CLETPUS,199509,139910.494,1,Electricity Net Generation From Coal, All Sectors,Million Kilowatthours
CLETPUS,199510,135947.424,1,Electricity Net Generation From Coal, All Sectors,Million Kilowatthours
CLETPUS,199511,138514.304,1,Electricity Net Generation From Coal, All Sectors,Million Kilowatthours
CLETPUS,199512,151516.596,1,Electricity Net Generation From Coal, All Sectors,Million Kilowatthours
CLETPUS,199513,1709426.468,1,Electricity Net Generation From Coal, All Sectors,Million Kilowatthours
CLETPUS,199601,157323.537,1,Electricity Net Generation From Coal, All Sectors,Million Kilowatthours
CLETPUS,199602,142053.138,1,Electricity Net Generation From Coal, All Sectors,Million Kilowatthours
CLETPUS,199603,143003.407,1,Electricity Net Generation From Coal, All Sectors,Million Kilowatthours
CLETPUS,199604,129580.8,1,Electricity Net Generation From Coal, All Sectors,Million Kilowatthours
CLETPUS,199605,138974.494,1,Electricity Net Generation From Coal, All Sectors,Million Kilowatthours
CLETPUS,199606,150947.294,1,Electricity Net Generation From Coal, All Sectors,Million Kilowatthours
CLETPUS,199607,163639.74,1,Electricity Net Generation From Coal, All Sectors,Million Kilowatthours
CLETPUS,199608,167075.001,1,Electricity Net Generation From Coal, All Sectors,Million Kilowatthours
CLETPUS,199609,147125.838,1,Electricity Net Generation From Coal, All Sectors,Million Kilowatthours
CLETPUS,199610,147467.719,1,Electricity Net Generation From Coal, All Sectors,Million Kilowatthours
CLETPUS,199611,150048.015,1,Electricity Net Generation From Coal, All Sectors,Million Kilowatthours
CLETPUS,199612,157956.61,1,Electricity Net Generation From Coal, All Sectors,Million Kilowatthours
CLETPUS,199613,1795195.593,1,Electricity Net Generation From Coal, All Sectors,Million Kilowatthours
CLETPUS,199701,166253.884,1,Electricity Net Generation From Coal, All Sectors,Million Kilowatthours
CLETPUS,199702,139411.673,1,Electricity Net Generation From Coal, All Sectors,Million Kilowatthours
CLETPUS,199703,142318.611,1,Electricity Net Generation From Coal, All Sectors,Million Kilowatthours
CLETPUS,199704,136166.77,1,Electricity Net Generation From Coal, All Sectors,Million Kilowatthours
CLETPUS,199705,140554.952,1,Electricity Net Generation From Coal, All Sectors,Million Kilowatthours
CLETPUS,199706,150747.51,1,Electricity Net Generation From Coal, All Sectors,Million Kilowatthours
CLETPUS,199707,172213.043,1,Electricity Net Generation From Coal, All Sectors,Million Kilowatthours
CLETPUS,199708,167540.145,1,Electricity Net Generation From Coal, All Sectors,Million Kilowatthours
CLETPUS,199709,156278.769,1,Electricity Net Generation From Coal, All Sectors,Million Kilowatthours
CLETPUS,199710,156902.377,1,Electricity Net Generation From Coal, All Sectors,Million Kilowatthours
CLETPUS,199711,150754.835,1,Electricity Net Generation From Coal, All Sectors,Million Kilowatthours
CLETPUS,199712,165873.168,1,Electricity Net Generation From Coal, All Sectors,Million Kilowatthours
CLETPUS,199713,1845015.736,1,Electricity Net Generation From Coal, All Sectors,Million Kilowatthours
CLETPUS,199801,162283.624,1,Electricity Net Generation From Coal, All Sectors,Million Kilowatthours
CLETPUS,199802,141543.723,1,Electricity Net Generation From Coal, All Sectors,Million Kilowatthours
CLETPUS,199803,149790.257,1,Electricity Net Generation From Coal, All Sectors,Million Kilowatthours
CLETPUS,199804,137324.321,1,Electricity Net Generation From Coal, All Sectors,Million Kilowatthours
CLETPUS,199805,150679.218,1,Electricity Net Generation From Coal, All Sectors,Million Kilowatthours
CLETPUS,199806,163107.639,1,Electricity Net Generation From Coal, All Sectors,Million Kilowatthours
CLETPUS,199807,178962.217,1,Electricity Net Generation From Coal, All Sectors,Million Kilowatthours
CLETPUS,199808,178504.985,1,Electricity Net Generation From Coal, All Sectors,Million Kilowatthours
CLETPUS,199809,160694.909,1,Electricity Net Generation From Coal, All Sectors,Million Kilowatthours
CLETPUS,199810,149853.817,1,Electricity Net Generation From Coal, All Sectors,Million Kilowatthours
CLETPUS,199811,143094.577,1,Electricity Net Generation From Coal, All Sectors,Million Kilowatthours
CLETPUS,199812,157676.402,1,Electricity Net Generation From Coal, All Sectors,Million Kilowatthours
CLETPUS,199813,1873515.69,1,Electricity Net Generation From Coal, All Sectors,Million Kilowatthours
CLETPUS,199901,164875.549,1,Electricity Net Generation From Coal, All Sectors,Million Kilowatthours
CLETPUS,199902,141731.078,1,Electricity Net Generation From Coal, All Sectors,Million Kilowatthours
CLETPUS,199903,150737.71,1,Electricity Net Generation From Coal, All Sectors,Million Kilowatthours
CLETPUS,199904,142214.22,1,Electricity Net Generation From Coal, All Sectors,Million Kilowatthours
CLETPUS,199905,148536.568,1,Electricity Net Generation From Coal, All Sectors,Million Kilowatthours
CLETPUS,199906,161781.572,1,Electricity Net Generation From Coal, All Sectors,Million Kilowatthours
CLETPUS,199907,183181.866,1,Electricity Net Generation From Coal, All Sectors,Million Kilowatthours
CLETPUS,199908,177326.788,1,Electricity Net Generation From Coal, All Sectors,Million Kilowatthours
CLETPUS,199909,158189.209,1,Electricity Net Generation From Coal, All Sectors,Million Kilowatthours
CLETPUS,199910,150773.584,1,Electricity Net Generation From Coal, All Sectors,Million Kilowatthours
CLETPUS,199911,144243.552,1,Electricity Net Generation From Coal, All Sectors,Million Kilowatthours
CLETPUS,199912,157495.528,1,Electricity Net Generation From Coal, All Sectors,Million Kilowatthours
CLETPUS,199913,1881087.224,1,Electricity Net Generation From Coal, All Sectors,Million Kilowatthours
CLETPUS,200001,178149.861,1,Electricity Net Generation From Coal, All Sectors,Million Kilowatthours
CLETPUS,200002,159302.963,1,Electricity Net Generation From Coal, All Sectors,Million Kilowatthours
CLETPUS,200003,156885.142,1,Electricity Net Generation From Coal, All Sectors,Million Kilowatthours
CLETPUS,200004,142133.022,1,Electricity Net Generation From Coal, All Sectors,Million Kilowatthours
CLETPUS,200005,155531.097,1,Electricity Net Generation From Coal, All Sectors,Million Kilowatthours
CLETPUS,200006,168867.552,1,Electricity Net Generation From Coal, All Sectors,Million Kilowatthours
CLETPUS,200007,174535.865,1,Electricity Net Generation From Coal, All Sectors,Million Kilowatthours
CLETPUS,200008,181461.803,1,Electricity Net Generation From Coal, All Sectors,Million Kilowatthours
CLETPUS,200009,162057.856,1,Electricity Net Generation From Coal, All Sectors,Million Kilowatthours
CLETPUS,200010,159132.19,1,Electricity Net Generation From Coal, All Sectors,Million Kilowatthours
CLETPUS,200011,155601.33,1,Electricity Net Generation From Coal, All Sectors,Million Kilowatthours
CLETPUS,200012,172605.915,1,Electricity Net Generation From Coal, All Sectors,Million Kilowatthours
CLETPUS,200013,1966264.596,1,Electricity Net Generation From Coal, All Sectors,Million Kilowatthours
CLETPUS,200101,177287.111,1,Electricity Net Generation From Coal, All Sectors,Million Kilowatthours
CLETPUS,200102,149735.484,1,Electricity Net Generation From Coal, All Sectors,Million Kilowatthours
CLETPUS,200103,155269.011,1,Electricity Net Generation From Coal, All Sectors,Million Kilowatthours
CLETPUS,200104,140670.654,1,Electricity Net Generation From Coal, All Sectors,Million Kilowatthours
CLETPUS,200105,151592.914,1,Electricity Net Generation From Coal, All Sectors,Million Kilowatthours
CLETPUS,200106,162615.804,1,Electricity Net Generation From Coal, All Sectors,Million Kilowatthours
CLETPUS,200107,179060.41,1,Electricity Net Generation From Coal, All Sectors,Million Kilowatthours
CLETPUS,200108,183116.073,1,Electricity Net Generation From Coal, All Sectors,Million Kilowatthours
CLETPUS,200109,154158.317,1,Electricity Net Generation From Coal, All Sectors,Million Kilowatthours
CLETPUS,200110,148930.816,1,Electricity Net Generation From Coal, All Sectors,Million Kilowatthours
CLETPUS,200111,144116.998,1,Electricity Net Generation From Coal, All Sectors,Million Kilowatthours
CLETPUS,200112,157402.35,1,Electricity Net Generation From Coal, All Sectors,Million Kilowatthours
CLETPUS,200113,1903955.942,1,Electricity Net Generation From Coal, All Sectors,Million Kilowatthours
CLETPUS,200201,164358.019,1,Electricity Net Generation From Coal, All Sectors,Million Kilowatthours
CLETPUS,200202,143048.821,1,Electricity Net Generation From Coal, All Sectors,Million Kilowatthours
CLETPUS,200203,151485.651,1,Electricity Net Generation From Coal, All Sectors,Million Kilowatthours
CLETPUS,200204,142304.594,1,Electricity Net Generation From Coal, All Sectors,Million Kilowatthours
CLETPUS,200205,151406.4,1,Electricity Net Generation From Coal, All Sectors,Million Kilowatthours
CLETPUS,200206,164667.696,1,Electricity Net Generation From Coal, All Sectors,Million Kilowatthours
CLETPUS,200207,183194.702,1,Electricity Net Generation From Coal, All Sectors,Million Kilowatthours
CLETPUS,200208,179955.447,1,Electricity Net Generation From Coal, All Sectors,Million Kilowatthours
CLETPUS,200209,165366.309,1,Electricity Net Generation From Coal, All Sectors,Million Kilowatthours
CLETPUS,200210,159099.295,1,Electricity Net Generation From Coal, All Sectors,Million Kilowatthours
CLETPUS,200211,156053.655,1,Electricity Net Generation From Coal, All Sectors,Million Kilowatthours
CLETPUS,200212,172189.765,1,Electricity Net Generation From Coal, All Sectors,Million Kilowatthours
CLETPUS,200213,1933130.354,1,Electricity Net Generation From Coal, All Sectors,Million Kilowatthours
CLETPUS,200301,181313.153,1,Electricity Net Generation From Coal, All Sectors,Million Kilowatthours
CLETPUS,200302,156982.482,1,Electricity Net Generation From Coal, All Sectors,Million Kilowatthours
CLETPUS,200303,155001.775,1,Electricity Net Generation From Coal, All Sectors,Million Kilowatthours
CLETPUS,200304,141959.981,1,Electricity Net Generation From Coal, All Sectors,Million Kilowatthours
CLETPUS,200305,150262.977,1,Electricity Net Generation From Coal, All Sectors,Million Kilowatthours
CLETPUS,200306,162284.631,1,Electricity Net Generation From Coal, All Sectors,Million Kilowatthours
CLETPUS,200307,181852.319,1,Electricity Net Generation From Coal, All Sectors,Million Kilowatthours
CLETPUS,200308,185331.824,1,Electricity Net Generation From Coal, All Sectors,Million Kilowatthours
CLETPUS,200309,164910.002,1,Electricity Net Generation From Coal, All Sectors,Million Kilowatthours
CLETPUS,200310,159322.942,1,Electricity Net Generation From Coal, All Sectors,Million Kilowatthours
CLETPUS,200311,158223.194,1,Electricity Net Generation From Coal, All Sectors,Million Kilowatthours
CLETPUS,200312,176291.472,1,Electricity Net Generation From Coal, All Sectors,Million Kilowatthours
CLETPUS,200313,1973736.752,1,Electricity Net Generation From Coal, All Sectors,Million Kilowatthours
CLETPUS,200401,180657.421,1,Electricity Net Generation From Coal, All Sectors,Million Kilowatthours
CLETPUS,200402,161503.092,1,Electricity Net Generation From Coal, All Sectors,Million Kilowatthours
CLETPUS,200403,154288.419,1,Electricity Net Generation From Coal, All Sectors,Million Kilowatthours
CLETPUS,200404,141470.956,1,Electricity Net Generation From Coal, All Sectors,Million Kilowatthours
CLETPUS,200405,157016.377,1,Electricity Net Generation From Coal, All Sectors,Million Kilowatthours
CLETPUS,200406,167641.906,1,Electricity Net Generation From Coal, All Sectors,Million Kilowatthours
CLETPUS,200407,181491.821,1,Electricity Net Generation From Coal, All Sectors,Million Kilowatthours
CLETPUS,200408,178181.343,1,Electricity Net Generation From Coal, All Sectors,Million Kilowatthours
CLETPUS,200409,164252.923,1,Electricity Net Generation From Coal, All Sectors,Million Kilowatthours
CLETPUS,200410,157605.095,1,Electricity Net Generation From Coal, All Sectors,Million Kilowatthours
CLETPUS,200411,157435.994,1,Electricity Net Generation From Coal, All Sectors,Million Kilowatthours
CLETPUS,200412,176755.201,1,Electricity Net Generation From Coal, All Sectors,Million Kilowatthours
CLETPUS,200413,1978300.549,1,Electricity Net Generation From Coal, All Sectors,Million Kilowatthours
CLETPUS,200501,177013.907,1,Electricity Net Generation From Coal, All Sectors,Million Kilowatthours
CLETPUS,200502,155818.014,1,Electricity Net Generation From Coal, All Sectors,Million Kilowatthours
CLETPUS,200503,163612.7,1,Electricity Net Generation From Coal, All Sectors,Million Kilowatthours
CLETPUS,200504,143083.239,1,Electricity Net Generation From Coal, All Sectors,Million Kilowatthours
CLETPUS,200505,153957.962,1,Electricity Net Generation From Coal, All Sectors,Million Kilowatthours
CLETPUS,200506,174866.997,1,Electricity Net Generation From Coal, All Sectors,Million Kilowatthours
CLETPUS,200507,186090.757,1,Electricity Net Generation From Coal, All Sectors,Million Kilowatthours
CLETPUS,200508,187573.754,1,Electricity Net Generation From Coal, All Sectors,Million Kilowatthours
CLETPUS,200509,171656.215,1,Electricity Net Generation From Coal, All Sectors,Million Kilowatthours
CLETPUS,200510,162436.793,1,Electricity Net Generation From Coal, All Sectors,Million Kilowatthours
CLETPUS,200511,158797.527,1,Electricity Net Generation From Coal, All Sectors,Million Kilowatthours
CLETPUS,200512,177965.18,1,Electricity Net Generation From Coal, All Sectors,Million Kilowatthours
CLETPUS,200513,2012873.046,1,Electricity Net Generation From Coal, All Sectors,Million Kilowatthours
CLETPUS,200601,169236.081,1,Electricity Net Generation From Coal, All Sectors,Million Kilowatthours
CLETPUS,200602,158616.189,1,Electricity Net Generation From Coal, All Sectors,Million Kilowatthours
CLETPUS,200603,161325.115,1,Electricity Net Generation From Coal, All Sectors,Million Kilowatthours
CLETPUS,200604,141426.234,1,Electricity Net Generation From Coal, All Sectors,Million Kilowatthours
CLETPUS,200605,157009.755,1,Electricity Net Generation From Coal, All Sectors,Million Kilowatthours
CLETPUS,200606,169693.478,1,Electricity Net Generation From Coal, All Sectors,Million Kilowatthours
CLETPUS,200607,187820.872,1,Electricity Net Generation From Coal, All Sectors,Million Kilowatthours
CLETPUS,200608,189454.93,1,Electricity Net Generation From Coal, All Sectors,Million Kilowatthours
CLETPUS,200609,161590.354,1,Electricity Net Generation From Coal, All Sectors,Million Kilowatthours
CLETPUS,200610,161389.659,1,Electricity Net Generation From Coal, All Sectors,Million Kilowatthours
CLETPUS,200611,159439.517,1,Electricity Net Generation From Coal, All Sectors,Million Kilowatthours
CLETPUS,200612,173508.951,1,Electricity Net Generation From Coal, All Sectors,Million Kilowatthours
CLETPUS,200613,1990511.135,1,Electricity Net Generation From Coal, All Sectors,Million Kilowatthours
CLETPUS,200701,175739.438,1,Electricity Net Generation From Coal, All Sectors,Million Kilowatthours
CLETPUS,200702,163602.813,1,Electricity Net Generation From Coal, All Sectors,Million Kilowatthours
CLETPUS,200703,159811.074,1,Electricity Net Generation From Coal, All Sectors,Million Kilowatthours
CLETPUS,200704,146249.541,1,Electricity Net Generation From Coal, All Sectors,Million Kilowatthours
CLETPUS,200705,157513.281,1,Electricity Net Generation From Coal, All Sectors,Million Kilowatthours
CLETPUS,200706,173512.884,1,Electricity Net Generation From Coal, All Sectors,Million Kilowatthours
CLETPUS,200707,185053.788,1,Electricity Net Generation From Coal, All Sectors,Million Kilowatthours
CLETPUS,200708,190134.816,1,Electricity Net Generation From Coal, All Sectors,Million Kilowatthours
CLETPUS,200709,169391.273,1,Electricity Net Generation From Coal, All Sectors,Million Kilowatthours
CLETPUS,200710,162234.356,1,Electricity Net Generation From Coal, All Sectors,Million Kilowatthours
CLETPUS,200711,159382.455,1,Electricity Net Generation From Coal, All Sectors,Million Kilowatthours
CLETPUS,200712,173829.866,1,Electricity Net Generation From Coal, All Sectors,Million Kilowatthours
CLETPUS,200713,2016455.584,1,Electricity Net Generation From Coal, All Sectors,Million Kilowatthours
CLETPUS,200801,182875.504,1,Electricity Net Generation From Coal, All Sectors,Million Kilowatthours
CLETPUS,200802,166666.355,1,Electricity Net Generation From Coal, All Sectors,Million Kilowatthours
CLETPUS,200803,160743.243,1,Electricity Net Generation From Coal, All Sectors,Million Kilowatthours
CLETPUS,200804,146983.024,1,Electricity Net Generation From Coal, All Sectors,Million Kilowatthours
CLETPUS,200805,154915.901,1,Electricity Net Generation From Coal, All Sectors,Million Kilowatthours
CLETPUS,200806,171043.279,1,Electricity Net Generation From Coal, All Sectors,Million Kilowatthours
CLETPUS,200807,186733.456,1,Electricity Net Generation From Coal, All Sectors,Million Kilowatthours
CLETPUS,200808,180576.493,1,Electricity Net Generation From Coal, All Sectors,Million Kilowatthours
CLETPUS,200809,161356.347,1,Electricity Net Generation From Coal, All Sectors,Million Kilowatthours
CLETPUS,200810,151840.715,1,Electricity Net Generation From Coal, All Sectors,Million Kilowatthours
CLETPUS,200811,154281.198,1,Electricity Net Generation From Coal, All Sectors,Million Kilowatthours
CLETPUS,200812,167785.73,1,Electricity Net Generation From Coal, All Sectors,Million Kilowatthours
CLETPUS,200813,1985801.247,1,Electricity Net Generation From Coal, All Sectors,Million Kilowatthours
CLETPUS,200901,171925.15,1,Electricity Net Generation From Coal, All Sectors,Million Kilowatthours
CLETPUS,200902,140915.785,1,Electricity Net Generation From Coal, All Sectors,Million Kilowatthours
CLETPUS,200903,135530.328,1,Electricity Net Generation From Coal, All Sectors,Million Kilowatthours
CLETPUS,200904,125934.973,1,Electricity Net Generation From Coal, All Sectors,Million Kilowatthours
CLETPUS,200905,131673.058,1,Electricity Net Generation From Coal, All Sectors,Million Kilowatthours
CLETPUS,200906,148086.771,1,Electricity Net Generation From Coal, All Sectors,Million Kilowatthours
CLETPUS,200907,158233.869,1,Electricity Net Generation From Coal, All Sectors,Million Kilowatthours
CLETPUS,200908,163260.483,1,Electricity Net Generation From Coal, All Sectors,Million Kilowatthours
CLETPUS,200909,137144.648,1,Electricity Net Generation From Coal, All Sectors,Million Kilowatthours
CLETPUS,200910,139955.577,1,Electricity Net Generation From Coal, All Sectors,Million Kilowatthours
CLETPUS,200911,136809.575,1,Electricity Net Generation From Coal, All Sectors,Million Kilowatthours
CLETPUS,200912,166434.036,1,Electricity Net Generation From Coal, All Sectors,Million Kilowatthours
CLETPUS,200913,1755904.253,1,Electricity Net Generation From Coal, All Sectors,Million Kilowatthours
CLETPUS,201001,173320.161,1,Electricity Net Generation From Coal, All Sectors,Million Kilowatthours
CLETPUS,201002,153044.159,1,Electricity Net Generation From Coal, All Sectors,Million Kilowatthours
CLETPUS,201003,144405.633,1,Electricity Net Generation From Coal, All Sectors,Million Kilowatthours
CLETPUS,201004,126951.885,1,Electricity Net Generation From Coal, All Sectors,Million Kilowatthours
CLETPUS,201005,143272.494,1,Electricity Net Generation From Coal, All Sectors,Million Kilowatthours
CLETPUS,201006,165491.489,1,Electricity Net Generation From Coal, All Sectors,Million Kilowatthours
CLETPUS,201007,179600.499,1,Electricity Net Generation From Coal, All Sectors,Million Kilowatthours
CLETPUS,201008,177745.32,1,Electricity Net Generation From Coal, All Sectors,Million Kilowatthours
CLETPUS,201009,148745.672,1,Electricity Net Generation From Coal, All Sectors,Million Kilowatthours
CLETPUS,201010,132269.835,1,Electricity Net Generation From Coal, All Sectors,Million Kilowatthours
CLETPUS,201011,135185.045,1,Electricity Net Generation From Coal, All Sectors,Million Kilowatthours
CLETPUS,201012,167258.086,1,Electricity Net Generation From Coal, All Sectors,Million Kilowatthours
CLETPUS,201013,1847290.279,1,Electricity Net Generation From Coal, All Sectors,Million Kilowatthours
CLETPUS,201101,170802.679,1,Electricity Net Generation From Coal, All Sectors,Million Kilowatthours
CLETPUS,201102,138311.157,1,Electricity Net Generation From Coal, All Sectors,Million Kilowatthours
CLETPUS,201103,134845.231,1,Electricity Net Generation From Coal, All Sectors,Million Kilowatthours
CLETPUS,201104,124488.257,1,Electricity Net Generation From Coal, All Sectors,Million Kilowatthours
CLETPUS,201105,137101.565,1,Electricity Net Generation From Coal, All Sectors,Million Kilowatthours
CLETPUS,201106,158055.213,1,Electricity Net Generation From Coal, All Sectors,Million Kilowatthours
CLETPUS,201107,176585.82,1,Electricity Net Generation From Coal, All Sectors,Million Kilowatthours
CLETPUS,201108,171280.534,1,Electricity Net Generation From Coal, All Sectors,Million Kilowatthours
CLETPUS,201109,140941.149,1,Electricity Net Generation From Coal, All Sectors,Million Kilowatthours
CLETPUS,201110,126626.973,1,Electricity Net Generation From Coal, All Sectors,Million Kilowatthours
CLETPUS,201111,121462.711,1,Electricity Net Generation From Coal, All Sectors,Million Kilowatthours
CLETPUS,201112,132928.716,1,Electricity Net Generation From Coal, All Sectors,Million Kilowatthours
CLETPUS,201113,1733430.005,1,Electricity Net Generation From Coal, All Sectors,Million Kilowatthours
CLETPUS,201201,129090.99,1,Electricity Net Generation From Coal, All Sectors,Million Kilowatthours
CLETPUS,201202,113872.047,1,Electricity Net Generation From Coal, All Sectors,Million Kilowatthours
CLETPUS,201203,105525.547,1,Electricity Net Generation From Coal, All Sectors,Million Kilowatthours
CLETPUS,201204,96285.441,1,Electricity Net Generation From Coal, All Sectors,Million Kilowatthours
CLETPUS,201205,115982.647,1,Electricity Net Generation From Coal, All Sectors,Million Kilowatthours
CLETPUS,201206,131261.036,1,Electricity Net Generation From Coal, All Sectors,Million Kilowatthours
CLETPUS,201207,160450.263,1,Electricity Net Generation From Coal, All Sectors,Million Kilowatthours
CLETPUS,201208,152181.055,1,Electricity Net Generation From Coal, All Sectors,Million Kilowatthours
CLETPUS,201209,125588.608,1,Electricity Net Generation From Coal, All Sectors,Million Kilowatthours
CLETPUS,201210,120999.339,1,Electricity Net Generation From Coal, All Sectors,Million Kilowatthours
CLETPUS,201211,128727.066,1,Electricity Net Generation From Coal, All Sectors,Million Kilowatthours
CLETPUS,201212,134078.908,1,Electricity Net Generation From Coal, All Sectors,Million Kilowatthours
CLETPUS,201213,1514042.945,1,Electricity Net Generation From Coal, All Sectors,Million Kilowatthours
CLETPUS,201301,138104.821,1,Electricity Net Generation From Coal, All Sectors,Million Kilowatthours
CLETPUS,201302,123546.805,1,Electricity Net Generation From Coal, All Sectors,Million Kilowatthours
CLETPUS,201303,130633.56,1,Electricity Net Generation From Coal, All Sectors,Million Kilowatthours
CLETPUS,201304,111834.683,1,Electricity Net Generation From Coal, All Sectors,Million Kilowatthours
CLETPUS,201305,119512.5,1,Electricity Net Generation From Coal, All Sectors,Million Kilowatthours
CLETPUS,201306,138283.216,1,Electricity Net Generation From Coal, All Sectors,Million Kilowatthours
CLETPUS,201307,152866.853,1,Electricity Net Generation From Coal, All Sectors,Million Kilowatthours
CLETPUS,201308,149426.053,1,Electricity Net Generation From Coal, All Sectors,Million Kilowatthours
CLETPUS,201309,133110.437,1,Electricity Net Generation From Coal, All Sectors,Million Kilowatthours
CLETPUS,201310,120996.393,1,Electricity Net Generation From Coal, All Sectors,Million Kilowatthours
CLETPUS,201311,120939.73,1,Electricity Net Generation From Coal, All Sectors,Million Kilowatthours
CLETPUS,201312,141859.665,1,Electricity Net Generation From Coal, All Sectors,Million Kilowatthours
CLETPUS,201313,1581114.716,1,Electricity Net Generation From Coal, All Sectors,Million Kilowatthours
CLETPUS,201401,157097.369,1,Electricity Net Generation From Coal, All Sectors,Million Kilowatthours
CLETPUS,201402,143294.487,1,Electricity Net Generation From Coal, All Sectors,Million Kilowatthours
CLETPUS,201403,136442.601,1,Electricity Net Generation From Coal, All Sectors,Million Kilowatthours
CLETPUS,201404,109280.592,1,Electricity Net Generation From Coal, All Sectors,Million Kilowatthours
CLETPUS,201405,118785.801,1,Electricity Net Generation From Coal, All Sectors,Million Kilowatthours
CLETPUS,201406,137576.922,1,Electricity Net Generation From Coal, All Sectors,Million Kilowatthours
CLETPUS,201407,149627.058,1,Electricity Net Generation From Coal, All Sectors,Million Kilowatthours
CLETPUS,201408,148451.623,1,Electricity Net Generation From Coal, All Sectors,Million Kilowatthours
CLETPUS,201409,126110.385,1,Electricity Net Generation From Coal, All Sectors,Million Kilowatthours
CLETPUS,201410,111295.958,1,Electricity Net Generation From Coal, All Sectors,Million Kilowatthours
CLETPUS,201411,119127.439,1,Electricity Net Generation From Coal, All Sectors,Million Kilowatthours
CLETPUS,201412,124620.116,1,Electricity Net Generation From Coal, All Sectors,Million Kilowatthours
CLETPUS,201413,1581710.35,1,Electricity Net Generation From Coal, All Sectors,Million Kilowatthours
CLETPUS,201501,132450.521,1,Electricity Net Generation From Coal, All Sectors,Million Kilowatthours
CLETPUS,201502,126976.832,1,Electricity Net Generation From Coal, All Sectors,Million Kilowatthours
CLETPUS,201503,108487.539,1,Electricity Net Generation From Coal, All Sectors,Million Kilowatthours
CLETPUS,201504,88989.143,1,Electricity Net Generation From Coal, All Sectors,Million Kilowatthours
CLETPUS,201505,104584.527,1,Electricity Net Generation From Coal, All Sectors,Million Kilowatthours
CLETPUS,201506,125673.114,1,Electricity Net Generation From Coal, All Sectors,Million Kilowatthours
CLETPUS,201507,139099.869,1,Electricity Net Generation From Coal, All Sectors,Million Kilowatthours
CLETPUS,201508,134670.309,1,Electricity Net Generation From Coal, All Sectors,Million Kilowatthours
CLETPUS,201509,117985.632,1,Electricity Net Generation From Coal, All Sectors,Million Kilowatthours
CLETPUS,201510,96758.504,1,Electricity Net Generation From Coal, All Sectors,Million Kilowatthours
CLETPUS,201511,87227.136,1,Electricity Net Generation From Coal, All Sectors,Million Kilowatthours
CLETPUS,201512,89495.073,1,Electricity Net Generation From Coal, All Sectors,Million Kilowatthours
CLETPUS,201513,1352398.197,1,Electricity Net Generation From Coal, All Sectors,Million Kilowatthours
CLETPUS,201601,113459.38,1,Electricity Net Generation From Coal, All Sectors,Million Kilowatthours
CLETPUS,201602,92704.808,1,Electricity Net Generation From Coal, All Sectors,Million Kilowatthours
CLETPUS,201603,72172.527,1,Electricity Net Generation From Coal, All Sectors,Million Kilowatthours
CLETPUS,201604,72112.862,1,Electricity Net Generation From Coal, All Sectors,Million Kilowatthours
CLETPUS,201605,81694.51,1,Electricity Net Generation From Coal, All Sectors,Million Kilowatthours
CLETPUS,201606,116034.384,1,Electricity Net Generation From Coal, All Sectors,Million Kilowatthours
CLETPUS,201607,136316.434,1,Electricity Net Generation From Coal, All Sectors,Million Kilowatthours
CLETPUS,201608,135634.733,1,Electricity Net Generation From Coal, All Sectors,Million Kilowatthours
CLETPUS,201609,114137.768,1,Electricity Net Generation From Coal, All Sectors,Million Kilowatthours
CLETPUS,201610,99193.944,1,Electricity Net Generation From Coal, All Sectors,Million Kilowatthours
CLETPUS,201611,86940.462,1,Electricity Net Generation From Coal, All Sectors,Million Kilowatthours
CLETPUS,201612,118746.842,1,Electricity Net Generation From Coal, All Sectors,Million Kilowatthours
CLETPUS,201613,1239148.654,1,Electricity Net Generation From Coal, All Sectors,Million Kilowatthours
CLETPUS,201701,115332.808,1,Electricity Net Generation From Coal, All Sectors,Million Kilowatthours
CLETPUS,201702,86822.19,1,Electricity Net Generation From Coal, All Sectors,Million Kilowatthours
CLETPUS,201703,89364.62,1,Electricity Net Generation From Coal, All Sectors,Million Kilowatthours
CLETPUS,201704,81335.313,1,Electricity Net Generation From Coal, All Sectors,Million Kilowatthours
CLETPUS,201705,92776.541,1,Electricity Net Generation From Coal, All Sectors,Million Kilowatthours
CLETPUS,201706,107508.322,1,Electricity Net Generation From Coal, All Sectors,Million Kilowatthours
CLETPUS,201707,127697.82,1,Electricity Net Generation From Coal, All Sectors,Million Kilowatthours
CLETPUS,201708,119488.385,1,Electricity Net Generation From Coal, All Sectors,Million Kilowatthours
CLETPUS,201709,98202.046,1,Electricity Net Generation From Coal, All Sectors,Million Kilowatthours
CLETPUS,201710,89775.524,1,Electricity Net Generation From Coal, All Sectors,Million Kilowatthours
CLETPUS,201711,90986.339,1,Electricity Net Generation From Coal, All Sectors,Million Kilowatthours
CLETPUS,201712,106545.367,1,Electricity Net Generation From Coal, All Sectors,Million Kilowatthours
CLETPUS,201713,1205835.276,1,Electricity Net Generation From Coal, All Sectors,Million Kilowatthours
CLETPUS,201801,119284.115,1,Electricity Net Generation From Coal, All Sectors,Million Kilowatthours
CLETPUS,201802,82050.182,1,Electricity Net Generation From Coal, All Sectors,Million Kilowatthours
CLETPUS,201803,80625.663,1,Electricity Net Generation From Coal, All Sectors,Million Kilowatthours
CLETPUS,201804,73346.006,1,Electricity Net Generation From Coal, All Sectors,Million Kilowatthours
CLETPUS,201805,85227.3,1,Electricity Net Generation From Coal, All Sectors,Million Kilowatthours
CLETPUS,201806,101503.427,1,Electricity Net Generation From Coal, All Sectors,Million Kilowatthours
CLETPUS,201807,115376.376,1,Electricity Net Generation From Coal, All Sectors,Million Kilowatthours
CLETPUS,201808,115129.456,1,Electricity Net Generation From Coal, All Sectors,Million Kilowatthours
CLETPUS,201809,96543.992,1,Electricity Net Generation From Coal, All Sectors,Million Kilowatthours
CLETPUS,201810,87263.627,1,Electricity Net Generation From Coal, All Sectors,Million Kilowatthours
CLETPUS,201811,92818.594,1,Electricity Net Generation From Coal, All Sectors,Million Kilowatthours
CLETPUS,201812,100318.6,1,Electricity Net Generation From Coal, All Sectors,Million Kilowatthours
CLETPUS,201813,1149487.339,1,Electricity Net Generation From Coal, All Sectors,Million Kilowatthours
CLETPUS,201901,100904.704,1,Electricity Net Generation From Coal, All Sectors,Million Kilowatthours
CLETPUS,201902,79929.409,1,Electricity Net Generation From Coal, All Sectors,Million Kilowatthours
CLETPUS,201903,78351.62,1,Electricity Net Generation From Coal, All Sectors,Million Kilowatthours
CLETPUS,201904,59922.46,1,Electricity Net Generation From Coal, All Sectors,Million Kilowatthours
CLETPUS,201905,71884.625,1,Electricity Net Generation From Coal, All Sectors,Million Kilowatthours
CLETPUS,201906,78539.504,1,Electricity Net Generation From Coal, All Sectors,Million Kilowatthours
CLETPUS,201907,100770.785,1,Electricity Net Generation From Coal, All Sectors,Million Kilowatthours
CLETPUS,201908,94039.706,1,Electricity Net Generation From Coal, All Sectors,Million Kilowatthours
CLETPUS,201909,85706.692,1,Electricity Net Generation From Coal, All Sectors,Million Kilowatthours
CLETPUS,201910,66777.231,1,Electricity Net Generation From Coal, All Sectors,Million Kilowatthours
CLETPUS,201911,75549.339,1,Electricity Net Generation From Coal, All Sectors,Million Kilowatthours
CLETPUS,201912,72580.736,1,Electricity Net Generation From Coal, All Sectors,Million Kilowatthours
CLETPUS,201913,964956.812,1,Electricity Net Generation From Coal, All Sectors,Million Kilowatthours
CLETPUS,202001,65139.759,1,Electricity Net Generation From Coal, All Sectors,Million Kilowatthours
CLETPUS,202002,56201.468,1,Electricity Net Generation From Coal, All Sectors,Million Kilowatthours
CLETPUS,202003,50730.628,1,Electricity Net Generation From Coal, All Sectors,Million Kilowatthours
CLETPUS,202004,40675.202,1,Electricity Net Generation From Coal, All Sectors,Million Kilowatthours
CLETPUS,202005,46526.626,1,Electricity Net Generation From Coal, All Sectors,Million Kilowatthours
CLETPUS,202006,65283.17,1,Electricity Net Generation From Coal, All Sectors,Million Kilowatthours
CLETPUS,202007,89709.483,1,Electricity Net Generation From Coal, All Sectors,Million Kilowatthours
CLETPUS,202008,91145.411,1,Electricity Net Generation From Coal, All Sectors,Million Kilowatthours
CLETPUS,202009,68406.745,1,Electricity Net Generation From Coal, All Sectors,Million Kilowatthours
CLETPUS,202010,59804.589,1,Electricity Net Generation From Coal, All Sectors,Million Kilowatthours
CLETPUS,202011,61182.186,1,Electricity Net Generation From Coal, All Sectors,Million Kilowatthours
CLETPUS,202012,78587.629,1,Electricity Net Generation From Coal, All Sectors,Million Kilowatthours
CLETPUS,202013,773392.897,1,Electricity Net Generation From Coal, All Sectors,Million Kilowatthours
CLETPUS,202101,81239.779,1,Electricity Net Generation From Coal, All Sectors,Million Kilowatthours
CLETPUS,202102,87470.5,1,Electricity Net Generation From Coal, All Sectors,Million Kilowatthours
CLETPUS,202103,61903.964,1,Electricity Net Generation From Coal, All Sectors,Million Kilowatthours
CLETPUS,202104,53956.134,1,Electricity Net Generation From Coal, All Sectors,Million Kilowatthours
CLETPUS,202105,63872.72,1,Electricity Net Generation From Coal, All Sectors,Million Kilowatthours
CLETPUS,202106,87264.602,1,Electricity Net Generation From Coal, All Sectors,Million Kilowatthours
CLETPUS,202107,101536.537,1,Electricity Net Generation From Coal, All Sectors,Million Kilowatthours
CLETPUS,202108,101854.599,1,Electricity Net Generation From Coal, All Sectors,Million Kilowatthours
CLETPUS,202109,78876.84,1,Electricity Net Generation From Coal, All Sectors,Million Kilowatthours
CLETPUS,202110,62572.143,1,Electricity Net Generation From Coal, All Sectors,Million Kilowatthours
CLETPUS,202111,57312.865,1,Electricity Net Generation From Coal, All Sectors,Million Kilowatthours
CLETPUS,202112,60024.596,1,Electricity Net Generation From Coal, All Sectors,Million Kilowatthours
CLETPUS,202113,897885.278,1,Electricity Net Generation From Coal, All Sectors,Million Kilowatthours
CLETPUS,202201,87471.282,1,Electricity Net Generation From Coal, All Sectors,Million Kilowatthours
CLETPUS,202202,70735.403,1,Electricity Net Generation From Coal, All Sectors,Million Kilowatthours
CLETPUS,202203,60731.898,1,Electricity Net Generation From Coal, All Sectors,Million Kilowatthours
CLETPUS,202204,55016.539,1,Electricity Net Generation From Coal, All Sectors,Million Kilowatthours
CLETPUS,202205,62214.461,1,Electricity Net Generation From Coal, All Sectors,Million Kilowatthours
CLETPUS,202206,73297.125,1,Electricity Net Generation From Coal, All Sectors,Million Kilowatthours
CLETPUS,202207,86238.103,1,Electricity Net Generation From Coal, All Sectors,Million Kilowatthours
CLETPUS,202208,84984.677,1,Electricity Net Generation From Coal, All Sectors,Million Kilowatthours
CLETPUS,202209,64801.605,1,Electricity Net Generation From Coal, All Sectors,Million Kilowatthours
CLETPUS,202210,54048.626,1,Electricity Net Generation From Coal, All Sectors,Million Kilowatthours
CLETPUS,202211,56169.849,1,Electricity Net Generation From Coal, All Sectors,Million Kilowatthours
