GEETPUS,194913,Not Available,10,Electricity Net Generation From Geothermal, All Sectors,Million Kilowatthours
GEETPUS,195013,Not Available,10,Electricity Net Generation From Geothermal, All Sectors,Million Kilowatthours
GEETPUS,195113,Not Available,10,Electricity Net Generation From Geothermal, All Sectors,Million Kilowatthours
GEETPUS,195213,Not Available,10,Electricity Net Generation From Geothermal, All Sectors,Million Kilowatthours
GEETPUS,195313,Not Available,10,Electricity Net Generation From Geothermal, All Sectors,Million Kilowatthours
GEETPUS,195413,Not Available,10,Electricity Net Generation From Geothermal, All Sectors,Million Kilowatthours
GEETPUS,195513,Not Available,10,Electricity Net Generation From Geothermal, All Sectors,Million Kilowatthours
GEETPUS,195613,Not Available,10,Electricity Net Generation From Geothermal, All Sectors,Million Kilowatthours
GEETPUS,195713,Not Available,10,Electricity Net Generation From Geothermal, All Sectors,Million Kilowatthours
GEETPUS,195813,Not Available,10,Electricity Net Generation From Geothermal, All Sectors,Million Kilowatthours
GEETPUS,195913,Not Available,10,Electricity Net Generation From Geothermal, All Sectors,Million Kilowatthours
GEETPUS,196013,33.368,10,Electricity Net Generation From Geothermal, All Sectors,Million Kilowatthours
GEETPUS,196113,94.021,10,Electricity Net Generation From Geothermal, All Sectors,Million Kilowatthours
GEETPUS,196213,100.462,10,Electricity Net Generation From Geothermal, All Sectors,Million Kilowatthours
GEETPUS,196313,167.953,10,Electricity Net Generation From Geothermal, All Sectors,Million Kilowatthours
GEETPUS,196413,203.791,10,Electricity Net Generation From Geothermal, All Sectors,Million Kilowatthours
GEETPUS,196513,189.214,10,Electricity Net Generation From Geothermal, All Sectors,Million Kilowatthours
GEETPUS,196613,187.988,10,Electricity Net Generation From Geothermal, All Sectors,Million Kilowatthours
GEETPUS,196713,316.309,10,Electricity Net Generation From Geothermal, All Sectors,Million Kilowatthours
GEETPUS,196813,435.826,10,Electricity Net Generation From Geothermal, All Sectors,Million Kilowatthours
GEETPUS,196913,614.71,10,Electricity Net Generation From Geothermal, All Sectors,Million Kilowatthours
GEETPUS,197013,525.183,10,Electricity Net Generation From Geothermal, All Sectors,Million Kilowatthours
GEETPUS,197113,547.752,10,Electricity Net Generation From Geothermal, All Sectors,Million Kilowatthours
GEETPUS,197213,1452.795,10,Electricity Net Generation From Geothermal, All Sectors,Million Kilowatthours
GEETPUS,197301,143.49,10,Electricity Net Generation From Geothermal, All Sectors,Million Kilowatthours
GEETPUS,197302,131.171,10,Electricity Net Generation From Geothermal, All Sectors,Million Kilowatthours
GEETPUS,197303,135.938,10,Electricity Net Generation From Geothermal, All Sectors,Million Kilowatthours
GEETPUS,197304,158.705,10,Electricity Net Generation From Geothermal, All Sectors,Million Kilowatthours
GEETPUS,197305,147.965,10,Electricity Net Generation From Geothermal, All Sectors,Million Kilowatthours
GEETPUS,197306,169.654,10,Electricity Net Generation From Geothermal, All Sectors,Million Kilowatthours
GEETPUS,197307,179.895,10,Electricity Net Generation From Geothermal, All Sectors,Million Kilowatthours
GEETPUS,197308,169.592,10,Electricity Net Generation From Geothermal, All Sectors,Million Kilowatthours
GEETPUS,197309,143.622,10,Electricity Net Generation From Geothermal, All Sectors,Million Kilowatthours
GEETPUS,197310,169.452,10,Electricity Net Generation From Geothermal, All Sectors,Million Kilowatthours
GEETPUS,197311,181.805,10,Electricity Net Generation From Geothermal, All Sectors,Million Kilowatthours
GEETPUS,197312,234.424,10,Electricity Net Generation From Geothermal, All Sectors,Million Kilowatthours
GEETPUS,197313,1965.713,10,Electricity Net Generation From Geothermal, All Sectors,Million Kilowatthours
GEETPUS,197401,206.282,10,Electricity Net Generation From Geothermal, All Sectors,Million Kilowatthours
GEETPUS,197402,182.051,10,Electricity Net Generation From Geothermal, All Sectors,Million Kilowatthours
GEETPUS,197403,207.322,10,Electricity Net Generation From Geothermal, All Sectors,Million Kilowatthours
GEETPUS,197404,195.253,10,Electricity Net Generation From Geothermal, All Sectors,Million Kilowatthours
GEETPUS,197405,195.399,10,Electricity Net Generation From Geothermal, All Sectors,Million Kilowatthours
GEETPUS,197406,189.133,10,Electricity Net Generation From Geothermal, All Sectors,Million Kilowatthours
GEETPUS,197407,209.804,10,Electricity Net Generation From Geothermal, All Sectors,Million Kilowatthours
GEETPUS,197408,207.135,10,Electricity Net Generation From Geothermal, All Sectors,Million Kilowatthours
GEETPUS,197409,191.428,10,Electricity Net Generation From Geothermal, All Sectors,Million Kilowatthours
GEETPUS,197410,194.383,10,Electricity Net Generation From Geothermal, All Sectors,Million Kilowatthours
GEETPUS,197411,231.149,10,Electricity Net Generation From Geothermal, All Sectors,Million Kilowatthours
GEETPUS,197412,243.295,10,Electricity Net Generation From Geothermal, All Sectors,Million Kilowatthours
GEETPUS,197413,2452.636,10,Electricity Net Generation From Geothermal, All Sectors,Million Kilowatthours
GEETPUS,197501,203.434,10,Electricity Net Generation From Geothermal, All Sectors,Million Kilowatthours
GEETPUS,197502,193.978,10,Electricity Net Generation From Geothermal, All Sectors,Million Kilowatthours
GEETPUS,197503,218.817,10,Electricity Net Generation From Geothermal, All Sectors,Million Kilowatthours
GEETPUS,197504,219.194,10,Electricity Net Generation From Geothermal, All Sectors,Million Kilowatthours
GEETPUS,197505,237.853,10,Electricity Net Generation From Geothermal, All Sectors,Million Kilowatthours
GEETPUS,197506,295.063,10,Electricity Net Generation From Geothermal, All Sectors,Million Kilowatthours
GEETPUS,197507,297.005,10,Electricity Net Generation From Geothermal, All Sectors,Million Kilowatthours
GEETPUS,197508,322.05,10,Electricity Net Generation From Geothermal, All Sectors,Million Kilowatthours
GEETPUS,197509,283.868,10,Electricity Net Generation From Geothermal, All Sectors,Million Kilowatthours
GEETPUS,197510,327.31,10,Electricity Net Generation From Geothermal, All Sectors,Million Kilowatthours
GEETPUS,197511,318.052,10,Electricity Net Generation From Geothermal, All Sectors,Million Kilowatthours
GEETPUS,197512,329.548,10,Electricity Net Generation From Geothermal, All Sectors,Million Kilowatthours
GEETPUS,197513,3246.172,10,Electricity Net Generation From Geothermal, All Sectors,Million Kilowatthours
GEETPUS,197601,328.068,10,Electricity Net Generation From Geothermal, All Sectors,Million Kilowatthours
GEETPUS,197602,308.483,10,Electricity Net Generation From Geothermal, All Sectors,Million Kilowatthours
GEETPUS,197603,330.3,10,Electricity Net Generation From Geothermal, All Sectors,Million Kilowatthours
GEETPUS,197604,297.457,10,Electricity Net Generation From Geothermal, All Sectors,Million Kilowatthours
GEETPUS,197605,284.292,10,Electricity Net Generation From Geothermal, All Sectors,Million Kilowatthours
GEETPUS,197606,295.294,10,Electricity Net Generation From Geothermal, All Sectors,Million Kilowatthours
GEETPUS,197607,319.188,10,Electricity Net Generation From Geothermal, All Sectors,Million Kilowatthours
GEETPUS,197608,314.275,10,Electricity Net Generation From Geothermal, All Sectors,Million Kilowatthours
GEETPUS,197609,305.847,10,Electricity Net Generation From Geothermal, All Sectors,Million Kilowatthours
GEETPUS,197610,297.154,10,Electricity Net Generation From Geothermal, All Sectors,Million Kilowatthours
GEETPUS,197611,250.369,10,Electricity Net Generation From Geothermal, All Sectors,Million Kilowatthours
GEETPUS,197612,285.681,10,Electricity Net Generation From Geothermal, All Sectors,Million Kilowatthours
GEETPUS,197613,3616.407,10,Electricity Net Generation From Geothermal, All Sectors,Million Kilowatthours
GEETPUS,197701,309.738,10,Electricity Net Generation From Geothermal, All Sectors,Million Kilowatthours
GEETPUS,197702,270.536,10,Electricity Net Generation From Geothermal, All Sectors,Million Kilowatthours
GEETPUS,197703,306.644,10,Electricity Net Generation From Geothermal, All Sectors,Million Kilowatthours
GEETPUS,197704,273.459,10,Electricity Net Generation From Geothermal, All Sectors,Million Kilowatthours
GEETPUS,197705,295.233,10,Electricity Net Generation From Geothermal, All Sectors,Million Kilowatthours
GEETPUS,197706,290.299,10,Electricity Net Generation From Geothermal, All Sectors,Million Kilowatthours
GEETPUS,197707,307.065,10,Electricity Net Generation From Geothermal, All Sectors,Million Kilowatthours
GEETPUS,197708,281.44,10,Electricity Net Generation From Geothermal, All Sectors,Million Kilowatthours
GEETPUS,197709,301.267,10,Electricity Net Generation From Geothermal, All Sectors,Million Kilowatthours
GEETPUS,197710,315.065,10,Electricity Net Generation From Geothermal, All Sectors,Million Kilowatthours
GEETPUS,197711,316.511,10,Electricity Net Generation From Geothermal, All Sectors,Million Kilowatthours
GEETPUS,197712,315.079,10,Electricity Net Generation From Geothermal, All Sectors,Million Kilowatthours
GEETPUS,197713,3582.335,10,Electricity Net Generation From Geothermal, All Sectors,Million Kilowatthours
GEETPUS,197801,321.005,10,Electricity Net Generation From Geothermal, All Sectors,Million Kilowatthours
GEETPUS,197802,275.46,10,Electricity Net Generation From Geothermal, All Sectors,Million Kilowatthours
GEETPUS,197803,227.657,10,Electricity Net Generation From Geothermal, All Sectors,Million Kilowatthours
GEETPUS,197804,191.95,10,Electricity Net Generation From Geothermal, All Sectors,Million Kilowatthours
GEETPUS,197805,171.002,10,Electricity Net Generation From Geothermal, All Sectors,Million Kilowatthours
GEETPUS,197806,210.307,10,Electricity Net Generation From Geothermal, All Sectors,Million Kilowatthours
GEETPUS,197807,235.597,10,Electricity Net Generation From Geothermal, All Sectors,Million Kilowatthours
GEETPUS,197808,277.092,10,Electricity Net Generation From Geothermal, All Sectors,Million Kilowatthours
GEETPUS,197809,292.585,10,Electricity Net Generation From Geothermal, All Sectors,Million Kilowatthours
GEETPUS,197810,217.591,10,Electricity Net Generation From Geothermal, All Sectors,Million Kilowatthours
GEETPUS,197811,245.785,10,Electricity Net Generation From Geothermal, All Sectors,Million Kilowatthours
GEETPUS,197812,311.599,10,Electricity Net Generation From Geothermal, All Sectors,Million Kilowatthours
GEETPUS,197813,2977.63,10,Electricity Net Generation From Geothermal, All Sectors,Million Kilowatthours
GEETPUS,197901,299.38,10,Electricity Net Generation From Geothermal, All Sectors,Million Kilowatthours
GEETPUS,197902,244.898,10,Electricity Net Generation From Geothermal, All Sectors,Million Kilowatthours
GEETPUS,197903,328.623,10,Electricity Net Generation From Geothermal, All Sectors,Million Kilowatthours
GEETPUS,197904,303.915,10,Electricity Net Generation From Geothermal, All Sectors,Million Kilowatthours
GEETPUS,197905,305.604,10,Electricity Net Generation From Geothermal, All Sectors,Million Kilowatthours
GEETPUS,197906,309.504,10,Electricity Net Generation From Geothermal, All Sectors,Million Kilowatthours
GEETPUS,197907,328.236,10,Electricity Net Generation From Geothermal, All Sectors,Million Kilowatthours
GEETPUS,197908,358.096,10,Electricity Net Generation From Geothermal, All Sectors,Million Kilowatthours
GEETPUS,197909,310.775,10,Electricity Net Generation From Geothermal, All Sectors,Million Kilowatthours
GEETPUS,197910,348.445,10,Electricity Net Generation From Geothermal, All Sectors,Million Kilowatthours
GEETPUS,197911,338.536,10,Electricity Net Generation From Geothermal, All Sectors,Million Kilowatthours
GEETPUS,197912,412.956,10,Electricity Net Generation From Geothermal, All Sectors,Million Kilowatthours
GEETPUS,197913,3888.968,10,Electricity Net Generation From Geothermal, All Sectors,Million Kilowatthours
GEETPUS,198001,336.471,10,Electricity Net Generation From Geothermal, All Sectors,Million Kilowatthours
GEETPUS,198002,323.169,10,Electricity Net Generation From Geothermal, All Sectors,Million Kilowatthours
GEETPUS,198003,359.122,10,Electricity Net Generation From Geothermal, All Sectors,Million Kilowatthours
GEETPUS,198004,376.294,10,Electricity Net Generation From Geothermal, All Sectors,Million Kilowatthours
GEETPUS,198005,443.088,10,Electricity Net Generation From Geothermal, All Sectors,Million Kilowatthours
GEETPUS,198006,427.499,10,Electricity Net Generation From Geothermal, All Sectors,Million Kilowatthours
GEETPUS,198007,449.596,10,Electricity Net Generation From Geothermal, All Sectors,Million Kilowatthours
GEETPUS,198008,480.427,10,Electricity Net Generation From Geothermal, All Sectors,Million Kilowatthours
GEETPUS,198009,433.806,10,Electricity Net Generation From Geothermal, All Sectors,Million Kilowatthours
GEETPUS,198010,492.623,10,Electricity Net Generation From Geothermal, All Sectors,Million Kilowatthours
GEETPUS,198011,481.542,10,Electricity Net Generation From Geothermal, All Sectors,Million Kilowatthours
GEETPUS,198012,469.442,10,Electricity Net Generation From Geothermal, All Sectors,Million Kilowatthours
GEETPUS,198013,5073.079,10,Electricity Net Generation From Geothermal, All Sectors,Million Kilowatthours
GEETPUS,198101,505.539,10,Electricity Net Generation From Geothermal, All Sectors,Million Kilowatthours
GEETPUS,198102,446.85,10,Electricity Net Generation From Geothermal, All Sectors,Million Kilowatthours
GEETPUS,198103,501.033,10,Electricity Net Generation From Geothermal, All Sectors,Million Kilowatthours
GEETPUS,198104,462.686,10,Electricity Net Generation From Geothermal, All Sectors,Million Kilowatthours
GEETPUS,198105,458.335,10,Electricity Net Generation From Geothermal, All Sectors,Million Kilowatthours
GEETPUS,198106,457.46,10,Electricity Net Generation From Geothermal, All Sectors,Million Kilowatthours
GEETPUS,198107,502.803,10,Electricity Net Generation From Geothermal, All Sectors,Million Kilowatthours
GEETPUS,198108,496.632,10,Electricity Net Generation From Geothermal, All Sectors,Million Kilowatthours
GEETPUS,198109,499.717,10,Electricity Net Generation From Geothermal, All Sectors,Million Kilowatthours
GEETPUS,198110,492.996,10,Electricity Net Generation From Geothermal, All Sectors,Million Kilowatthours
GEETPUS,198111,430.344,10,Electricity Net Generation From Geothermal, All Sectors,Million Kilowatthours
GEETPUS,198112,431.768,10,Electricity Net Generation From Geothermal, All Sectors,Million Kilowatthours
GEETPUS,198113,5686.163,10,Electricity Net Generation From Geothermal, All Sectors,Million Kilowatthours
GEETPUS,198201,380.21,10,Electricity Net Generation From Geothermal, All Sectors,Million Kilowatthours
GEETPUS,198202,349.706,10,Electricity Net Generation From Geothermal, All Sectors,Million Kilowatthours
GEETPUS,198203,308.008,10,Electricity Net Generation From Geothermal, All Sectors,Million Kilowatthours
GEETPUS,198204,310.575,10,Electricity Net Generation From Geothermal, All Sectors,Million Kilowatthours
GEETPUS,198205,360.911,10,Electricity Net Generation From Geothermal, All Sectors,Million Kilowatthours
GEETPUS,198206,435.826,10,Electricity Net Generation From Geothermal, All Sectors,Million Kilowatthours
GEETPUS,198207,458.391,10,Electricity Net Generation From Geothermal, All Sectors,Million Kilowatthours
GEETPUS,198208,456.832,10,Electricity Net Generation From Geothermal, All Sectors,Million Kilowatthours
GEETPUS,198209,438.243,10,Electricity Net Generation From Geothermal, All Sectors,Million Kilowatthours
GEETPUS,198210,466.512,10,Electricity Net Generation From Geothermal, All Sectors,Million Kilowatthours
GEETPUS,198211,489.97,10,Electricity Net Generation From Geothermal, All Sectors,Million Kilowatthours
GEETPUS,198212,387.681,10,Electricity Net Generation From Geothermal, All Sectors,Million Kilowatthours
GEETPUS,198213,4842.865,10,Electricity Net Generation From Geothermal, All Sectors,Million Kilowatthours
GEETPUS,198301,483.529,10,Electricity Net Generation From Geothermal, All Sectors,Million Kilowatthours
GEETPUS,198302,371.94,10,Electricity Net Generation From Geothermal, All Sectors,Million Kilowatthours
GEETPUS,198303,428.696,10,Electricity Net Generation From Geothermal, All Sectors,Million Kilowatthours
GEETPUS,198304,401.83,10,Electricity Net Generation From Geothermal, All Sectors,Million Kilowatthours
GEETPUS,198305,326.45,10,Electricity Net Generation From Geothermal, All Sectors,Million Kilowatthours
GEETPUS,198306,429.464,10,Electricity Net Generation From Geothermal, All Sectors,Million Kilowatthours
GEETPUS,198307,534.843,10,Electricity Net Generation From Geothermal, All Sectors,Million Kilowatthours
GEETPUS,198308,703.792,10,Electricity Net Generation From Geothermal, All Sectors,Million Kilowatthours
GEETPUS,198309,642.982,10,Electricity Net Generation From Geothermal, All Sectors,Million Kilowatthours
GEETPUS,198310,674.082,10,Electricity Net Generation From Geothermal, All Sectors,Million Kilowatthours
GEETPUS,198311,599.874,10,Electricity Net Generation From Geothermal, All Sectors,Million Kilowatthours
GEETPUS,198312,477.619,10,Electricity Net Generation From Geothermal, All Sectors,Million Kilowatthours
GEETPUS,198313,6075.101,10,Electricity Net Generation From Geothermal, All Sectors,Million Kilowatthours
GEETPUS,198401,487.953,10,Electricity Net Generation From Geothermal, All Sectors,Million Kilowatthours
GEETPUS,198402,596.024,10,Electricity Net Generation From Geothermal, All Sectors,Million Kilowatthours
GEETPUS,198403,654.973,10,Electricity Net Generation From Geothermal, All Sectors,Million Kilowatthours
GEETPUS,198404,646.337,10,Electricity Net Generation From Geothermal, All Sectors,Million Kilowatthours
GEETPUS,198405,619.995,10,Electricity Net Generation From Geothermal, All Sectors,Million Kilowatthours
GEETPUS,198406,601.822,10,Electricity Net Generation From Geothermal, All Sectors,Million Kilowatthours
GEETPUS,198407,574.462,10,Electricity Net Generation From Geothermal, All Sectors,Million Kilowatthours
GEETPUS,198408,719.249,10,Electricity Net Generation From Geothermal, All Sectors,Million Kilowatthours
GEETPUS,198409,647.833,10,Electricity Net Generation From Geothermal, All Sectors,Million Kilowatthours
GEETPUS,198410,711.156,10,Electricity Net Generation From Geothermal, All Sectors,Million Kilowatthours
GEETPUS,198411,702.248,10,Electricity Net Generation From Geothermal, All Sectors,Million Kilowatthours
GEETPUS,198412,778.452,10,Electricity Net Generation From Geothermal, All Sectors,Million Kilowatthours
GEETPUS,198413,7740.504,10,Electricity Net Generation From Geothermal, All Sectors,Million Kilowatthours
GEETPUS,198501,774.003,10,Electricity Net Generation From Geothermal, All Sectors,Million Kilowatthours
GEETPUS,198502,683.523,10,Electricity Net Generation From Geothermal, All Sectors,Million Kilowatthours
GEETPUS,198503,795.867,10,Electricity Net Generation From Geothermal, All Sectors,Million Kilowatthours
GEETPUS,198504,696.907,10,Electricity Net Generation From Geothermal, All Sectors,Million Kilowatthours
GEETPUS,198505,724.684,10,Electricity Net Generation From Geothermal, All Sectors,Million Kilowatthours
GEETPUS,198506,698.184,10,Electricity Net Generation From Geothermal, All Sectors,Million Kilowatthours
GEETPUS,198507,767.624,10,Electricity Net Generation From Geothermal, All Sectors,Million Kilowatthours
GEETPUS,198508,802.236,10,Electricity Net Generation From Geothermal, All Sectors,Million Kilowatthours
GEETPUS,198509,762.515,10,Electricity Net Generation From Geothermal, All Sectors,Million Kilowatthours
GEETPUS,198510,729.992,10,Electricity Net Generation From Geothermal, All Sectors,Million Kilowatthours
GEETPUS,198511,901.352,10,Electricity Net Generation From Geothermal, All Sectors,Million Kilowatthours
GEETPUS,198512,988.343,10,Electricity Net Generation From Geothermal, All Sectors,Million Kilowatthours
GEETPUS,198513,9325.23,10,Electricity Net Generation From Geothermal, All Sectors,Million Kilowatthours
GEETPUS,198601,1007.682,10,Electricity Net Generation From Geothermal, All Sectors,Million Kilowatthours
GEETPUS,198602,865.407,10,Electricity Net Generation From Geothermal, All Sectors,Million Kilowatthours
GEETPUS,198603,900.114,10,Electricity Net Generation From Geothermal, All Sectors,Million Kilowatthours
GEETPUS,198604,811.665,10,Electricity Net Generation From Geothermal, All Sectors,Million Kilowatthours
GEETPUS,198605,820.177,10,Electricity Net Generation From Geothermal, All Sectors,Million Kilowatthours
GEETPUS,198606,889.86,10,Electricity Net Generation From Geothermal, All Sectors,Million Kilowatthours
GEETPUS,198607,944.107,10,Electricity Net Generation From Geothermal, All Sectors,Million Kilowatthours
GEETPUS,198608,941.909,10,Electricity Net Generation From Geothermal, All Sectors,Million Kilowatthours
GEETPUS,198609,789.335,10,Electricity Net Generation From Geothermal, All Sectors,Million Kilowatthours
GEETPUS,198610,775.916,10,Electricity Net Generation From Geothermal, All Sectors,Million Kilowatthours
GEETPUS,198611,671.542,10,Electricity Net Generation From Geothermal, All Sectors,Million Kilowatthours
GEETPUS,198612,890.243,10,Electricity Net Generation From Geothermal, All Sectors,Million Kilowatthours
GEETPUS,198613,10307.954,10,Electricity Net Generation From Geothermal, All Sectors,Million Kilowatthours
GEETPUS,198701,894.259,10,Electricity Net Generation From Geothermal, All Sectors,Million Kilowatthours
GEETPUS,198702,829.269,10,Electricity Net Generation From Geothermal, All Sectors,Million Kilowatthours
GEETPUS,198703,909.237,10,Electricity Net Generation From Geothermal, All Sectors,Million Kilowatthours
GEETPUS,198704,856.992,10,Electricity Net Generation From Geothermal, All Sectors,Million Kilowatthours
GEETPUS,198705,900.486,10,Electricity Net Generation From Geothermal, All Sectors,Million Kilowatthours
GEETPUS,198706,924.767,10,Electricity Net Generation From Geothermal, All Sectors,Million Kilowatthours
GEETPUS,198707,956.08,10,Electricity Net Generation From Geothermal, All Sectors,Million Kilowatthours
GEETPUS,198708,952.397,10,Electricity Net Generation From Geothermal, All Sectors,Million Kilowatthours
GEETPUS,198709,888.492,10,Electricity Net Generation From Geothermal, All Sectors,Million Kilowatthours
GEETPUS,198710,899.778,10,Electricity Net Generation From Geothermal, All Sectors,Million Kilowatthours
GEETPUS,198711,869.989,10,Electricity Net Generation From Geothermal, All Sectors,Million Kilowatthours
GEETPUS,198712,893.714,10,Electricity Net Generation From Geothermal, All Sectors,Million Kilowatthours
GEETPUS,198713,10775.461,10,Electricity Net Generation From Geothermal, All Sectors,Million Kilowatthours
GEETPUS,198801,901.993,10,Electricity Net Generation From Geothermal, All Sectors,Million Kilowatthours
GEETPUS,198802,776.173,10,Electricity Net Generation From Geothermal, All Sectors,Million Kilowatthours
GEETPUS,198803,904.768,10,Electricity Net Generation From Geothermal, All Sectors,Million Kilowatthours
GEETPUS,198804,818.823,10,Electricity Net Generation From Geothermal, All Sectors,Million Kilowatthours
GEETPUS,198805,804.966,10,Electricity Net Generation From Geothermal, All Sectors,Million Kilowatthours
GEETPUS,198806,853.815,10,Electricity Net Generation From Geothermal, All Sectors,Million Kilowatthours
GEETPUS,198807,928.768,10,Electricity Net Generation From Geothermal, All Sectors,Million Kilowatthours
GEETPUS,198808,886.209,10,Electricity Net Generation From Geothermal, All Sectors,Million Kilowatthours
GEETPUS,198809,849.671,10,Electricity Net Generation From Geothermal, All Sectors,Million Kilowatthours
GEETPUS,198810,865.865,10,Electricity Net Generation From Geothermal, All Sectors,Million Kilowatthours
GEETPUS,198811,859.595,10,Electricity Net Generation From Geothermal, All Sectors,Million Kilowatthours
GEETPUS,198812,849.434,10,Electricity Net Generation From Geothermal, All Sectors,Million Kilowatthours
GEETPUS,198813,10300.079,10,Electricity Net Generation From Geothermal, All Sectors,Million Kilowatthours
GEETPUS,198901,1279.108,10,Electricity Net Generation From Geothermal, All Sectors,Million Kilowatthours
GEETPUS,198902,1154.869,10,Electricity Net Generation From Geothermal, All Sectors,Million Kilowatthours
GEETPUS,198903,1362.218,10,Electricity Net Generation From Geothermal, All Sectors,Million Kilowatthours
GEETPUS,198904,1181.97,10,Electricity Net Generation From Geothermal, All Sectors,Million Kilowatthours
GEETPUS,198905,1252.563,10,Electricity Net Generation From Geothermal, All Sectors,Million Kilowatthours
GEETPUS,198906,1236.567,10,Electricity Net Generation From Geothermal, All Sectors,Million Kilowatthours
GEETPUS,198907,1254.023,10,Electricity Net Generation From Geothermal, All Sectors,Million Kilowatthours
GEETPUS,198908,1210.107,10,Electricity Net Generation From Geothermal, All Sectors,Million Kilowatthours
GEETPUS,198909,1126.904,10,Electricity Net Generation From Geothermal, All Sectors,Million Kilowatthours
GEETPUS,198910,1185.474,10,Electricity Net Generation From Geothermal, All Sectors,Million Kilowatthours
GEETPUS,198911,1130.863,10,Electricity Net Generation From Geothermal, All Sectors,Million Kilowatthours
GEETPUS,198912,1218.775,10,Electricity Net Generation From Geothermal, All Sectors,Million Kilowatthours
GEETPUS,198913,14593.443,10,Electricity Net Generation From Geothermal, All Sectors,Million Kilowatthours
GEETPUS,199001,1362.239,10,Electricity Net Generation From Geothermal, All Sectors,Million Kilowatthours
GEETPUS,199002,1245.569,10,Electricity Net Generation From Geothermal, All Sectors,Million Kilowatthours
GEETPUS,199003,1369.912,10,Electricity Net Generation From Geothermal, All Sectors,Million Kilowatthours
GEETPUS,199004,1080.717,10,Electricity Net Generation From Geothermal, All Sectors,Million Kilowatthours
GEETPUS,199005,1276.053,10,Electricity Net Generation From Geothermal, All Sectors,Million Kilowatthours
GEETPUS,199006,1327.528,10,Electricity Net Generation From Geothermal, All Sectors,Million Kilowatthours
GEETPUS,199007,1337.508,10,Electricity Net Generation From Geothermal, All Sectors,Million Kilowatthours
GEETPUS,199008,1319.564,10,Electricity Net Generation From Geothermal, All Sectors,Million Kilowatthours
GEETPUS,199009,1240.928,10,Electricity Net Generation From Geothermal, All Sectors,Million Kilowatthours
GEETPUS,199010,1300.851,10,Electricity Net Generation From Geothermal, All Sectors,Million Kilowatthours
GEETPUS,199011,1246.553,10,Electricity Net Generation From Geothermal, All Sectors,Million Kilowatthours
GEETPUS,199012,1326.848,10,Electricity Net Generation From Geothermal, All Sectors,Million Kilowatthours
GEETPUS,199013,15434.271,10,Electricity Net Generation From Geothermal, All Sectors,Million Kilowatthours
GEETPUS,199101,1390.526,10,Electricity Net Generation From Geothermal, All Sectors,Million Kilowatthours
GEETPUS,199102,1212.415,10,Electricity Net Generation From Geothermal, All Sectors,Million Kilowatthours
GEETPUS,199103,1384.412,10,Electricity Net Generation From Geothermal, All Sectors,Million Kilowatthours
GEETPUS,199104,1242.549,10,Electricity Net Generation From Geothermal, All Sectors,Million Kilowatthours
GEETPUS,199105,1270.784,10,Electricity Net Generation From Geothermal, All Sectors,Million Kilowatthours
GEETPUS,199106,1355.265,10,Electricity Net Generation From Geothermal, All Sectors,Million Kilowatthours
GEETPUS,199107,1354.493,10,Electricity Net Generation From Geothermal, All Sectors,Million Kilowatthours
GEETPUS,199108,1340.937,10,Electricity Net Generation From Geothermal, All Sectors,Million Kilowatthours
GEETPUS,199109,1257.745,10,Electricity Net Generation From Geothermal, All Sectors,Million Kilowatthours
GEETPUS,199110,1327.954,10,Electricity Net Generation From Geothermal, All Sectors,Million Kilowatthours
GEETPUS,199111,1390.1,10,Electricity Net Generation From Geothermal, All Sectors,Million Kilowatthours
GEETPUS,199112,1439.264,10,Electricity Net Generation From Geothermal, All Sectors,Million Kilowatthours
GEETPUS,199113,15966.444,10,Electricity Net Generation From Geothermal, All Sectors,Million Kilowatthours
GEETPUS,199201,1415.114,10,Electricity Net Generation From Geothermal, All Sectors,Million Kilowatthours
GEETPUS,199202,1246.593,10,Electricity Net Generation From Geothermal, All Sectors,Million Kilowatthours
GEETPUS,199203,1419.386,10,Electricity Net Generation From Geothermal, All Sectors,Million Kilowatthours
GEETPUS,199204,1284.733,10,Electricity Net Generation From Geothermal, All Sectors,Million Kilowatthours
GEETPUS,199205,1360.468,10,Electricity Net Generation From Geothermal, All Sectors,Million Kilowatthours
GEETPUS,199206,1344.893,10,Electricity Net Generation From Geothermal, All Sectors,Million Kilowatthours
GEETPUS,199207,1364.252,10,Electricity Net Generation From Geothermal, All Sectors,Million Kilowatthours
GEETPUS,199208,1374.444,10,Electricity Net Generation From Geothermal, All Sectors,Million Kilowatthours
GEETPUS,199209,1277.633,10,Electricity Net Generation From Geothermal, All Sectors,Million Kilowatthours
GEETPUS,199210,1348.255,10,Electricity Net Generation From Geothermal, All Sectors,Million Kilowatthours
GEETPUS,199211,1344.244,10,Electricity Net Generation From Geothermal, All Sectors,Million Kilowatthours
GEETPUS,199212,1357.949,10,Electricity Net Generation From Geothermal, All Sectors,Million Kilowatthours
GEETPUS,199213,16137.962,10,Electricity Net Generation From Geothermal, All Sectors,Million Kilowatthours
GEETPUS,199301,1442.919,10,Electricity Net Generation From Geothermal, All Sectors,Million Kilowatthours
GEETPUS,199302,1402.587,10,Electricity Net Generation From Geothermal, All Sectors,Million Kilowatthours
GEETPUS,199303,1461.515,10,Electricity Net Generation From Geothermal, All Sectors,Million Kilowatthours
GEETPUS,199304,1450.613,10,Electricity Net Generation From Geothermal, All Sectors,Million Kilowatthours
GEETPUS,199305,1290.074,10,Electricity Net Generation From Geothermal, All Sectors,Million Kilowatthours
GEETPUS,199306,1299.847,10,Electricity Net Generation From Geothermal, All Sectors,Million Kilowatthours
GEETPUS,199307,1426.937,10,Electricity Net Generation From Geothermal, All Sectors,Million Kilowatthours
GEETPUS,199308,1448.882,10,Electricity Net Generation From Geothermal, All Sectors,Million Kilowatthours
GEETPUS,199309,1397.201,10,Electricity Net Generation From Geothermal, All Sectors,Million Kilowatthours
GEETPUS,199310,1385.085,10,Electricity Net Generation From Geothermal, All Sectors,Million Kilowatthours
GEETPUS,199311,1371.456,10,Electricity Net Generation From Geothermal, All Sectors,Million Kilowatthours
GEETPUS,199312,1411.45,10,Electricity Net Generation From Geothermal, All Sectors,Million Kilowatthours
GEETPUS,199313,16788.565,10,Electricity Net Generation From Geothermal, All Sectors,Million Kilowatthours
GEETPUS,199401,1412.708,10,Electricity Net Generation From Geothermal, All Sectors,Million Kilowatthours
GEETPUS,199402,1284.857,10,Electricity Net Generation From Geothermal, All Sectors,Million Kilowatthours
GEETPUS,199403,1294.141,10,Electricity Net Generation From Geothermal, All Sectors,Million Kilowatthours
GEETPUS,199404,1325.641,10,Electricity Net Generation From Geothermal, All Sectors,Million Kilowatthours
GEETPUS,199405,1301.071,10,Electricity Net Generation From Geothermal, All Sectors,Million Kilowatthours
GEETPUS,199406,1168.938,10,Electricity Net Generation From Geothermal, All Sectors,Million Kilowatthours
GEETPUS,199407,1238.416,10,Electricity Net Generation From Geothermal, All Sectors,Million Kilowatthours
GEETPUS,199408,1364.68,10,Electricity Net Generation From Geothermal, All Sectors,Million Kilowatthours
GEETPUS,199409,1261.829,10,Electricity Net Generation From Geothermal, All Sectors,Million Kilowatthours
GEETPUS,199410,1294.504,10,Electricity Net Generation From Geothermal, All Sectors,Million Kilowatthours
GEETPUS,199411,1280.548,10,Electricity Net Generation From Geothermal, All Sectors,Million Kilowatthours
GEETPUS,199412,1308.122,10,Electricity Net Generation From Geothermal, All Sectors,Million Kilowatthours
GEETPUS,199413,15535.453,10,Electricity Net Generation From Geothermal, All Sectors,Million Kilowatthours
GEETPUS,199501,1151.068,10,Electricity Net Generation From Geothermal, All Sectors,Million Kilowatthours
GEETPUS,199502,835.906,10,Electricity Net Generation From Geothermal, All Sectors,Million Kilowatthours
GEETPUS,199503,918.627,10,Electricity Net Generation From Geothermal, All Sectors,Million Kilowatthours
GEETPUS,199504,794.558,10,Electricity Net Generation From Geothermal, All Sectors,Million Kilowatthours
GEETPUS,199505,718.396,10,Electricity Net Generation From Geothermal, All Sectors,Million Kilowatthours
GEETPUS,199506,791.132,10,Electricity Net Generation From Geothermal, All Sectors,Million Kilowatthours
GEETPUS,199507,860.002,10,Electricity Net Generation From Geothermal, All Sectors,Million Kilowatthours
GEETPUS,199508,1478.777,10,Electricity Net Generation From Geothermal, All Sectors,Million Kilowatthours
GEETPUS,199509,1034.776,10,Electricity Net Generation From Geothermal, All Sectors,Million Kilowatthours
GEETPUS,199510,1744.081,10,Electricity Net Generation From Geothermal, All Sectors,Million Kilowatthours
GEETPUS,199511,1562.952,10,Electricity Net Generation From Geothermal, All Sectors,Million Kilowatthours
GEETPUS,199512,1487.983,10,Electricity Net Generation From Geothermal, All Sectors,Million Kilowatthours
GEETPUS,199513,13378.258,10,Electricity Net Generation From Geothermal, All Sectors,Million Kilowatthours
GEETPUS,199601,968.3,10,Electricity Net Generation From Geothermal, All Sectors,Million Kilowatthours
GEETPUS,199602,987.784,10,Electricity Net Generation From Geothermal, All Sectors,Million Kilowatthours
GEETPUS,199603,926.931,10,Electricity Net Generation From Geothermal, All Sectors,Million Kilowatthours
GEETPUS,199604,1053.34,10,Electricity Net Generation From Geothermal, All Sectors,Million Kilowatthours
GEETPUS,199605,707.462,10,Electricity Net Generation From Geothermal, All Sectors,Million Kilowatthours
GEETPUS,199606,1060.028,10,Electricity Net Generation From Geothermal, All Sectors,Million Kilowatthours
GEETPUS,199607,1519.593,10,Electricity Net Generation From Geothermal, All Sectors,Million Kilowatthours
GEETPUS,199608,1572.002,10,Electricity Net Generation From Geothermal, All Sectors,Million Kilowatthours
GEETPUS,199609,1359.024,10,Electricity Net Generation From Geothermal, All Sectors,Million Kilowatthours
GEETPUS,199610,1452.37,10,Electricity Net Generation From Geothermal, All Sectors,Million Kilowatthours
GEETPUS,199611,1473.885,10,Electricity Net Generation From Geothermal, All Sectors,Million Kilowatthours
GEETPUS,199612,1247.965,10,Electricity Net Generation From Geothermal, All Sectors,Million Kilowatthours
GEETPUS,199613,14328.684,10,Electricity Net Generation From Geothermal, All Sectors,Million Kilowatthours
GEETPUS,199701,1115.892,10,Electricity Net Generation From Geothermal, All Sectors,Million Kilowatthours
GEETPUS,199702,833.894,10,Electricity Net Generation From Geothermal, All Sectors,Million Kilowatthours
GEETPUS,199703,1178.867,10,Electricity Net Generation From Geothermal, All Sectors,Million Kilowatthours
GEETPUS,199704,1303.916,10,Electricity Net Generation From Geothermal, All Sectors,Million Kilowatthours
GEETPUS,199705,1267.653,10,Electricity Net Generation From Geothermal, All Sectors,Million Kilowatthours
GEETPUS,199706,1035.731,10,Electricity Net Generation From Geothermal, All Sectors,Million Kilowatthours
GEETPUS,199707,1377.737,10,Electricity Net Generation From Geothermal, All Sectors,Million Kilowatthours
GEETPUS,199708,1360.902,10,Electricity Net Generation From Geothermal, All Sectors,Million Kilowatthours
GEETPUS,199709,1298.792,10,Electricity Net Generation From Geothermal, All Sectors,Million Kilowatthours
GEETPUS,199710,1283.962,10,Electricity Net Generation From Geothermal, All Sectors,Million Kilowatthours
GEETPUS,199711,1279.228,10,Electricity Net Generation From Geothermal, All Sectors,Million Kilowatthours
GEETPUS,199712,1389.527,10,Electricity Net Generation From Geothermal, All Sectors,Million Kilowatthours
GEETPUS,199713,14726.102,10,Electricity Net Generation From Geothermal, All Sectors,Million Kilowatthours
GEETPUS,199801,1402.262,10,Electricity Net Generation From Geothermal, All Sectors,Million Kilowatthours
GEETPUS,199802,1113.638,10,Electricity Net Generation From Geothermal, All Sectors,Million Kilowatthours
GEETPUS,199803,1388.853,10,Electricity Net Generation From Geothermal, All Sectors,Million Kilowatthours
GEETPUS,199804,914.509,10,Electricity Net Generation From Geothermal, All Sectors,Million Kilowatthours
GEETPUS,199805,823.407,10,Electricity Net Generation From Geothermal, All Sectors,Million Kilowatthours
GEETPUS,199806,1009.301,10,Electricity Net Generation From Geothermal, All Sectors,Million Kilowatthours
GEETPUS,199807,1280.061,10,Electricity Net Generation From Geothermal, All Sectors,Million Kilowatthours
GEETPUS,199808,1377.533,10,Electricity Net Generation From Geothermal, All Sectors,Million Kilowatthours
GEETPUS,199809,1352.908,10,Electricity Net Generation From Geothermal, All Sectors,Million Kilowatthours
GEETPUS,199810,1493.723,10,Electricity Net Generation From Geothermal, All Sectors,Million Kilowatthours
GEETPUS,199811,1330.988,10,Electricity Net Generation From Geothermal, All Sectors,Million Kilowatthours
GEETPUS,199812,1286.734,10,Electricity Net Generation From Geothermal, All Sectors,Million Kilowatthours
GEETPUS,199813,14773.918,10,Electricity Net Generation From Geothermal, All Sectors,Million Kilowatthours
GEETPUS,199901,1323.272,10,Electricity Net Generation From Geothermal, All Sectors,Million Kilowatthours
GEETPUS,199902,1066.11,10,Electricity Net Generation From Geothermal, All Sectors,Million Kilowatthours
GEETPUS,199903,1254.848,10,Electricity Net Generation From Geothermal, All Sectors,Million Kilowatthours
GEETPUS,199904,1055.693,10,Electricity Net Generation From Geothermal, All Sectors,Million Kilowatthours
GEETPUS,199905,1309.989,10,Electricity Net Generation From Geothermal, All Sectors,Million Kilowatthours
GEETPUS,199906,1212.609,10,Electricity Net Generation From Geothermal, All Sectors,Million Kilowatthours
GEETPUS,199907,1223.695,10,Electricity Net Generation From Geothermal, All Sectors,Million Kilowatthours
GEETPUS,199908,1249.497,10,Electricity Net Generation From Geothermal, All Sectors,Million Kilowatthours
GEETPUS,199909,1255.613,10,Electricity Net Generation From Geothermal, All Sectors,Million Kilowatthours
GEETPUS,199910,1301.961,10,Electricity Net Generation From Geothermal, All Sectors,Million Kilowatthours
GEETPUS,199911,1235.067,10,Electricity Net Generation From Geothermal, All Sectors,Million Kilowatthours
GEETPUS,199912,1338.658,10,Electricity Net Generation From Geothermal, All Sectors,Million Kilowatthours
GEETPUS,199913,14827.013,10,Electricity Net Generation From Geothermal, All Sectors,Million Kilowatthours
GEETPUS,200001,1272.318,10,Electricity Net Generation From Geothermal, All Sectors,Million Kilowatthours
GEETPUS,200002,1173.817,10,Electricity Net Generation From Geothermal, All Sectors,Million Kilowatthours
GEETPUS,200003,1186.479,10,Electricity Net Generation From Geothermal, All Sectors,Million Kilowatthours
GEETPUS,200004,1242.898,10,Electricity Net Generation From Geothermal, All Sectors,Million Kilowatthours
GEETPUS,200005,1190.11,10,Electricity Net Generation From Geothermal, All Sectors,Million Kilowatthours
GEETPUS,200006,1164.041,10,Electricity Net Generation From Geothermal, All Sectors,Million Kilowatthours
GEETPUS,200007,1199.699,10,Electricity Net Generation From Geothermal, All Sectors,Million Kilowatthours
GEETPUS,200008,1201.654,10,Electricity Net Generation From Geothermal, All Sectors,Million Kilowatthours
GEETPUS,200009,1008.004,10,Electricity Net Generation From Geothermal, All Sectors,Million Kilowatthours
GEETPUS,200010,1087.326,10,Electricity Net Generation From Geothermal, All Sectors,Million Kilowatthours
GEETPUS,200011,1146.445,10,Electricity Net Generation From Geothermal, All Sectors,Million Kilowatthours
GEETPUS,200012,1220.367,10,Electricity Net Generation From Geothermal, All Sectors,Million Kilowatthours
GEETPUS,200013,14093.158,10,Electricity Net Generation From Geothermal, All Sectors,Million Kilowatthours
GEETPUS,200101,1229.325,10,Electricity Net Generation From Geothermal, All Sectors,Million Kilowatthours
GEETPUS,200102,1073.044,10,Electricity Net Generation From Geothermal, All Sectors,Million Kilowatthours
GEETPUS,200103,1190.023,10,Electricity Net Generation From Geothermal, All Sectors,Million Kilowatthours
GEETPUS,200104,1094.991,10,Electricity Net Generation From Geothermal, All Sectors,Million Kilowatthours
GEETPUS,200105,1071.38,10,Electricity Net Generation From Geothermal, All Sectors,Million Kilowatthours
GEETPUS,200106,1087.828,10,Electricity Net Generation From Geothermal, All Sectors,Million Kilowatthours
GEETPUS,200107,1178.533,10,Electricity Net Generation From Geothermal, All Sectors,Million Kilowatthours
GEETPUS,200108,1167.238,10,Electricity Net Generation From Geothermal, All Sectors,Million Kilowatthours
GEETPUS,200109,1139.01,10,Electricity Net Generation From Geothermal, All Sectors,Million Kilowatthours
GEETPUS,200110,1161.727,10,Electricity Net Generation From Geothermal, All Sectors,Million Kilowatthours
GEETPUS,200111,1157.17,10,Electricity Net Generation From Geothermal, All Sectors,Million Kilowatthours
GEETPUS,200112,1190.232,10,Electricity Net Generation From Geothermal, All Sectors,Million Kilowatthours
GEETPUS,200113,13740.501,10,Electricity Net Generation From Geothermal, All Sectors,Million Kilowatthours
GEETPUS,200201,1287.483,10,Electricity Net Generation From Geothermal, All Sectors,Million Kilowatthours
GEETPUS,200202,1132.195,10,Electricity Net Generation From Geothermal, All Sectors,Million Kilowatthours
GEETPUS,200203,1244.968,10,Electricity Net Generation From Geothermal, All Sectors,Million Kilowatthours
GEETPUS,200204,1114.735,10,Electricity Net Generation From Geothermal, All Sectors,Million Kilowatthours
GEETPUS,200205,1215.874,10,Electricity Net Generation From Geothermal, All Sectors,Million Kilowatthours
GEETPUS,200206,1150.799,10,Electricity Net Generation From Geothermal, All Sectors,Million Kilowatthours
GEETPUS,200207,1262.246,10,Electricity Net Generation From Geothermal, All Sectors,Million Kilowatthours
GEETPUS,200208,1227.097,10,Electricity Net Generation From Geothermal, All Sectors,Million Kilowatthours
GEETPUS,200209,1195.081,10,Electricity Net Generation From Geothermal, All Sectors,Million Kilowatthours
GEETPUS,200210,1235.076,10,Electricity Net Generation From Geothermal, All Sectors,Million Kilowatthours
GEETPUS,200211,1189.365,10,Electricity Net Generation From Geothermal, All Sectors,Million Kilowatthours
GEETPUS,200212,1236.391,10,Electricity Net Generation From Geothermal, All Sectors,Million Kilowatthours
GEETPUS,200213,14491.31,10,Electricity Net Generation From Geothermal, All Sectors,Million Kilowatthours
GEETPUS,200301,1257.64,10,Electricity Net Generation From Geothermal, All Sectors,Million Kilowatthours
GEETPUS,200302,1130.352,10,Electricity Net Generation From Geothermal, All Sectors,Million Kilowatthours
GEETPUS,200303,1212.859,10,Electricity Net Generation From Geothermal, All Sectors,Million Kilowatthours
GEETPUS,200304,1166.455,10,Electricity Net Generation From Geothermal, All Sectors,Million Kilowatthours
GEETPUS,200305,1168.695,10,Electricity Net Generation From Geothermal, All Sectors,Million Kilowatthours
GEETPUS,200306,1222.791,10,Electricity Net Generation From Geothermal, All Sectors,Million Kilowatthours
GEETPUS,200307,1227.969,10,Electricity Net Generation From Geothermal, All Sectors,Million Kilowatthours
GEETPUS,200308,1219.447,10,Electricity Net Generation From Geothermal, All Sectors,Million Kilowatthours
GEETPUS,200309,1203.498,10,Electricity Net Generation From Geothermal, All Sectors,Million Kilowatthours
GEETPUS,200310,1195.451,10,Electricity Net Generation From Geothermal, All Sectors,Million Kilowatthours
GEETPUS,200311,1151.237,10,Electricity Net Generation From Geothermal, All Sectors,Million Kilowatthours
GEETPUS,200312,1267.837,10,Electricity Net Generation From Geothermal, All Sectors,Million Kilowatthours
GEETPUS,200313,14424.231,10,Electricity Net Generation From Geothermal, All Sectors,Million Kilowatthours
GEETPUS,200401,1294.777,10,Electricity Net Generation From Geothermal, All Sectors,Million Kilowatthours
GEETPUS,200402,1214.123,10,Electricity Net Generation From Geothermal, All Sectors,Million Kilowatthours
GEETPUS,200403,1241.004,10,Electricity Net Generation From Geothermal, All Sectors,Million Kilowatthours
GEETPUS,200404,1161.384,10,Electricity Net Generation From Geothermal, All Sectors,Million Kilowatthours
GEETPUS,200405,1207.536,10,Electricity Net Generation From Geothermal, All Sectors,Million Kilowatthours
GEETPUS,200406,1224.702,10,Electricity Net Generation From Geothermal, All Sectors,Million Kilowatthours
GEETPUS,200407,1277.531,10,Electricity Net Generation From Geothermal, All Sectors,Million Kilowatthours
GEETPUS,200408,1257.163,10,Electricity Net Generation From Geothermal, All Sectors,Million Kilowatthours
GEETPUS,200409,1188.383,10,Electricity Net Generation From Geothermal, All Sectors,Million Kilowatthours
GEETPUS,200410,1276.349,10,Electricity Net Generation From Geothermal, All Sectors,Million Kilowatthours
GEETPUS,200411,1212.013,10,Electricity Net Generation From Geothermal, All Sectors,Million Kilowatthours
GEETPUS,200412,1256.009,10,Electricity Net Generation From Geothermal, All Sectors,Million Kilowatthours
GEETPUS,200413,14810.975,10,Electricity Net Generation From Geothermal, All Sectors,Million Kilowatthours
GEETPUS,200501,1252.144,10,Electricity Net Generation From Geothermal, All Sectors,Million Kilowatthours
GEETPUS,200502,1063.014,10,Electricity Net Generation From Geothermal, All Sectors,Million Kilowatthours
GEETPUS,200503,1204.252,10,Electricity Net Generation From Geothermal, All Sectors,Million Kilowatthours
GEETPUS,200504,1187.134,10,Electricity Net Generation From Geothermal, All Sectors,Million Kilowatthours
GEETPUS,200505,1264.308,10,Electricity Net Generation From Geothermal, All Sectors,Million Kilowatthours
GEETPUS,200506,1248.056,10,Electricity Net Generation From Geothermal, All Sectors,Million Kilowatthours
GEETPUS,200507,1272.697,10,Electricity Net Generation From Geothermal, All Sectors,Million Kilowatthours
GEETPUS,200508,1253.785,10,Electricity Net Generation From Geothermal, All Sectors,Million Kilowatthours
GEETPUS,200509,1222.659,10,Electricity Net Generation From Geothermal, All Sectors,Million Kilowatthours
GEETPUS,200510,1247.204,10,Electricity Net Generation From Geothermal, All Sectors,Million Kilowatthours
GEETPUS,200511,1219.61,10,Electricity Net Generation From Geothermal, All Sectors,Million Kilowatthours
GEETPUS,200512,1256.88,10,Electricity Net Generation From Geothermal, All Sectors,Million Kilowatthours
GEETPUS,200513,14691.745,10,Electricity Net Generation From Geothermal, All Sectors,Million Kilowatthours
GEETPUS,200601,1229.567,10,Electricity Net Generation From Geothermal, All Sectors,Million Kilowatthours
GEETPUS,200602,1110.817,10,Electricity Net Generation From Geothermal, All Sectors,Million Kilowatthours
GEETPUS,200603,1261.29,10,Electricity Net Generation From Geothermal, All Sectors,Million Kilowatthours
GEETPUS,200604,1129.089,10,Electricity Net Generation From Geothermal, All Sectors,Million Kilowatthours
GEETPUS,200605,1095.602,10,Electricity Net Generation From Geothermal, All Sectors,Million Kilowatthours
GEETPUS,200606,1199.177,10,Electricity Net Generation From Geothermal, All Sectors,Million Kilowatthours
GEETPUS,200607,1261.352,10,Electricity Net Generation From Geothermal, All Sectors,Million Kilowatthours
GEETPUS,200608,1288.959,10,Electricity Net Generation From Geothermal, All Sectors,Million Kilowatthours
GEETPUS,200609,1219.458,10,Electricity Net Generation From Geothermal, All Sectors,Million Kilowatthours
GEETPUS,200610,1275.227,10,Electricity Net Generation From Geothermal, All Sectors,Million Kilowatthours
GEETPUS,200611,1207.438,10,Electricity Net Generation From Geothermal, All Sectors,Million Kilowatthours
GEETPUS,200612,1290.052,10,Electricity Net Generation From Geothermal, All Sectors,Million Kilowatthours
GEETPUS,200613,14568.029,10,Electricity Net Generation From Geothermal, All Sectors,Million Kilowatthours
GEETPUS,200701,1295.617,10,Electricity Net Generation From Geothermal, All Sectors,Million Kilowatthours
GEETPUS,200702,1122.49,10,Electricity Net Generation From Geothermal, All Sectors,Million Kilowatthours
GEETPUS,200703,1204.13,10,Electricity Net Generation From Geothermal, All Sectors,Million Kilowatthours
GEETPUS,200704,1157.975,10,Electricity Net Generation From Geothermal, All Sectors,Million Kilowatthours
GEETPUS,200705,1154.708,10,Electricity Net Generation From Geothermal, All Sectors,Million Kilowatthours
GEETPUS,200706,1238.178,10,Electricity Net Generation From Geothermal, All Sectors,Million Kilowatthours
GEETPUS,200707,1250.382,10,Electricity Net Generation From Geothermal, All Sectors,Million Kilowatthours
GEETPUS,200708,1254.578,10,Electricity Net Generation From Geothermal, All Sectors,Million Kilowatthours
GEETPUS,200709,1217.726,10,Electricity Net Generation From Geothermal, All Sectors,Million Kilowatthours
GEETPUS,200710,1264.546,10,Electricity Net Generation From Geothermal, All Sectors,Million Kilowatthours
GEETPUS,200711,1210.973,10,Electricity Net Generation From Geothermal, All Sectors,Million Kilowatthours
GEETPUS,200712,1265.909,10,Electricity Net Generation From Geothermal, All Sectors,Million Kilowatthours
GEETPUS,200713,14637.213,10,Electricity Net Generation From Geothermal, All Sectors,Million Kilowatthours
GEETPUS,200801,1208.838,10,Electricity Net Generation From Geothermal, All Sectors,Million Kilowatthours
GEETPUS,200802,1086.683,10,Electricity Net Generation From Geothermal, All Sectors,Million Kilowatthours
GEETPUS,200803,1250.801,10,Electricity Net Generation From Geothermal, All Sectors,Million Kilowatthours
GEETPUS,200804,1218.121,10,Electricity Net Generation From Geothermal, All Sectors,Million Kilowatthours
GEETPUS,200805,1258.915,10,Electricity Net Generation From Geothermal, All Sectors,Million Kilowatthours
GEETPUS,200806,1260.302,10,Electricity Net Generation From Geothermal, All Sectors,Million Kilowatthours
GEETPUS,200807,1278.754,10,Electricity Net Generation From Geothermal, All Sectors,Million Kilowatthours
GEETPUS,200808,1272.715,10,Electricity Net Generation From Geothermal, All Sectors,Million Kilowatthours
GEETPUS,200809,1233.687,10,Electricity Net Generation From Geothermal, All Sectors,Million Kilowatthours
GEETPUS,200810,1276.855,10,Electricity Net Generation From Geothermal, All Sectors,Million Kilowatthours
GEETPUS,200811,1233.292,10,Electricity Net Generation From Geothermal, All Sectors,Million Kilowatthours
GEETPUS,200812,1261.013,10,Electricity Net Generation From Geothermal, All Sectors,Million Kilowatthours
GEETPUS,200813,14839.977,10,Electricity Net Generation From Geothermal, All Sectors,Million Kilowatthours
GEETPUS,200901,1288.81,10,Electricity Net Generation From Geothermal, All Sectors,Million Kilowatthours
GEETPUS,200902,1167.779,10,Electricity Net Generation From Geothermal, All Sectors,Million Kilowatthours
GEETPUS,200903,1300.335,10,Electricity Net Generation From Geothermal, All Sectors,Million Kilowatthours
GEETPUS,200904,1222.104,10,Electricity Net Generation From Geothermal, All Sectors,Million Kilowatthours
GEETPUS,200905,1235.186,10,Electricity Net Generation From Geothermal, All Sectors,Million Kilowatthours
GEETPUS,200906,1208.799,10,Electricity Net Generation From Geothermal, All Sectors,Million Kilowatthours
GEETPUS,200907,1255.4,10,Electricity Net Generation From Geothermal, All Sectors,Million Kilowatthours
GEETPUS,200908,1251.219,10,Electricity Net Generation From Geothermal, All Sectors,Million Kilowatthours
GEETPUS,200909,1216.783,10,Electricity Net Generation From Geothermal, All Sectors,Million Kilowatthours
GEETPUS,200910,1221.079,10,Electricity Net Generation From Geothermal, All Sectors,Million Kilowatthours
GEETPUS,200911,1273.265,10,Electricity Net Generation From Geothermal, All Sectors,Million Kilowatthours
GEETPUS,200912,1367.9,10,Electricity Net Generation From Geothermal, All Sectors,Million Kilowatthours
GEETPUS,200913,15008.658,10,Electricity Net Generation From Geothermal, All Sectors,Million Kilowatthours
GEETPUS,201001,1311.84,10,Electricity Net Generation From Geothermal, All Sectors,Million Kilowatthours
GEETPUS,201002,1159.038,10,Electricity Net Generation From Geothermal, All Sectors,Million Kilowatthours
GEETPUS,201003,1306.596,10,Electricity Net Generation From Geothermal, All Sectors,Million Kilowatthours
GEETPUS,201004,1240.251,10,Electricity Net Generation From Geothermal, All Sectors,Million Kilowatthours
GEETPUS,201005,1310.548,10,Electricity Net Generation From Geothermal, All Sectors,Million Kilowatthours
GEETPUS,201006,1263.676,10,Electricity Net Generation From Geothermal, All Sectors,Million Kilowatthours
GEETPUS,201007,1273.616,10,Electricity Net Generation From Geothermal, All Sectors,Million Kilowatthours
GEETPUS,201008,1296.912,10,Electricity Net Generation From Geothermal, All Sectors,Million Kilowatthours
GEETPUS,201009,1252.569,10,Electricity Net Generation From Geothermal, All Sectors,Million Kilowatthours
GEETPUS,201010,1222,10,Electricity Net Generation From Geothermal, All Sectors,Million Kilowatthours
GEETPUS,201011,1252.33,10,Electricity Net Generation From Geothermal, All Sectors,Million Kilowatthours
GEETPUS,201012,1329.837,10,Electricity Net Generation From Geothermal, All Sectors,Million Kilowatthours
GEETPUS,201013,15219.213,10,Electricity Net Generation From Geothermal, All Sectors,Million Kilowatthours
GEETPUS,201101,1346.945,10,Electricity Net Generation From Geothermal, All Sectors,Million Kilowatthours
GEETPUS,201102,1215.006,10,Electricity Net Generation From Geothermal, All Sectors,Million Kilowatthours
GEETPUS,201103,1337.484,10,Electricity Net Generation From Geothermal, All Sectors,Million Kilowatthours
GEETPUS,201104,1239.063,10,Electricity Net Generation From Geothermal, All Sectors,Million Kilowatthours
GEETPUS,201105,1317.548,10,Electricity Net Generation From Geothermal, All Sectors,Million Kilowatthours
GEETPUS,201106,1214.562,10,Electricity Net Generation From Geothermal, All Sectors,Million Kilowatthours
GEETPUS,201107,1269.04,10,Electricity Net Generation From Geothermal, All Sectors,Million Kilowatthours
GEETPUS,201108,1274.632,10,Electricity Net Generation From Geothermal, All Sectors,Million Kilowatthours
GEETPUS,201109,1225.547,10,Electricity Net Generation From Geothermal, All Sectors,Million Kilowatthours
GEETPUS,201110,1280.628,10,Electricity Net Generation From Geothermal, All Sectors,Million Kilowatthours
GEETPUS,201111,1271.218,10,Electricity Net Generation From Geothermal, All Sectors,Million Kilowatthours
GEETPUS,201112,1324.395,10,Electricity Net Generation From Geothermal, All Sectors,Million Kilowatthours
GEETPUS,201113,15316.068,10,Electricity Net Generation From Geothermal, All Sectors,Million Kilowatthours
GEETPUS,201201,1263.252,10,Electricity Net Generation From Geothermal, All Sectors,Million Kilowatthours
GEETPUS,201202,1193.33,10,Electricity Net Generation From Geothermal, All Sectors,Million Kilowatthours
GEETPUS,201203,1285.149,10,Electricity Net Generation From Geothermal, All Sectors,Million Kilowatthours
GEETPUS,201204,1248.299,10,Electricity Net Generation From Geothermal, All Sectors,Million Kilowatthours
GEETPUS,201205,1303.996,10,Electricity Net Generation From Geothermal, All Sectors,Million Kilowatthours
GEETPUS,201206,1277.48,10,Electricity Net Generation From Geothermal, All Sectors,Million Kilowatthours
GEETPUS,201207,1320.648,10,Electricity Net Generation From Geothermal, All Sectors,Million Kilowatthours
GEETPUS,201208,1303.839,10,Electricity Net Generation From Geothermal, All Sectors,Million Kilowatthours
GEETPUS,201209,1299.983,10,Electricity Net Generation From Geothermal, All Sectors,Million Kilowatthours
GEETPUS,201210,1329.149,10,Electricity Net Generation From Geothermal, All Sectors,Million Kilowatthours
GEETPUS,201211,1347.052,10,Electricity Net Generation From Geothermal, All Sectors,Million Kilowatthours
GEETPUS,201212,1390.249,10,Electricity Net Generation From Geothermal, All Sectors,Million Kilowatthours
GEETPUS,201213,15562.426,10,Electricity Net Generation From Geothermal, All Sectors,Million Kilowatthours
GEETPUS,201301,1381.88,10,Electricity Net Generation From Geothermal, All Sectors,Million Kilowatthours
GEETPUS,201302,1236.235,10,Electricity Net Generation From Geothermal, All Sectors,Million Kilowatthours
GEETPUS,201303,1378.216,10,Electricity Net Generation From Geothermal, All Sectors,Million Kilowatthours
GEETPUS,201304,1274.158,10,Electricity Net Generation From Geothermal, All Sectors,Million Kilowatthours
GEETPUS,201305,1307.711,10,Electricity Net Generation From Geothermal, All Sectors,Million Kilowatthours
GEETPUS,201306,1278.254,10,Electricity Net Generation From Geothermal, All Sectors,Million Kilowatthours
GEETPUS,201307,1336.882,10,Electricity Net Generation From Geothermal, All Sectors,Million Kilowatthours
GEETPUS,201308,1322.436,10,Electricity Net Generation From Geothermal, All Sectors,Million Kilowatthours
GEETPUS,201309,1299.3,10,Electricity Net Generation From Geothermal, All Sectors,Million Kilowatthours
GEETPUS,201310,1363.499,10,Electricity Net Generation From Geothermal, All Sectors,Million Kilowatthours
GEETPUS,201311,1230.481,10,Electricity Net Generation From Geothermal, All Sectors,Million Kilowatthours
GEETPUS,201312,1365.619,10,Electricity Net Generation From Geothermal, All Sectors,Million Kilowatthours
GEETPUS,201313,15774.674,10,Electricity Net Generation From Geothermal, All Sectors,Million Kilowatthours
GEETPUS,201401,1355.016,10,Electricity Net Generation From Geothermal, All Sectors,Million Kilowatthours
GEETPUS,201402,1206.13,10,Electricity Net Generation From Geothermal, All Sectors,Million Kilowatthours
GEETPUS,201403,1337.666,10,Electricity Net Generation From Geothermal, All Sectors,Million Kilowatthours
GEETPUS,201404,1313.535,10,Electricity Net Generation From Geothermal, All Sectors,Million Kilowatthours
GEETPUS,201405,1332.361,10,Electricity Net Generation From Geothermal, All Sectors,Million Kilowatthours
GEETPUS,201406,1293.375,10,Electricity Net Generation From Geothermal, All Sectors,Million Kilowatthours
GEETPUS,201407,1319.572,10,Electricity Net Generation From Geothermal, All Sectors,Million Kilowatthours
GEETPUS,201408,1329.209,10,Electricity Net Generation From Geothermal, All Sectors,Million Kilowatthours
GEETPUS,201409,1307.519,10,Electricity Net Generation From Geothermal, All Sectors,Million Kilowatthours
GEETPUS,201410,1345.091,10,Electricity Net Generation From Geothermal, All Sectors,Million Kilowatthours
GEETPUS,201411,1362.469,10,Electricity Net Generation From Geothermal, All Sectors,Million Kilowatthours
GEETPUS,201412,1374.999,10,Electricity Net Generation From Geothermal, All Sectors,Million Kilowatthours
GEETPUS,201413,15876.941,10,Electricity Net Generation From Geothermal, All Sectors,Million Kilowatthours
GEETPUS,201501,1361.915,10,Electricity Net Generation From Geothermal, All Sectors,Million Kilowatthours
GEETPUS,201502,1260.099,10,Electricity Net Generation From Geothermal, All Sectors,Million Kilowatthours
GEETPUS,201503,1393.994,10,Electricity Net Generation From Geothermal, All Sectors,Million Kilowatthours
GEETPUS,201504,1272.428,10,Electricity Net Generation From Geothermal, All Sectors,Million Kilowatthours
GEETPUS,201505,1390.151,10,Electricity Net Generation From Geothermal, All Sectors,Million Kilowatthours
GEETPUS,201506,1301.608,10,Electricity Net Generation From Geothermal, All Sectors,Million Kilowatthours
GEETPUS,201507,1356.727,10,Electricity Net Generation From Geothermal, All Sectors,Million Kilowatthours
GEETPUS,201508,1344.143,10,Electricity Net Generation From Geothermal, All Sectors,Million Kilowatthours
GEETPUS,201509,1202.861,10,Electricity Net Generation From Geothermal, All Sectors,Million Kilowatthours
GEETPUS,201510,1323.032,10,Electricity Net Generation From Geothermal, All Sectors,Million Kilowatthours
GEETPUS,201511,1333.628,10,Electricity Net Generation From Geothermal, All Sectors,Million Kilowatthours
GEETPUS,201512,1376.988,10,Electricity Net Generation From Geothermal, All Sectors,Million Kilowatthours
GEETPUS,201513,15917.575,10,Electricity Net Generation From Geothermal, All Sectors,Million Kilowatthours
GEETPUS,201601,1332.006,10,Electricity Net Generation From Geothermal, All Sectors,Million Kilowatthours
GEETPUS,201602,1243.384,10,Electricity Net Generation From Geothermal, All Sectors,Million Kilowatthours
GEETPUS,201603,1315.159,10,Electricity Net Generation From Geothermal, All Sectors,Million Kilowatthours
GEETPUS,201604,1208.97,10,Electricity Net Generation From Geothermal, All Sectors,Million Kilowatthours
GEETPUS,201605,1341.84,10,Electricity Net Generation From Geothermal, All Sectors,Million Kilowatthours
GEETPUS,201606,1251.393,10,Electricity Net Generation From Geothermal, All Sectors,Million Kilowatthours
GEETPUS,201607,1311.215,10,Electricity Net Generation From Geothermal, All Sectors,Million Kilowatthours
GEETPUS,201608,1324.264,10,Electricity Net Generation From Geothermal, All Sectors,Million Kilowatthours
GEETPUS,201609,1326.676,10,Electricity Net Generation From Geothermal, All Sectors,Million Kilowatthours
GEETPUS,201610,1353.167,10,Electricity Net Generation From Geothermal, All Sectors,Million Kilowatthours
GEETPUS,201611,1363.85,10,Electricity Net Generation From Geothermal, All Sectors,Million Kilowatthours
GEETPUS,201612,1453.884,10,Electricity Net Generation From Geothermal, All Sectors,Million Kilowatthours
GEETPUS,201613,15825.807,10,Electricity Net Generation From Geothermal, All Sectors,Million Kilowatthours
GEETPUS,201701,1406.967,10,Electricity Net Generation From Geothermal, All Sectors,Million Kilowatthours
GEETPUS,201702,1238.872,10,Electricity Net Generation From Geothermal, All Sectors,Million Kilowatthours
GEETPUS,201703,1387.185,10,Electricity Net Generation From Geothermal, All Sectors,Million Kilowatthours
GEETPUS,201704,1341.221,10,Electricity Net Generation From Geothermal, All Sectors,Million Kilowatthours
GEETPUS,201705,1301.858,10,Electricity Net Generation From Geothermal, All Sectors,Million Kilowatthours
GEETPUS,201706,1283.75,10,Electricity Net Generation From Geothermal, All Sectors,Million Kilowatthours
GEETPUS,201707,1372.704,10,Electricity Net Generation From Geothermal, All Sectors,Million Kilowatthours
GEETPUS,201708,1362.996,10,Electricity Net Generation From Geothermal, All Sectors,Million Kilowatthours
GEETPUS,201709,1331.503,10,Electricity Net Generation From Geothermal, All Sectors,Million Kilowatthours
GEETPUS,201710,1214.124,10,Electricity Net Generation From Geothermal, All Sectors,Million Kilowatthours
GEETPUS,201711,1304.684,10,Electricity Net Generation From Geothermal, All Sectors,Million Kilowatthours
GEETPUS,201712,1380.91,10,Electricity Net Generation From Geothermal, All Sectors,Million Kilowatthours
GEETPUS,201713,15926.774,10,Electricity Net Generation From Geothermal, All Sectors,Million Kilowatthours
GEETPUS,201801,1341.307,10,Electricity Net Generation From Geothermal, All Sectors,Million Kilowatthours
GEETPUS,201802,1274.093,10,Electricity Net Generation From Geothermal, All Sectors,Million Kilowatthours
GEETPUS,201803,1366.753,10,Electricity Net Generation From Geothermal, All Sectors,Million Kilowatthours
GEETPUS,201804,1187.937,10,Electricity Net Generation From Geothermal, All Sectors,Million Kilowatthours
GEETPUS,201805,1382.62,10,Electricity Net Generation From Geothermal, All Sectors,Million Kilowatthours
GEETPUS,201806,1299.835,10,Electricity Net Generation From Geothermal, All Sectors,Million Kilowatthours
GEETPUS,201807,1369.611,10,Electricity Net Generation From Geothermal, All Sectors,Million Kilowatthours
GEETPUS,201808,1367.055,10,Electricity Net Generation From Geothermal, All Sectors,Million Kilowatthours
GEETPUS,201809,1327.908,10,Electricity Net Generation From Geothermal, All Sectors,Million Kilowatthours
GEETPUS,201810,1273.09,10,Electricity Net Generation From Geothermal, All Sectors,Million Kilowatthours
GEETPUS,201811,1330.844,10,Electricity Net Generation From Geothermal, All Sectors,Million Kilowatthours
GEETPUS,201812,1446.081,10,Electricity Net Generation From Geothermal, All Sectors,Million Kilowatthours
GEETPUS,201813,15967.134,10,Electricity Net Generation From Geothermal, All Sectors,Million Kilowatthours
GEETPUS,201901,1389.937,10,Electricity Net Generation From Geothermal, All Sectors,Million Kilowatthours
GEETPUS,201902,1292.578,10,Electricity Net Generation From Geothermal, All Sectors,Million Kilowatthours
GEETPUS,201903,1422.499,10,Electricity Net Generation From Geothermal, All Sectors,Million Kilowatthours
GEETPUS,201904,1254.003,10,Electricity Net Generation From Geothermal, All Sectors,Million Kilowatthours
GEETPUS,201905,1341.836,10,Electricity Net Generation From Geothermal, All Sectors,Million Kilowatthours
GEETPUS,201906,1328.263,10,Electricity Net Generation From Geothermal, All Sectors,Million Kilowatthours
GEETPUS,201907,1375.36,10,Electricity Net Generation From Geothermal, All Sectors,Million Kilowatthours
GEETPUS,201908,1393.152,10,Electricity Net Generation From Geothermal, All Sectors,Million Kilowatthours
GEETPUS,201909,1367.612,10,Electricity Net Generation From Geothermal, All Sectors,Million Kilowatthours
GEETPUS,201910,1141.052,10,Electricity Net Generation From Geothermal, All Sectors,Million Kilowatthours
GEETPUS,201911,983.532,10,Electricity Net Generation From Geothermal, All Sectors,Million Kilowatthours
GEETPUS,201912,1182.894,10,Electricity Net Generation From Geothermal, All Sectors,Million Kilowatthours
GEETPUS,201913,15472.717,10,Electricity Net Generation From Geothermal, All Sectors,Million Kilowatthours
GEETPUS,202001,1147.531,10,Electricity Net Generation From Geothermal, All Sectors,Million Kilowatthours
GEETPUS,202002,1230.178,10,Electricity Net Generation From Geothermal, All Sectors,Million Kilowatthours
GEETPUS,202003,1465.168,10,Electricity Net Generation From Geothermal, All Sectors,Million Kilowatthours
GEETPUS,202004,1378.947,10,Electricity Net Generation From Geothermal, All Sectors,Million Kilowatthours
GEETPUS,202005,1362.269,10,Electricity Net Generation From Geothermal, All Sectors,Million Kilowatthours
GEETPUS,202006,1274.121,10,Electricity Net Generation From Geothermal, All Sectors,Million Kilowatthours
GEETPUS,202007,1331.287,10,Electricity Net Generation From Geothermal, All Sectors,Million Kilowatthours
GEETPUS,202008,1323.024,10,Electricity Net Generation From Geothermal, All Sectors,Million Kilowatthours
GEETPUS,202009,1288.005,10,Electricity Net Generation From Geothermal, All Sectors,Million Kilowatthours
GEETPUS,202010,1287.561,10,Electricity Net Generation From Geothermal, All Sectors,Million Kilowatthours
GEETPUS,202011,1398.789,10,Electricity Net Generation From Geothermal, All Sectors,Million Kilowatthours
GEETPUS,202012,1402.816,10,Electricity Net Generation From Geothermal, All Sectors,Million Kilowatthours
GEETPUS,202013,15889.697,10,Electricity Net Generation From Geothermal, All Sectors,Million Kilowatthours
GEETPUS,202101,1346.753,10,Electricity Net Generation From Geothermal, All Sectors,Million Kilowatthours
GEETPUS,202102,1287.222,10,Electricity Net Generation From Geothermal, All Sectors,Million Kilowatthours
GEETPUS,202103,1241.81,10,Electricity Net Generation From Geothermal, All Sectors,Million Kilowatthours
GEETPUS,202104,1287.726,10,Electricity Net Generation From Geothermal, All Sectors,Million Kilowatthours
GEETPUS,202105,1334.507,10,Electricity Net Generation From Geothermal, All Sectors,Million Kilowatthours
GEETPUS,202106,1277.263,10,Electricity Net Generation From Geothermal, All Sectors,Million Kilowatthours
GEETPUS,202107,1350.662,10,Electricity Net Generation From Geothermal, All Sectors,Million Kilowatthours
GEETPUS,202108,1336.927,10,Electricity Net Generation From Geothermal, All Sectors,Million Kilowatthours
GEETPUS,202109,1343.181,10,Electricity Net Generation From Geothermal, All Sectors,Million Kilowatthours
GEETPUS,202110,1318.787,10,Electricity Net Generation From Geothermal, All Sectors,Million Kilowatthours
GEETPUS,202111,1365.541,10,Electricity Net Generation From Geothermal, All Sectors,Million Kilowatthours
GEETPUS,202112,1484.389,10,Electricity Net Generation From Geothermal, All Sectors,Million Kilowatthours
GEETPUS,202113,15974.767,10,Electricity Net Generation From Geothermal, All Sectors,Million Kilowatthours
GEETPUS,202201,1566.027,10,Electricity Net Generation From Geothermal, All Sectors,Million Kilowatthours
GEETPUS,202202,1310.366,10,Electricity Net Generation From Geothermal, All Sectors,Million Kilowatthours
GEETPUS,202203,1376.112,10,Electricity Net Generation From Geothermal, All Sectors,Million Kilowatthours
GEETPUS,202204,1332.827,10,Electricity Net Generation From Geothermal, All Sectors,Million Kilowatthours
GEETPUS,202205,1383.96,10,Electricity Net Generation From Geothermal, All Sectors,Million Kilowatthours
GEETPUS,202206,1365.374,10,Electricity Net Generation From Geothermal, All Sectors,Million Kilowatthours
GEETPUS,202207,1438.13,10,Electricity Net Generation From Geothermal, All Sectors,Million Kilowatthours
GEETPUS,202208,1442.282,10,Electricity Net Generation From Geothermal, All Sectors,Million Kilowatthours
GEETPUS,202209,1412.084,10,Electricity Net Generation From Geothermal, All Sectors,Million Kilowatthours
GEETPUS,202210,1344.275,10,Electricity Net Generation From Geothermal, All Sectors,Million Kilowatthours
GEETPUS,202211,1468.899,10,Electricity Net Generation From Geothermal, All Sectors,Million Kilowatthours
