HPETPUS,194913,Not Available,6,Electricity Net Generation From Hydroelectric Pumped Storage, All Sectors,Million Kilowatthours
HPETPUS,195013,Not Available,6,Electricity Net Generation From Hydroelectric Pumped Storage, All Sectors,Million Kilowatthours
HPETPUS,195113,Not Available,6,Electricity Net Generation From Hydroelectric Pumped Storage, All Sectors,Million Kilowatthours
HPETPUS,195213,Not Available,6,Electricity Net Generation From Hydroelectric Pumped Storage, All Sectors,Million Kilowatthours
HPETPUS,195313,Not Available,6,Electricity Net Generation From Hydroelectric Pumped Storage, All Sectors,Million Kilowatthours
HPETPUS,195413,Not Available,6,Electricity Net Generation From Hydroelectric Pumped Storage, All Sectors,Million Kilowatthours
HPETPUS,195513,Not Available,6,Electricity Net Generation From Hydroelectric Pumped Storage, All Sectors,Million Kilowatthours
HPETPUS,195613,Not Available,6,Electricity Net Generation From Hydroelectric Pumped Storage, All Sectors,Million Kilowatthours
HPETPUS,195713,Not Available,6,Electricity Net Generation From Hydroelectric Pumped Storage, All Sectors,Million Kilowatthours
HPETPUS,195813,Not Available,6,Electricity Net Generation From Hydroelectric Pumped Storage, All Sectors,Million Kilowatthours
HPETPUS,195913,Not Available,6,Electricity Net Generation From Hydroelectric Pumped Storage, All Sectors,Million Kilowatthours
HPETPUS,196013,Not Available,6,Electricity Net Generation From Hydroelectric Pumped Storage, All Sectors,Million Kilowatthours
HPETPUS,196113,Not Available,6,Electricity Net Generation From Hydroelectric Pumped Storage, All Sectors,Million Kilowatthours
HPETPUS,196213,Not Available,6,Electricity Net Generation From Hydroelectric Pumped Storage, All Sectors,Million Kilowatthours
HPETPUS,196313,Not Available,6,Electricity Net Generation From Hydroelectric Pumped Storage, All Sectors,Million Kilowatthours
HPETPUS,196413,Not Available,6,Electricity Net Generation From Hydroelectric Pumped Storage, All Sectors,Million Kilowatthours
HPETPUS,196513,Not Available,6,Electricity Net Generation From Hydroelectric Pumped Storage, All Sectors,Million Kilowatthours
HPETPUS,196613,Not Available,6,Electricity Net Generation From Hydroelectric Pumped Storage, All Sectors,Million Kilowatthours
HPETPUS,196713,Not Available,6,Electricity Net Generation From Hydroelectric Pumped Storage, All Sectors,Million Kilowatthours
HPETPUS,196813,Not Available,6,Electricity Net Generation From Hydroelectric Pumped Storage, All Sectors,Million Kilowatthours
HPETPUS,196913,Not Available,6,Electricity Net Generation From Hydroelectric Pumped Storage, All Sectors,Million Kilowatthours
HPETPUS,197013,Not Available,6,Electricity Net Generation From Hydroelectric Pumped Storage, All Sectors,Million Kilowatthours
HPETPUS,197113,Not Available,6,Electricity Net Generation From Hydroelectric Pumped Storage, All Sectors,Million Kilowatthours
HPETPUS,197213,Not Available,6,Electricity Net Generation From Hydroelectric Pumped Storage, All Sectors,Million Kilowatthours
HPETPUS,197301,Not Available,6,Electricity Net Generation From Hydroelectric Pumped Storage, All Sectors,Million Kilowatthours
HPETPUS,197302,Not Available,6,Electricity Net Generation From Hydroelectric Pumped Storage, All Sectors,Million Kilowatthours
HPETPUS,197303,Not Available,6,Electricity Net Generation From Hydroelectric Pumped Storage, All Sectors,Million Kilowatthours
HPETPUS,197304,Not Available,6,Electricity Net Generation From Hydroelectric Pumped Storage, All Sectors,Million Kilowatthours
HPETPUS,197305,Not Available,6,Electricity Net Generation From Hydroelectric Pumped Storage, All Sectors,Million Kilowatthours
HPETPUS,197306,Not Available,6,Electricity Net Generation From Hydroelectric Pumped Storage, All Sectors,Million Kilowatthours
HPETPUS,197307,Not Available,6,Electricity Net Generation From Hydroelectric Pumped Storage, All Sectors,Million Kilowatthours
HPETPUS,197308,Not Available,6,Electricity Net Generation From Hydroelectric Pumped Storage, All Sectors,Million Kilowatthours
HPETPUS,197309,Not Available,6,Electricity Net Generation From Hydroelectric Pumped Storage, All Sectors,Million Kilowatthours
HPETPUS,197310,Not Available,6,Electricity Net Generation From Hydroelectric Pumped Storage, All Sectors,Million Kilowatthours
HPETPUS,197311,Not Available,6,Electricity Net Generation From Hydroelectric Pumped Storage, All Sectors,Million Kilowatthours
HPETPUS,197312,Not Available,6,Electricity Net Generation From Hydroelectric Pumped Storage, All Sectors,Million Kilowatthours
HPETPUS,197313,Not Available,6,Electricity Net Generation From Hydroelectric Pumped Storage, All Sectors,Million Kilowatthours
HPETPUS,197401,Not Available,6,Electricity Net Generation From Hydroelectric Pumped Storage, All Sectors,Million Kilowatthours
HPETPUS,197402,Not Available,6,Electricity Net Generation From Hydroelectric Pumped Storage, All Sectors,Million Kilowatthours
HPETPUS,197403,Not Available,6,Electricity Net Generation From Hydroelectric Pumped Storage, All Sectors,Million Kilowatthours
HPETPUS,197404,Not Available,6,Electricity Net Generation From Hydroelectric Pumped Storage, All Sectors,Million Kilowatthours
HPETPUS,197405,Not Available,6,Electricity Net Generation From Hydroelectric Pumped Storage, All Sectors,Million Kilowatthours
HPETPUS,197406,Not Available,6,Electricity Net Generation From Hydroelectric Pumped Storage, All Sectors,Million Kilowatthours
HPETPUS,197407,Not Available,6,Electricity Net Generation From Hydroelectric Pumped Storage, All Sectors,Million Kilowatthours
HPETPUS,197408,Not Available,6,Electricity Net Generation From Hydroelectric Pumped Storage, All Sectors,Million Kilowatthours
HPETPUS,197409,Not Available,6,Electricity Net Generation From Hydroelectric Pumped Storage, All Sectors,Million Kilowatthours
HPETPUS,197410,Not Available,6,Electricity Net Generation From Hydroelectric Pumped Storage, All Sectors,Million Kilowatthours
HPETPUS,197411,Not Available,6,Electricity Net Generation From Hydroelectric Pumped Storage, All Sectors,Million Kilowatthours
HPETPUS,197412,Not Available,6,Electricity Net Generation From Hydroelectric Pumped Storage, All Sectors,Million Kilowatthours
HPETPUS,197413,Not Available,6,Electricity Net Generation From Hydroelectric Pumped Storage, All Sectors,Million Kilowatthours
HPETPUS,197501,Not Available,6,Electricity Net Generation From Hydroelectric Pumped Storage, All Sectors,Million Kilowatthours
HPETPUS,197502,Not Available,6,Electricity Net Generation From Hydroelectric Pumped Storage, All Sectors,Million Kilowatthours
HPETPUS,197503,Not Available,6,Electricity Net Generation From Hydroelectric Pumped Storage, All Sectors,Million Kilowatthours
HPETPUS,197504,Not Available,6,Electricity Net Generation From Hydroelectric Pumped Storage, All Sectors,Million Kilowatthours
HPETPUS,197505,Not Available,6,Electricity Net Generation From Hydroelectric Pumped Storage, All Sectors,Million Kilowatthours
HPETPUS,197506,Not Available,6,Electricity Net Generation From Hydroelectric Pumped Storage, All Sectors,Million Kilowatthours
HPETPUS,197507,Not Available,6,Electricity Net Generation From Hydroelectric Pumped Storage, All Sectors,Million Kilowatthours
HPETPUS,197508,Not Available,6,Electricity Net Generation From Hydroelectric Pumped Storage, All Sectors,Million Kilowatthours
HPETPUS,197509,Not Available,6,Electricity Net Generation From Hydroelectric Pumped Storage, All Sectors,Million Kilowatthours
HPETPUS,197510,Not Available,6,Electricity Net Generation From Hydroelectric Pumped Storage, All Sectors,Million Kilowatthours
HPETPUS,197511,Not Available,6,Electricity Net Generation From Hydroelectric Pumped Storage, All Sectors,Million Kilowatthours
HPETPUS,197512,Not Available,6,Electricity Net Generation From Hydroelectric Pumped Storage, All Sectors,Million Kilowatthours
HPETPUS,197513,Not Available,6,Electricity Net Generation From Hydroelectric Pumped Storage, All Sectors,Million Kilowatthours
HPETPUS,197601,Not Available,6,Electricity Net Generation From Hydroelectric Pumped Storage, All Sectors,Million Kilowatthours
HPETPUS,197602,Not Available,6,Electricity Net Generation From Hydroelectric Pumped Storage, All Sectors,Million Kilowatthours
HPETPUS,197603,Not Available,6,Electricity Net Generation From Hydroelectric Pumped Storage, All Sectors,Million Kilowatthours
HPETPUS,197604,Not Available,6,Electricity Net Generation From Hydroelectric Pumped Storage, All Sectors,Million Kilowatthours
HPETPUS,197605,Not Available,6,Electricity Net Generation From Hydroelectric Pumped Storage, All Sectors,Million Kilowatthours
HPETPUS,197606,Not Available,6,Electricity Net Generation From Hydroelectric Pumped Storage, All Sectors,Million Kilowatthours
HPETPUS,197607,Not Available,6,Electricity Net Generation From Hydroelectric Pumped Storage, All Sectors,Million Kilowatthours
HPETPUS,197608,Not Available,6,Electricity Net Generation From Hydroelectric Pumped Storage, All Sectors,Million Kilowatthours
HPETPUS,197609,Not Available,6,Electricity Net Generation From Hydroelectric Pumped Storage, All Sectors,Million Kilowatthours
HPETPUS,197610,Not Available,6,Electricity Net Generation From Hydroelectric Pumped Storage, All Sectors,Million Kilowatthours
HPETPUS,197611,Not Available,6,Electricity Net Generation From Hydroelectric Pumped Storage, All Sectors,Million Kilowatthours
HPETPUS,197612,Not Available,6,Electricity Net Generation From Hydroelectric Pumped Storage, All Sectors,Million Kilowatthours
HPETPUS,197613,Not Available,6,Electricity Net Generation From Hydroelectric Pumped Storage, All Sectors,Million Kilowatthours
HPETPUS,197701,Not Available,6,Electricity Net Generation From Hydroelectric Pumped Storage, All Sectors,Million Kilowatthours
HPETPUS,197702,Not Available,6,Electricity Net Generation From Hydroelectric Pumped Storage, All Sectors,Million Kilowatthours
HPETPUS,197703,Not Available,6,Electricity Net Generation From Hydroelectric Pumped Storage, All Sectors,Million Kilowatthours
HPETPUS,197704,Not Available,6,Electricity Net Generation From Hydroelectric Pumped Storage, All Sectors,Million Kilowatthours
HPETPUS,197705,Not Available,6,Electricity Net Generation From Hydroelectric Pumped Storage, All Sectors,Million Kilowatthours
HPETPUS,197706,Not Available,6,Electricity Net Generation From Hydroelectric Pumped Storage, All Sectors,Million Kilowatthours
HPETPUS,197707,Not Available,6,Electricity Net Generation From Hydroelectric Pumped Storage, All Sectors,Million Kilowatthours
HPETPUS,197708,Not Available,6,Electricity Net Generation From Hydroelectric Pumped Storage, All Sectors,Million Kilowatthours
HPETPUS,197709,Not Available,6,Electricity Net Generation From Hydroelectric Pumped Storage, All Sectors,Million Kilowatthours
HPETPUS,197710,Not Available,6,Electricity Net Generation From Hydroelectric Pumped Storage, All Sectors,Million Kilowatthours
HPETPUS,197711,Not Available,6,Electricity Net Generation From Hydroelectric Pumped Storage, All Sectors,Million Kilowatthours
HPETPUS,197712,Not Available,6,Electricity Net Generation From Hydroelectric Pumped Storage, All Sectors,Million Kilowatthours
HPETPUS,197713,Not Available,6,Electricity Net Generation From Hydroelectric Pumped Storage, All Sectors,Million Kilowatthours
HPETPUS,197801,Not Available,6,Electricity Net Generation From Hydroelectric Pumped Storage, All Sectors,Million Kilowatthours
HPETPUS,197802,Not Available,6,Electricity Net Generation From Hydroelectric Pumped Storage, All Sectors,Million Kilowatthours
HPETPUS,197803,Not Available,6,Electricity Net Generation From Hydroelectric Pumped Storage, All Sectors,Million Kilowatthours
HPETPUS,197804,Not Available,6,Electricity Net Generation From Hydroelectric Pumped Storage, All Sectors,Million Kilowatthours
HPETPUS,197805,Not Available,6,Electricity Net Generation From Hydroelectric Pumped Storage, All Sectors,Million Kilowatthours
HPETPUS,197806,Not Available,6,Electricity Net Generation From Hydroelectric Pumped Storage, All Sectors,Million Kilowatthours
HPETPUS,197807,Not Available,6,Electricity Net Generation From Hydroelectric Pumped Storage, All Sectors,Million Kilowatthours
HPETPUS,197808,Not Available,6,Electricity Net Generation From Hydroelectric Pumped Storage, All Sectors,Million Kilowatthours
HPETPUS,197809,Not Available,6,Electricity Net Generation From Hydroelectric Pumped Storage, All Sectors,Million Kilowatthours
HPETPUS,197810,Not Available,6,Electricity Net Generation From Hydroelectric Pumped Storage, All Sectors,Million Kilowatthours
HPETPUS,197811,Not Available,6,Electricity Net Generation From Hydroelectric Pumped Storage, All Sectors,Million Kilowatthours
HPETPUS,197812,Not Available,6,Electricity Net Generation From Hydroelectric Pumped Storage, All Sectors,Million Kilowatthours
HPETPUS,197813,Not Available,6,Electricity Net Generation From Hydroelectric Pumped Storage, All Sectors,Million Kilowatthours
HPETPUS,197901,Not Available,6,Electricity Net Generation From Hydroelectric Pumped Storage, All Sectors,Million Kilowatthours
HPETPUS,197902,Not Available,6,Electricity Net Generation From Hydroelectric Pumped Storage, All Sectors,Million Kilowatthours
HPETPUS,197903,Not Available,6,Electricity Net Generation From Hydroelectric Pumped Storage, All Sectors,Million Kilowatthours
HPETPUS,197904,Not Available,6,Electricity Net Generation From Hydroelectric Pumped Storage, All Sectors,Million Kilowatthours
HPETPUS,197905,Not Available,6,Electricity Net Generation From Hydroelectric Pumped Storage, All Sectors,Million Kilowatthours
HPETPUS,197906,Not Available,6,Electricity Net Generation From Hydroelectric Pumped Storage, All Sectors,Million Kilowatthours
HPETPUS,197907,Not Available,6,Electricity Net Generation From Hydroelectric Pumped Storage, All Sectors,Million Kilowatthours
HPETPUS,197908,Not Available,6,Electricity Net Generation From Hydroelectric Pumped Storage, All Sectors,Million Kilowatthours
HPETPUS,197909,Not Available,6,Electricity Net Generation From Hydroelectric Pumped Storage, All Sectors,Million Kilowatthours
HPETPUS,197910,Not Available,6,Electricity Net Generation From Hydroelectric Pumped Storage, All Sectors,Million Kilowatthours
HPETPUS,197911,Not Available,6,Electricity Net Generation From Hydroelectric Pumped Storage, All Sectors,Million Kilowatthours
HPETPUS,197912,Not Available,6,Electricity Net Generation From Hydroelectric Pumped Storage, All Sectors,Million Kilowatthours
HPETPUS,197913,Not Available,6,Electricity Net Generation From Hydroelectric Pumped Storage, All Sectors,Million Kilowatthours
HPETPUS,198001,Not Available,6,Electricity Net Generation From Hydroelectric Pumped Storage, All Sectors,Million Kilowatthours
HPETPUS,198002,Not Available,6,Electricity Net Generation From Hydroelectric Pumped Storage, All Sectors,Million Kilowatthours
HPETPUS,198003,Not Available,6,Electricity Net Generation From Hydroelectric Pumped Storage, All Sectors,Million Kilowatthours
HPETPUS,198004,Not Available,6,Electricity Net Generation From Hydroelectric Pumped Storage, All Sectors,Million Kilowatthours
HPETPUS,198005,Not Available,6,Electricity Net Generation From Hydroelectric Pumped Storage, All Sectors,Million Kilowatthours
HPETPUS,198006,Not Available,6,Electricity Net Generation From Hydroelectric Pumped Storage, All Sectors,Million Kilowatthours
HPETPUS,198007,Not Available,6,Electricity Net Generation From Hydroelectric Pumped Storage, All Sectors,Million Kilowatthours
HPETPUS,198008,Not Available,6,Electricity Net Generation From Hydroelectric Pumped Storage, All Sectors,Million Kilowatthours
HPETPUS,198009,Not Available,6,Electricity Net Generation From Hydroelectric Pumped Storage, All Sectors,Million Kilowatthours
HPETPUS,198010,Not Available,6,Electricity Net Generation From Hydroelectric Pumped Storage, All Sectors,Million Kilowatthours
HPETPUS,198011,Not Available,6,Electricity Net Generation From Hydroelectric Pumped Storage, All Sectors,Million Kilowatthours
HPETPUS,198012,Not Available,6,Electricity Net Generation From Hydroelectric Pumped Storage, All Sectors,Million Kilowatthours
HPETPUS,198013,Not Available,6,Electricity Net Generation From Hydroelectric Pumped Storage, All Sectors,Million Kilowatthours
HPETPUS,198101,Not Available,6,Electricity Net Generation From Hydroelectric Pumped Storage, All Sectors,Million Kilowatthours
HPETPUS,198102,Not Available,6,Electricity Net Generation From Hydroelectric Pumped Storage, All Sectors,Million Kilowatthours
HPETPUS,198103,Not Available,6,Electricity Net Generation From Hydroelectric Pumped Storage, All Sectors,Million Kilowatthours
HPETPUS,198104,Not Available,6,Electricity Net Generation From Hydroelectric Pumped Storage, All Sectors,Million Kilowatthours
HPETPUS,198105,Not Available,6,Electricity Net Generation From Hydroelectric Pumped Storage, All Sectors,Million Kilowatthours
HPETPUS,198106,Not Available,6,Electricity Net Generation From Hydroelectric Pumped Storage, All Sectors,Million Kilowatthours
HPETPUS,198107,Not Available,6,Electricity Net Generation From Hydroelectric Pumped Storage, All Sectors,Million Kilowatthours
HPETPUS,198108,Not Available,6,Electricity Net Generation From Hydroelectric Pumped Storage, All Sectors,Million Kilowatthours
HPETPUS,198109,Not Available,6,Electricity Net Generation From Hydroelectric Pumped Storage, All Sectors,Million Kilowatthours
HPETPUS,198110,Not Available,6,Electricity Net Generation From Hydroelectric Pumped Storage, All Sectors,Million Kilowatthours
HPETPUS,198111,Not Available,6,Electricity Net Generation From Hydroelectric Pumped Storage, All Sectors,Million Kilowatthours
HPETPUS,198112,Not Available,6,Electricity Net Generation From Hydroelectric Pumped Storage, All Sectors,Million Kilowatthours
HPETPUS,198113,Not Available,6,Electricity Net Generation From Hydroelectric Pumped Storage, All Sectors,Million Kilowatthours
HPETPUS,198201,Not Available,6,Electricity Net Generation From Hydroelectric Pumped Storage, All Sectors,Million Kilowatthours
HPETPUS,198202,Not Available,6,Electricity Net Generation From Hydroelectric Pumped Storage, All Sectors,Million Kilowatthours
HPETPUS,198203,Not Available,6,Electricity Net Generation From Hydroelectric Pumped Storage, All Sectors,Million Kilowatthours
HPETPUS,198204,Not Available,6,Electricity Net Generation From Hydroelectric Pumped Storage, All Sectors,Million Kilowatthours
HPETPUS,198205,Not Available,6,Electricity Net Generation From Hydroelectric Pumped Storage, All Sectors,Million Kilowatthours
HPETPUS,198206,Not Available,6,Electricity Net Generation From Hydroelectric Pumped Storage, All Sectors,Million Kilowatthours
HPETPUS,198207,Not Available,6,Electricity Net Generation From Hydroelectric Pumped Storage, All Sectors,Million Kilowatthours
HPETPUS,198208,Not Available,6,Electricity Net Generation From Hydroelectric Pumped Storage, All Sectors,Million Kilowatthours
HPETPUS,198209,Not Available,6,Electricity Net Generation From Hydroelectric Pumped Storage, All Sectors,Million Kilowatthours
HPETPUS,198210,Not Available,6,Electricity Net Generation From Hydroelectric Pumped Storage, All Sectors,Million Kilowatthours
HPETPUS,198211,Not Available,6,Electricity Net Generation From Hydroelectric Pumped Storage, All Sectors,Million Kilowatthours
HPETPUS,198212,Not Available,6,Electricity Net Generation From Hydroelectric Pumped Storage, All Sectors,Million Kilowatthours
HPETPUS,198213,Not Available,6,Electricity Net Generation From Hydroelectric Pumped Storage, All Sectors,Million Kilowatthours
HPETPUS,198301,Not Available,6,Electricity Net Generation From Hydroelectric Pumped Storage, All Sectors,Million Kilowatthours
HPETPUS,198302,Not Available,6,Electricity Net Generation From Hydroelectric Pumped Storage, All Sectors,Million Kilowatthours
HPETPUS,198303,Not Available,6,Electricity Net Generation From Hydroelectric Pumped Storage, All Sectors,Million Kilowatthours
HPETPUS,198304,Not Available,6,Electricity Net Generation From Hydroelectric Pumped Storage, All Sectors,Million Kilowatthours
HPETPUS,198305,Not Available,6,Electricity Net Generation From Hydroelectric Pumped Storage, All Sectors,Million Kilowatthours
HPETPUS,198306,Not Available,6,Electricity Net Generation From Hydroelectric Pumped Storage, All Sectors,Million Kilowatthours
HPETPUS,198307,Not Available,6,Electricity Net Generation From Hydroelectric Pumped Storage, All Sectors,Million Kilowatthours
HPETPUS,198308,Not Available,6,Electricity Net Generation From Hydroelectric Pumped Storage, All Sectors,Million Kilowatthours
HPETPUS,198309,Not Available,6,Electricity Net Generation From Hydroelectric Pumped Storage, All Sectors,Million Kilowatthours
HPETPUS,198310,Not Available,6,Electricity Net Generation From Hydroelectric Pumped Storage, All Sectors,Million Kilowatthours
HPETPUS,198311,Not Available,6,Electricity Net Generation From Hydroelectric Pumped Storage, All Sectors,Million Kilowatthours
HPETPUS,198312,Not Available,6,Electricity Net Generation From Hydroelectric Pumped Storage, All Sectors,Million Kilowatthours
HPETPUS,198313,Not Available,6,Electricity Net Generation From Hydroelectric Pumped Storage, All Sectors,Million Kilowatthours
HPETPUS,198401,Not Available,6,Electricity Net Generation From Hydroelectric Pumped Storage, All Sectors,Million Kilowatthours
HPETPUS,198402,Not Available,6,Electricity Net Generation From Hydroelectric Pumped Storage, All Sectors,Million Kilowatthours
HPETPUS,198403,Not Available,6,Electricity Net Generation From Hydroelectric Pumped Storage, All Sectors,Million Kilowatthours
HPETPUS,198404,Not Available,6,Electricity Net Generation From Hydroelectric Pumped Storage, All Sectors,Million Kilowatthours
HPETPUS,198405,Not Available,6,Electricity Net Generation From Hydroelectric Pumped Storage, All Sectors,Million Kilowatthours
HPETPUS,198406,Not Available,6,Electricity Net Generation From Hydroelectric Pumped Storage, All Sectors,Million Kilowatthours
HPETPUS,198407,Not Available,6,Electricity Net Generation From Hydroelectric Pumped Storage, All Sectors,Million Kilowatthours
HPETPUS,198408,Not Available,6,Electricity Net Generation From Hydroelectric Pumped Storage, All Sectors,Million Kilowatthours
HPETPUS,198409,Not Available,6,Electricity Net Generation From Hydroelectric Pumped Storage, All Sectors,Million Kilowatthours
HPETPUS,198410,Not Available,6,Electricity Net Generation From Hydroelectric Pumped Storage, All Sectors,Million Kilowatthours
HPETPUS,198411,Not Available,6,Electricity Net Generation From Hydroelectric Pumped Storage, All Sectors,Million Kilowatthours
HPETPUS,198412,Not Available,6,Electricity Net Generation From Hydroelectric Pumped Storage, All Sectors,Million Kilowatthours
HPETPUS,198413,Not Available,6,Electricity Net Generation From Hydroelectric Pumped Storage, All Sectors,Million Kilowatthours
HPETPUS,198501,Not Available,6,Electricity Net Generation From Hydroelectric Pumped Storage, All Sectors,Million Kilowatthours
HPETPUS,198502,Not Available,6,Electricity Net Generation From Hydroelectric Pumped Storage, All Sectors,Million Kilowatthours
HPETPUS,198503,Not Available,6,Electricity Net Generation From Hydroelectric Pumped Storage, All Sectors,Million Kilowatthours
HPETPUS,198504,Not Available,6,Electricity Net Generation From Hydroelectric Pumped Storage, All Sectors,Million Kilowatthours
HPETPUS,198505,Not Available,6,Electricity Net Generation From Hydroelectric Pumped Storage, All Sectors,Million Kilowatthours
HPETPUS,198506,Not Available,6,Electricity Net Generation From Hydroelectric Pumped Storage, All Sectors,Million Kilowatthours
HPETPUS,198507,Not Available,6,Electricity Net Generation From Hydroelectric Pumped Storage, All Sectors,Million Kilowatthours
HPETPUS,198508,Not Available,6,Electricity Net Generation From Hydroelectric Pumped Storage, All Sectors,Million Kilowatthours
HPETPUS,198509,Not Available,6,Electricity Net Generation From Hydroelectric Pumped Storage, All Sectors,Million Kilowatthours
HPETPUS,198510,Not Available,6,Electricity Net Generation From Hydroelectric Pumped Storage, All Sectors,Million Kilowatthours
HPETPUS,198511,Not Available,6,Electricity Net Generation From Hydroelectric Pumped Storage, All Sectors,Million Kilowatthours
HPETPUS,198512,Not Available,6,Electricity Net Generation From Hydroelectric Pumped Storage, All Sectors,Million Kilowatthours
HPETPUS,198513,Not Available,6,Electricity Net Generation From Hydroelectric Pumped Storage, All Sectors,Million Kilowatthours
HPETPUS,198601,Not Available,6,Electricity Net Generation From Hydroelectric Pumped Storage, All Sectors,Million Kilowatthours
HPETPUS,198602,Not Available,6,Electricity Net Generation From Hydroelectric Pumped Storage, All Sectors,Million Kilowatthours
HPETPUS,198603,Not Available,6,Electricity Net Generation From Hydroelectric Pumped Storage, All Sectors,Million Kilowatthours
HPETPUS,198604,Not Available,6,Electricity Net Generation From Hydroelectric Pumped Storage, All Sectors,Million Kilowatthours
HPETPUS,198605,Not Available,6,Electricity Net Generation From Hydroelectric Pumped Storage, All Sectors,Million Kilowatthours
HPETPUS,198606,Not Available,6,Electricity Net Generation From Hydroelectric Pumped Storage, All Sectors,Million Kilowatthours
HPETPUS,198607,Not Available,6,Electricity Net Generation From Hydroelectric Pumped Storage, All Sectors,Million Kilowatthours
HPETPUS,198608,Not Available,6,Electricity Net Generation From Hydroelectric Pumped Storage, All Sectors,Million Kilowatthours
HPETPUS,198609,Not Available,6,Electricity Net Generation From Hydroelectric Pumped Storage, All Sectors,Million Kilowatthours
HPETPUS,198610,Not Available,6,Electricity Net Generation From Hydroelectric Pumped Storage, All Sectors,Million Kilowatthours
HPETPUS,198611,Not Available,6,Electricity Net Generation From Hydroelectric Pumped Storage, All Sectors,Million Kilowatthours
HPETPUS,198612,Not Available,6,Electricity Net Generation From Hydroelectric Pumped Storage, All Sectors,Million Kilowatthours
HPETPUS,198613,Not Available,6,Electricity Net Generation From Hydroelectric Pumped Storage, All Sectors,Million Kilowatthours
HPETPUS,198701,Not Available,6,Electricity Net Generation From Hydroelectric Pumped Storage, All Sectors,Million Kilowatthours
HPETPUS,198702,Not Available,6,Electricity Net Generation From Hydroelectric Pumped Storage, All Sectors,Million Kilowatthours
HPETPUS,198703,Not Available,6,Electricity Net Generation From Hydroelectric Pumped Storage, All Sectors,Million Kilowatthours
HPETPUS,198704,Not Available,6,Electricity Net Generation From Hydroelectric Pumped Storage, All Sectors,Million Kilowatthours
HPETPUS,198705,Not Available,6,Electricity Net Generation From Hydroelectric Pumped Storage, All Sectors,Million Kilowatthours
HPETPUS,198706,Not Available,6,Electricity Net Generation From Hydroelectric Pumped Storage, All Sectors,Million Kilowatthours
HPETPUS,198707,Not Available,6,Electricity Net Generation From Hydroelectric Pumped Storage, All Sectors,Million Kilowatthours
HPETPUS,198708,Not Available,6,Electricity Net Generation From Hydroelectric Pumped Storage, All Sectors,Million Kilowatthours
HPETPUS,198709,Not Available,6,Electricity Net Generation From Hydroelectric Pumped Storage, All Sectors,Million Kilowatthours
HPETPUS,198710,Not Available,6,Electricity Net Generation From Hydroelectric Pumped Storage, All Sectors,Million Kilowatthours
HPETPUS,198711,Not Available,6,Electricity Net Generation From Hydroelectric Pumped Storage, All Sectors,Million Kilowatthours
HPETPUS,198712,Not Available,6,Electricity Net Generation From Hydroelectric Pumped Storage, All Sectors,Million Kilowatthours
HPETPUS,198713,Not Available,6,Electricity Net Generation From Hydroelectric Pumped Storage, All Sectors,Million Kilowatthours
HPETPUS,198801,Not Available,6,Electricity Net Generation From Hydroelectric Pumped Storage, All Sectors,Million Kilowatthours
HPETPUS,198802,Not Available,6,Electricity Net Generation From Hydroelectric Pumped Storage, All Sectors,Million Kilowatthours
HPETPUS,198803,Not Available,6,Electricity Net Generation From Hydroelectric Pumped Storage, All Sectors,Million Kilowatthours
HPETPUS,198804,Not Available,6,Electricity Net Generation From Hydroelectric Pumped Storage, All Sectors,Million Kilowatthours
HPETPUS,198805,Not Available,6,Electricity Net Generation From Hydroelectric Pumped Storage, All Sectors,Million Kilowatthours
HPETPUS,198806,Not Available,6,Electricity Net Generation From Hydroelectric Pumped Storage, All Sectors,Million Kilowatthours
HPETPUS,198807,Not Available,6,Electricity Net Generation From Hydroelectric Pumped Storage, All Sectors,Million Kilowatthours
HPETPUS,198808,Not Available,6,Electricity Net Generation From Hydroelectric Pumped Storage, All Sectors,Million Kilowatthours
HPETPUS,198809,Not Available,6,Electricity Net Generation From Hydroelectric Pumped Storage, All Sectors,Million Kilowatthours
HPETPUS,198810,Not Available,6,Electricity Net Generation From Hydroelectric Pumped Storage, All Sectors,Million Kilowatthours
HPETPUS,198811,Not Available,6,Electricity Net Generation From Hydroelectric Pumped Storage, All Sectors,Million Kilowatthours
HPETPUS,198812,Not Available,6,Electricity Net Generation From Hydroelectric Pumped Storage, All Sectors,Million Kilowatthours
HPETPUS,198813,Not Available,6,Electricity Net Generation From Hydroelectric Pumped Storage, All Sectors,Million Kilowatthours
HPETPUS,198901,Not Available,6,Electricity Net Generation From Hydroelectric Pumped Storage, All Sectors,Million Kilowatthours
HPETPUS,198902,Not Available,6,Electricity Net Generation From Hydroelectric Pumped Storage, All Sectors,Million Kilowatthours
HPETPUS,198903,Not Available,6,Electricity Net Generation From Hydroelectric Pumped Storage, All Sectors,Million Kilowatthours
HPETPUS,198904,Not Available,6,Electricity Net Generation From Hydroelectric Pumped Storage, All Sectors,Million Kilowatthours
HPETPUS,198905,Not Available,6,Electricity Net Generation From Hydroelectric Pumped Storage, All Sectors,Million Kilowatthours
HPETPUS,198906,Not Available,6,Electricity Net Generation From Hydroelectric Pumped Storage, All Sectors,Million Kilowatthours
HPETPUS,198907,Not Available,6,Electricity Net Generation From Hydroelectric Pumped Storage, All Sectors,Million Kilowatthours
HPETPUS,198908,Not Available,6,Electricity Net Generation From Hydroelectric Pumped Storage, All Sectors,Million Kilowatthours
HPETPUS,198909,Not Available,6,Electricity Net Generation From Hydroelectric Pumped Storage, All Sectors,Million Kilowatthours
HPETPUS,198910,Not Available,6,Electricity Net Generation From Hydroelectric Pumped Storage, All Sectors,Million Kilowatthours
HPETPUS,198911,Not Available,6,Electricity Net Generation From Hydroelectric Pumped Storage, All Sectors,Million Kilowatthours
HPETPUS,198912,Not Available,6,Electricity Net Generation From Hydroelectric Pumped Storage, All Sectors,Million Kilowatthours
HPETPUS,198913,Not Available,6,Electricity Net Generation From Hydroelectric Pumped Storage, All Sectors,Million Kilowatthours
HPETPUS,199001,-152.501,6,Electricity Net Generation From Hydroelectric Pumped Storage, All Sectors,Million Kilowatthours
HPETPUS,199002,-277.354,6,Electricity Net Generation From Hydroelectric Pumped Storage, All Sectors,Million Kilowatthours
HPETPUS,199003,5.78,6,Electricity Net Generation From Hydroelectric Pumped Storage, All Sectors,Million Kilowatthours
HPETPUS,199004,-308.257,6,Electricity Net Generation From Hydroelectric Pumped Storage, All Sectors,Million Kilowatthours
HPETPUS,199005,-159.195,6,Electricity Net Generation From Hydroelectric Pumped Storage, All Sectors,Million Kilowatthours
HPETPUS,199006,-215.518,6,Electricity Net Generation From Hydroelectric Pumped Storage, All Sectors,Million Kilowatthours
HPETPUS,199007,-307.056,6,Electricity Net Generation From Hydroelectric Pumped Storage, All Sectors,Million Kilowatthours
HPETPUS,199008,-383.739,6,Electricity Net Generation From Hydroelectric Pumped Storage, All Sectors,Million Kilowatthours
HPETPUS,199009,-451.376,6,Electricity Net Generation From Hydroelectric Pumped Storage, All Sectors,Million Kilowatthours
HPETPUS,199010,-301.729,6,Electricity Net Generation From Hydroelectric Pumped Storage, All Sectors,Million Kilowatthours
HPETPUS,199011,-390.788,6,Electricity Net Generation From Hydroelectric Pumped Storage, All Sectors,Million Kilowatthours
HPETPUS,199012,-566.008,6,Electricity Net Generation From Hydroelectric Pumped Storage, All Sectors,Million Kilowatthours
HPETPUS,199013,-3507.741,6,Electricity Net Generation From Hydroelectric Pumped Storage, All Sectors,Million Kilowatthours
HPETPUS,199101,-378.288,6,Electricity Net Generation From Hydroelectric Pumped Storage, All Sectors,Million Kilowatthours
HPETPUS,199102,-419.651,6,Electricity Net Generation From Hydroelectric Pumped Storage, All Sectors,Million Kilowatthours
HPETPUS,199103,-419.459,6,Electricity Net Generation From Hydroelectric Pumped Storage, All Sectors,Million Kilowatthours
HPETPUS,199104,-407.238,6,Electricity Net Generation From Hydroelectric Pumped Storage, All Sectors,Million Kilowatthours
HPETPUS,199105,-315.352,6,Electricity Net Generation From Hydroelectric Pumped Storage, All Sectors,Million Kilowatthours
HPETPUS,199106,-258.919,6,Electricity Net Generation From Hydroelectric Pumped Storage, All Sectors,Million Kilowatthours
HPETPUS,199107,-455.155,6,Electricity Net Generation From Hydroelectric Pumped Storage, All Sectors,Million Kilowatthours
HPETPUS,199108,-309.58,6,Electricity Net Generation From Hydroelectric Pumped Storage, All Sectors,Million Kilowatthours
HPETPUS,199109,-316.919,6,Electricity Net Generation From Hydroelectric Pumped Storage, All Sectors,Million Kilowatthours
HPETPUS,199110,-411.542,6,Electricity Net Generation From Hydroelectric Pumped Storage, All Sectors,Million Kilowatthours
HPETPUS,199111,-469.947,6,Electricity Net Generation From Hydroelectric Pumped Storage, All Sectors,Million Kilowatthours
HPETPUS,199112,-379.385,6,Electricity Net Generation From Hydroelectric Pumped Storage, All Sectors,Million Kilowatthours
HPETPUS,199113,-4541.435,6,Electricity Net Generation From Hydroelectric Pumped Storage, All Sectors,Million Kilowatthours
HPETPUS,199201,-469.755,6,Electricity Net Generation From Hydroelectric Pumped Storage, All Sectors,Million Kilowatthours
HPETPUS,199202,-287.242,6,Electricity Net Generation From Hydroelectric Pumped Storage, All Sectors,Million Kilowatthours
HPETPUS,199203,-565.073,6,Electricity Net Generation From Hydroelectric Pumped Storage, All Sectors,Million Kilowatthours
HPETPUS,199204,-354.464,6,Electricity Net Generation From Hydroelectric Pumped Storage, All Sectors,Million Kilowatthours
HPETPUS,199205,-289.757,6,Electricity Net Generation From Hydroelectric Pumped Storage, All Sectors,Million Kilowatthours
HPETPUS,199206,-112.825,6,Electricity Net Generation From Hydroelectric Pumped Storage, All Sectors,Million Kilowatthours
HPETPUS,199207,-235.638,6,Electricity Net Generation From Hydroelectric Pumped Storage, All Sectors,Million Kilowatthours
HPETPUS,199208,-418.215,6,Electricity Net Generation From Hydroelectric Pumped Storage, All Sectors,Million Kilowatthours
HPETPUS,199209,-230.924,6,Electricity Net Generation From Hydroelectric Pumped Storage, All Sectors,Million Kilowatthours
HPETPUS,199210,-412.202,6,Electricity Net Generation From Hydroelectric Pumped Storage, All Sectors,Million Kilowatthours
HPETPUS,199211,-453.717,6,Electricity Net Generation From Hydroelectric Pumped Storage, All Sectors,Million Kilowatthours
HPETPUS,199212,-346.77,6,Electricity Net Generation From Hydroelectric Pumped Storage, All Sectors,Million Kilowatthours
HPETPUS,199213,-4176.582,6,Electricity Net Generation From Hydroelectric Pumped Storage, All Sectors,Million Kilowatthours
HPETPUS,199301,-536.16,6,Electricity Net Generation From Hydroelectric Pumped Storage, All Sectors,Million Kilowatthours
HPETPUS,199302,-447.04,6,Electricity Net Generation From Hydroelectric Pumped Storage, All Sectors,Million Kilowatthours
HPETPUS,199303,4.992,6,Electricity Net Generation From Hydroelectric Pumped Storage, All Sectors,Million Kilowatthours
HPETPUS,199304,-421.345,6,Electricity Net Generation From Hydroelectric Pumped Storage, All Sectors,Million Kilowatthours
HPETPUS,199305,-128.017,6,Electricity Net Generation From Hydroelectric Pumped Storage, All Sectors,Million Kilowatthours
HPETPUS,199306,-162.783,6,Electricity Net Generation From Hydroelectric Pumped Storage, All Sectors,Million Kilowatthours
HPETPUS,199307,-163.676,6,Electricity Net Generation From Hydroelectric Pumped Storage, All Sectors,Million Kilowatthours
HPETPUS,199308,-461.175,6,Electricity Net Generation From Hydroelectric Pumped Storage, All Sectors,Million Kilowatthours
HPETPUS,199309,-429.249,6,Electricity Net Generation From Hydroelectric Pumped Storage, All Sectors,Million Kilowatthours
HPETPUS,199310,-558.799,6,Electricity Net Generation From Hydroelectric Pumped Storage, All Sectors,Million Kilowatthours
HPETPUS,199311,-302.143,6,Electricity Net Generation From Hydroelectric Pumped Storage, All Sectors,Million Kilowatthours
HPETPUS,199312,-430.177,6,Electricity Net Generation From Hydroelectric Pumped Storage, All Sectors,Million Kilowatthours
HPETPUS,199313,-4035.572,6,Electricity Net Generation From Hydroelectric Pumped Storage, All Sectors,Million Kilowatthours
HPETPUS,199401,-414.822,6,Electricity Net Generation From Hydroelectric Pumped Storage, All Sectors,Million Kilowatthours
HPETPUS,199402,-267.113,6,Electricity Net Generation From Hydroelectric Pumped Storage, All Sectors,Million Kilowatthours
HPETPUS,199403,-250.355,6,Electricity Net Generation From Hydroelectric Pumped Storage, All Sectors,Million Kilowatthours
HPETPUS,199404,-238.332,6,Electricity Net Generation From Hydroelectric Pumped Storage, All Sectors,Million Kilowatthours
HPETPUS,199405,-265.816,6,Electricity Net Generation From Hydroelectric Pumped Storage, All Sectors,Million Kilowatthours
HPETPUS,199406,-396.78,6,Electricity Net Generation From Hydroelectric Pumped Storage, All Sectors,Million Kilowatthours
HPETPUS,199407,-251.655,6,Electricity Net Generation From Hydroelectric Pumped Storage, All Sectors,Million Kilowatthours
HPETPUS,199408,-160.138,6,Electricity Net Generation From Hydroelectric Pumped Storage, All Sectors,Million Kilowatthours
HPETPUS,199409,-313.657,6,Electricity Net Generation From Hydroelectric Pumped Storage, All Sectors,Million Kilowatthours
HPETPUS,199410,-266.748,6,Electricity Net Generation From Hydroelectric Pumped Storage, All Sectors,Million Kilowatthours
HPETPUS,199411,-326.448,6,Electricity Net Generation From Hydroelectric Pumped Storage, All Sectors,Million Kilowatthours
HPETPUS,199412,-225.961,6,Electricity Net Generation From Hydroelectric Pumped Storage, All Sectors,Million Kilowatthours
HPETPUS,199413,-3377.825,6,Electricity Net Generation From Hydroelectric Pumped Storage, All Sectors,Million Kilowatthours
HPETPUS,199501,-421.049,6,Electricity Net Generation From Hydroelectric Pumped Storage, All Sectors,Million Kilowatthours
HPETPUS,199502,77.278,6,Electricity Net Generation From Hydroelectric Pumped Storage, All Sectors,Million Kilowatthours
HPETPUS,199503,216.616,6,Electricity Net Generation From Hydroelectric Pumped Storage, All Sectors,Million Kilowatthours
HPETPUS,199504,32.986,6,Electricity Net Generation From Hydroelectric Pumped Storage, All Sectors,Million Kilowatthours
HPETPUS,199505,80.689,6,Electricity Net Generation From Hydroelectric Pumped Storage, All Sectors,Million Kilowatthours
HPETPUS,199506,-432.561,6,Electricity Net Generation From Hydroelectric Pumped Storage, All Sectors,Million Kilowatthours
HPETPUS,199507,-251.165,6,Electricity Net Generation From Hydroelectric Pumped Storage, All Sectors,Million Kilowatthours
HPETPUS,199508,-244.513,6,Electricity Net Generation From Hydroelectric Pumped Storage, All Sectors,Million Kilowatthours
HPETPUS,199509,-297.417,6,Electricity Net Generation From Hydroelectric Pumped Storage, All Sectors,Million Kilowatthours
HPETPUS,199510,-635.032,6,Electricity Net Generation From Hydroelectric Pumped Storage, All Sectors,Million Kilowatthours
HPETPUS,199511,-334.788,6,Electricity Net Generation From Hydroelectric Pumped Storage, All Sectors,Million Kilowatthours
HPETPUS,199512,-516.175,6,Electricity Net Generation From Hydroelectric Pumped Storage, All Sectors,Million Kilowatthours
HPETPUS,199513,-2725.131,6,Electricity Net Generation From Hydroelectric Pumped Storage, All Sectors,Million Kilowatthours
HPETPUS,199601,-464.721,6,Electricity Net Generation From Hydroelectric Pumped Storage, All Sectors,Million Kilowatthours
HPETPUS,199602,-471.342,6,Electricity Net Generation From Hydroelectric Pumped Storage, All Sectors,Million Kilowatthours
HPETPUS,199603,-88.686,6,Electricity Net Generation From Hydroelectric Pumped Storage, All Sectors,Million Kilowatthours
HPETPUS,199604,54.545,6,Electricity Net Generation From Hydroelectric Pumped Storage, All Sectors,Million Kilowatthours
HPETPUS,199605,-72.397,6,Electricity Net Generation From Hydroelectric Pumped Storage, All Sectors,Million Kilowatthours
HPETPUS,199606,-253.105,6,Electricity Net Generation From Hydroelectric Pumped Storage, All Sectors,Million Kilowatthours
HPETPUS,199607,-182.96,6,Electricity Net Generation From Hydroelectric Pumped Storage, All Sectors,Million Kilowatthours
HPETPUS,199608,-212.965,6,Electricity Net Generation From Hydroelectric Pumped Storage, All Sectors,Million Kilowatthours
HPETPUS,199609,-405.79,6,Electricity Net Generation From Hydroelectric Pumped Storage, All Sectors,Million Kilowatthours
HPETPUS,199610,-382.11,6,Electricity Net Generation From Hydroelectric Pumped Storage, All Sectors,Million Kilowatthours
HPETPUS,199611,-507.372,6,Electricity Net Generation From Hydroelectric Pumped Storage, All Sectors,Million Kilowatthours
HPETPUS,199612,-101.175,6,Electricity Net Generation From Hydroelectric Pumped Storage, All Sectors,Million Kilowatthours
HPETPUS,199613,-3088.078,6,Electricity Net Generation From Hydroelectric Pumped Storage, All Sectors,Million Kilowatthours
HPETPUS,199701,-507.206,6,Electricity Net Generation From Hydroelectric Pumped Storage, All Sectors,Million Kilowatthours
HPETPUS,199702,-332.491,6,Electricity Net Generation From Hydroelectric Pumped Storage, All Sectors,Million Kilowatthours
HPETPUS,199703,-217.216,6,Electricity Net Generation From Hydroelectric Pumped Storage, All Sectors,Million Kilowatthours
HPETPUS,199704,-273.586,6,Electricity Net Generation From Hydroelectric Pumped Storage, All Sectors,Million Kilowatthours
HPETPUS,199705,-19.477,6,Electricity Net Generation From Hydroelectric Pumped Storage, All Sectors,Million Kilowatthours
HPETPUS,199706,-227.064,6,Electricity Net Generation From Hydroelectric Pumped Storage, All Sectors,Million Kilowatthours
HPETPUS,199707,-274.004,6,Electricity Net Generation From Hydroelectric Pumped Storage, All Sectors,Million Kilowatthours
HPETPUS,199708,-298.055,6,Electricity Net Generation From Hydroelectric Pumped Storage, All Sectors,Million Kilowatthours
HPETPUS,199709,-371.14,6,Electricity Net Generation From Hydroelectric Pumped Storage, All Sectors,Million Kilowatthours
HPETPUS,199710,-440.578,6,Electricity Net Generation From Hydroelectric Pumped Storage, All Sectors,Million Kilowatthours
HPETPUS,199711,-534.935,6,Electricity Net Generation From Hydroelectric Pumped Storage, All Sectors,Million Kilowatthours
HPETPUS,199712,-544.151,6,Electricity Net Generation From Hydroelectric Pumped Storage, All Sectors,Million Kilowatthours
HPETPUS,199713,-4039.905,6,Electricity Net Generation From Hydroelectric Pumped Storage, All Sectors,Million Kilowatthours
HPETPUS,199801,-44.501,6,Electricity Net Generation From Hydroelectric Pumped Storage, All Sectors,Million Kilowatthours
HPETPUS,199802,125.32,6,Electricity Net Generation From Hydroelectric Pumped Storage, All Sectors,Million Kilowatthours
HPETPUS,199803,-15.434,6,Electricity Net Generation From Hydroelectric Pumped Storage, All Sectors,Million Kilowatthours
HPETPUS,199804,-439.095,6,Electricity Net Generation From Hydroelectric Pumped Storage, All Sectors,Million Kilowatthours
HPETPUS,199805,-731.443,6,Electricity Net Generation From Hydroelectric Pumped Storage, All Sectors,Million Kilowatthours
HPETPUS,199806,-679.183,6,Electricity Net Generation From Hydroelectric Pumped Storage, All Sectors,Million Kilowatthours
HPETPUS,199807,-670.138,6,Electricity Net Generation From Hydroelectric Pumped Storage, All Sectors,Million Kilowatthours
HPETPUS,199808,-707.132,6,Electricity Net Generation From Hydroelectric Pumped Storage, All Sectors,Million Kilowatthours
HPETPUS,199809,-273.845,6,Electricity Net Generation From Hydroelectric Pumped Storage, All Sectors,Million Kilowatthours
HPETPUS,199810,-504.304,6,Electricity Net Generation From Hydroelectric Pumped Storage, All Sectors,Million Kilowatthours
HPETPUS,199811,-531.517,6,Electricity Net Generation From Hydroelectric Pumped Storage, All Sectors,Million Kilowatthours
HPETPUS,199812,3.991,6,Electricity Net Generation From Hydroelectric Pumped Storage, All Sectors,Million Kilowatthours
HPETPUS,199813,-4467.28,6,Electricity Net Generation From Hydroelectric Pumped Storage, All Sectors,Million Kilowatthours
HPETPUS,199901,-558.863,6,Electricity Net Generation From Hydroelectric Pumped Storage, All Sectors,Million Kilowatthours
HPETPUS,199902,-362.803,6,Electricity Net Generation From Hydroelectric Pumped Storage, All Sectors,Million Kilowatthours
HPETPUS,199903,-383.865,6,Electricity Net Generation From Hydroelectric Pumped Storage, All Sectors,Million Kilowatthours
HPETPUS,199904,-470.855,6,Electricity Net Generation From Hydroelectric Pumped Storage, All Sectors,Million Kilowatthours
HPETPUS,199905,-684.81,6,Electricity Net Generation From Hydroelectric Pumped Storage, All Sectors,Million Kilowatthours
HPETPUS,199906,-569.075,6,Electricity Net Generation From Hydroelectric Pumped Storage, All Sectors,Million Kilowatthours
HPETPUS,199907,-606.2,6,Electricity Net Generation From Hydroelectric Pumped Storage, All Sectors,Million Kilowatthours
HPETPUS,199908,-760.631,6,Electricity Net Generation From Hydroelectric Pumped Storage, All Sectors,Million Kilowatthours
HPETPUS,199909,-414.793,6,Electricity Net Generation From Hydroelectric Pumped Storage, All Sectors,Million Kilowatthours
HPETPUS,199910,-462.683,6,Electricity Net Generation From Hydroelectric Pumped Storage, All Sectors,Million Kilowatthours
HPETPUS,199911,-442.143,6,Electricity Net Generation From Hydroelectric Pumped Storage, All Sectors,Million Kilowatthours
HPETPUS,199912,-380.178,6,Electricity Net Generation From Hydroelectric Pumped Storage, All Sectors,Million Kilowatthours
HPETPUS,199913,-6096.899,6,Electricity Net Generation From Hydroelectric Pumped Storage, All Sectors,Million Kilowatthours
HPETPUS,200001,-524.814,6,Electricity Net Generation From Hydroelectric Pumped Storage, All Sectors,Million Kilowatthours
HPETPUS,200002,-448,6,Electricity Net Generation From Hydroelectric Pumped Storage, All Sectors,Million Kilowatthours
HPETPUS,200003,-596.22,6,Electricity Net Generation From Hydroelectric Pumped Storage, All Sectors,Million Kilowatthours
HPETPUS,200004,-382.332,6,Electricity Net Generation From Hydroelectric Pumped Storage, All Sectors,Million Kilowatthours
HPETPUS,200005,-485.562,6,Electricity Net Generation From Hydroelectric Pumped Storage, All Sectors,Million Kilowatthours
HPETPUS,200006,-558.728,6,Electricity Net Generation From Hydroelectric Pumped Storage, All Sectors,Million Kilowatthours
HPETPUS,200007,-276.34,6,Electricity Net Generation From Hydroelectric Pumped Storage, All Sectors,Million Kilowatthours
HPETPUS,200008,-354.414,6,Electricity Net Generation From Hydroelectric Pumped Storage, All Sectors,Million Kilowatthours
HPETPUS,200009,-636.243,6,Electricity Net Generation From Hydroelectric Pumped Storage, All Sectors,Million Kilowatthours
HPETPUS,200010,-395.512,6,Electricity Net Generation From Hydroelectric Pumped Storage, All Sectors,Million Kilowatthours
HPETPUS,200011,-350.494,6,Electricity Net Generation From Hydroelectric Pumped Storage, All Sectors,Million Kilowatthours
HPETPUS,200012,-530.2,6,Electricity Net Generation From Hydroelectric Pumped Storage, All Sectors,Million Kilowatthours
HPETPUS,200013,-5538.86,6,Electricity Net Generation From Hydroelectric Pumped Storage, All Sectors,Million Kilowatthours
HPETPUS,200101,-588.626,6,Electricity Net Generation From Hydroelectric Pumped Storage, All Sectors,Million Kilowatthours
HPETPUS,200102,-706.956,6,Electricity Net Generation From Hydroelectric Pumped Storage, All Sectors,Million Kilowatthours
HPETPUS,200103,-773.345,6,Electricity Net Generation From Hydroelectric Pumped Storage, All Sectors,Million Kilowatthours
HPETPUS,200104,-795.915,6,Electricity Net Generation From Hydroelectric Pumped Storage, All Sectors,Million Kilowatthours
HPETPUS,200105,-622.526,6,Electricity Net Generation From Hydroelectric Pumped Storage, All Sectors,Million Kilowatthours
HPETPUS,200106,-773.65,6,Electricity Net Generation From Hydroelectric Pumped Storage, All Sectors,Million Kilowatthours
HPETPUS,200107,-870.786,6,Electricity Net Generation From Hydroelectric Pumped Storage, All Sectors,Million Kilowatthours
HPETPUS,200108,-714.613,6,Electricity Net Generation From Hydroelectric Pumped Storage, All Sectors,Million Kilowatthours
HPETPUS,200109,-928.405,6,Electricity Net Generation From Hydroelectric Pumped Storage, All Sectors,Million Kilowatthours
HPETPUS,200110,-615.247,6,Electricity Net Generation From Hydroelectric Pumped Storage, All Sectors,Million Kilowatthours
HPETPUS,200111,-810.802,6,Electricity Net Generation From Hydroelectric Pumped Storage, All Sectors,Million Kilowatthours
HPETPUS,200112,-622.574,6,Electricity Net Generation From Hydroelectric Pumped Storage, All Sectors,Million Kilowatthours
HPETPUS,200113,-8823.445,6,Electricity Net Generation From Hydroelectric Pumped Storage, All Sectors,Million Kilowatthours
HPETPUS,200201,-750.105,6,Electricity Net Generation From Hydroelectric Pumped Storage, All Sectors,Million Kilowatthours
HPETPUS,200202,-586.188,6,Electricity Net Generation From Hydroelectric Pumped Storage, All Sectors,Million Kilowatthours
HPETPUS,200203,-684.133,6,Electricity Net Generation From Hydroelectric Pumped Storage, All Sectors,Million Kilowatthours
HPETPUS,200204,-584.772,6,Electricity Net Generation From Hydroelectric Pumped Storage, All Sectors,Million Kilowatthours
HPETPUS,200205,-538.788,6,Electricity Net Generation From Hydroelectric Pumped Storage, All Sectors,Million Kilowatthours
HPETPUS,200206,-863.077,6,Electricity Net Generation From Hydroelectric Pumped Storage, All Sectors,Million Kilowatthours
HPETPUS,200207,-997.855,6,Electricity Net Generation From Hydroelectric Pumped Storage, All Sectors,Million Kilowatthours
HPETPUS,200208,-934.63,6,Electricity Net Generation From Hydroelectric Pumped Storage, All Sectors,Million Kilowatthours
HPETPUS,200209,-776.518,6,Electricity Net Generation From Hydroelectric Pumped Storage, All Sectors,Million Kilowatthours
HPETPUS,200210,-680.998,6,Electricity Net Generation From Hydroelectric Pumped Storage, All Sectors,Million Kilowatthours
HPETPUS,200211,-666.344,6,Electricity Net Generation From Hydroelectric Pumped Storage, All Sectors,Million Kilowatthours
HPETPUS,200212,-679.52,6,Electricity Net Generation From Hydroelectric Pumped Storage, All Sectors,Million Kilowatthours
HPETPUS,200213,-8742.928,6,Electricity Net Generation From Hydroelectric Pumped Storage, All Sectors,Million Kilowatthours
HPETPUS,200301,-802.368,6,Electricity Net Generation From Hydroelectric Pumped Storage, All Sectors,Million Kilowatthours
HPETPUS,200302,-758.887,6,Electricity Net Generation From Hydroelectric Pumped Storage, All Sectors,Million Kilowatthours
HPETPUS,200303,-777.512,6,Electricity Net Generation From Hydroelectric Pumped Storage, All Sectors,Million Kilowatthours
HPETPUS,200304,-545.625,6,Electricity Net Generation From Hydroelectric Pumped Storage, All Sectors,Million Kilowatthours
HPETPUS,200305,-596.848,6,Electricity Net Generation From Hydroelectric Pumped Storage, All Sectors,Million Kilowatthours
HPETPUS,200306,-762.338,6,Electricity Net Generation From Hydroelectric Pumped Storage, All Sectors,Million Kilowatthours
HPETPUS,200307,-745.14,6,Electricity Net Generation From Hydroelectric Pumped Storage, All Sectors,Million Kilowatthours
HPETPUS,200308,-805.987,6,Electricity Net Generation From Hydroelectric Pumped Storage, All Sectors,Million Kilowatthours
HPETPUS,200309,-769.142,6,Electricity Net Generation From Hydroelectric Pumped Storage, All Sectors,Million Kilowatthours
HPETPUS,200310,-615.06,6,Electricity Net Generation From Hydroelectric Pumped Storage, All Sectors,Million Kilowatthours
HPETPUS,200311,-695.409,6,Electricity Net Generation From Hydroelectric Pumped Storage, All Sectors,Million Kilowatthours
HPETPUS,200312,-660.749,6,Electricity Net Generation From Hydroelectric Pumped Storage, All Sectors,Million Kilowatthours
HPETPUS,200313,-8535.065,6,Electricity Net Generation From Hydroelectric Pumped Storage, All Sectors,Million Kilowatthours
HPETPUS,200401,-768.241,6,Electricity Net Generation From Hydroelectric Pumped Storage, All Sectors,Million Kilowatthours
HPETPUS,200402,-691.561,6,Electricity Net Generation From Hydroelectric Pumped Storage, All Sectors,Million Kilowatthours
HPETPUS,200403,-653.318,6,Electricity Net Generation From Hydroelectric Pumped Storage, All Sectors,Million Kilowatthours
HPETPUS,200404,-668.89,6,Electricity Net Generation From Hydroelectric Pumped Storage, All Sectors,Million Kilowatthours
HPETPUS,200405,-688.911,6,Electricity Net Generation From Hydroelectric Pumped Storage, All Sectors,Million Kilowatthours
HPETPUS,200406,-718.404,6,Electricity Net Generation From Hydroelectric Pumped Storage, All Sectors,Million Kilowatthours
HPETPUS,200407,-693.449,6,Electricity Net Generation From Hydroelectric Pumped Storage, All Sectors,Million Kilowatthours
HPETPUS,200408,-817.999,6,Electricity Net Generation From Hydroelectric Pumped Storage, All Sectors,Million Kilowatthours
HPETPUS,200409,-769.637,6,Electricity Net Generation From Hydroelectric Pumped Storage, All Sectors,Million Kilowatthours
HPETPUS,200410,-703.186,6,Electricity Net Generation From Hydroelectric Pumped Storage, All Sectors,Million Kilowatthours
HPETPUS,200411,-664.846,6,Electricity Net Generation From Hydroelectric Pumped Storage, All Sectors,Million Kilowatthours
HPETPUS,200412,-649.768,6,Electricity Net Generation From Hydroelectric Pumped Storage, All Sectors,Million Kilowatthours
HPETPUS,200413,-8488.21,6,Electricity Net Generation From Hydroelectric Pumped Storage, All Sectors,Million Kilowatthours
HPETPUS,200501,-725.387,6,Electricity Net Generation From Hydroelectric Pumped Storage, All Sectors,Million Kilowatthours
HPETPUS,200502,-345.608,6,Electricity Net Generation From Hydroelectric Pumped Storage, All Sectors,Million Kilowatthours
HPETPUS,200503,-496.889,6,Electricity Net Generation From Hydroelectric Pumped Storage, All Sectors,Million Kilowatthours
HPETPUS,200504,-337.538,6,Electricity Net Generation From Hydroelectric Pumped Storage, All Sectors,Million Kilowatthours
HPETPUS,200505,-466.254,6,Electricity Net Generation From Hydroelectric Pumped Storage, All Sectors,Million Kilowatthours
HPETPUS,200506,-414.615,6,Electricity Net Generation From Hydroelectric Pumped Storage, All Sectors,Million Kilowatthours
HPETPUS,200507,-624.662,6,Electricity Net Generation From Hydroelectric Pumped Storage, All Sectors,Million Kilowatthours
HPETPUS,200508,-623.097,6,Electricity Net Generation From Hydroelectric Pumped Storage, All Sectors,Million Kilowatthours
HPETPUS,200509,-680.144,6,Electricity Net Generation From Hydroelectric Pumped Storage, All Sectors,Million Kilowatthours
HPETPUS,200510,-611.21,6,Electricity Net Generation From Hydroelectric Pumped Storage, All Sectors,Million Kilowatthours
HPETPUS,200511,-554.21,6,Electricity Net Generation From Hydroelectric Pumped Storage, All Sectors,Million Kilowatthours
HPETPUS,200512,-678.175,6,Electricity Net Generation From Hydroelectric Pumped Storage, All Sectors,Million Kilowatthours
HPETPUS,200513,-6557.788,6,Electricity Net Generation From Hydroelectric Pumped Storage, All Sectors,Million Kilowatthours
HPETPUS,200601,-532.829,6,Electricity Net Generation From Hydroelectric Pumped Storage, All Sectors,Million Kilowatthours
HPETPUS,200602,-446.518,6,Electricity Net Generation From Hydroelectric Pumped Storage, All Sectors,Million Kilowatthours
HPETPUS,200603,-435.173,6,Electricity Net Generation From Hydroelectric Pumped Storage, All Sectors,Million Kilowatthours
HPETPUS,200604,-587.331,6,Electricity Net Generation From Hydroelectric Pumped Storage, All Sectors,Million Kilowatthours
HPETPUS,200605,-444.378,6,Electricity Net Generation From Hydroelectric Pumped Storage, All Sectors,Million Kilowatthours
HPETPUS,200606,-423.163,6,Electricity Net Generation From Hydroelectric Pumped Storage, All Sectors,Million Kilowatthours
HPETPUS,200607,-637.767,6,Electricity Net Generation From Hydroelectric Pumped Storage, All Sectors,Million Kilowatthours
HPETPUS,200608,-694.881,6,Electricity Net Generation From Hydroelectric Pumped Storage, All Sectors,Million Kilowatthours
HPETPUS,200609,-628.94,6,Electricity Net Generation From Hydroelectric Pumped Storage, All Sectors,Million Kilowatthours
HPETPUS,200610,-506.995,6,Electricity Net Generation From Hydroelectric Pumped Storage, All Sectors,Million Kilowatthours
HPETPUS,200611,-552.544,6,Electricity Net Generation From Hydroelectric Pumped Storage, All Sectors,Million Kilowatthours
HPETPUS,200612,-667.323,6,Electricity Net Generation From Hydroelectric Pumped Storage, All Sectors,Million Kilowatthours
HPETPUS,200613,-6557.842,6,Electricity Net Generation From Hydroelectric Pumped Storage, All Sectors,Million Kilowatthours
HPETPUS,200701,-571.563,6,Electricity Net Generation From Hydroelectric Pumped Storage, All Sectors,Million Kilowatthours
HPETPUS,200702,-446.964,6,Electricity Net Generation From Hydroelectric Pumped Storage, All Sectors,Million Kilowatthours
HPETPUS,200703,-458.17,6,Electricity Net Generation From Hydroelectric Pumped Storage, All Sectors,Million Kilowatthours
HPETPUS,200704,-373.845,6,Electricity Net Generation From Hydroelectric Pumped Storage, All Sectors,Million Kilowatthours
HPETPUS,200705,-546.955,6,Electricity Net Generation From Hydroelectric Pumped Storage, All Sectors,Million Kilowatthours
HPETPUS,200706,-522.707,6,Electricity Net Generation From Hydroelectric Pumped Storage, All Sectors,Million Kilowatthours
HPETPUS,200707,-594.694,6,Electricity Net Generation From Hydroelectric Pumped Storage, All Sectors,Million Kilowatthours
HPETPUS,200708,-650.678,6,Electricity Net Generation From Hydroelectric Pumped Storage, All Sectors,Million Kilowatthours
HPETPUS,200709,-743.432,6,Electricity Net Generation From Hydroelectric Pumped Storage, All Sectors,Million Kilowatthours
HPETPUS,200710,-760.235,6,Electricity Net Generation From Hydroelectric Pumped Storage, All Sectors,Million Kilowatthours
HPETPUS,200711,-661.727,6,Electricity Net Generation From Hydroelectric Pumped Storage, All Sectors,Million Kilowatthours
HPETPUS,200712,-565.382,6,Electricity Net Generation From Hydroelectric Pumped Storage, All Sectors,Million Kilowatthours
HPETPUS,200713,-6896.352,6,Electricity Net Generation From Hydroelectric Pumped Storage, All Sectors,Million Kilowatthours
HPETPUS,200801,-745.514,6,Electricity Net Generation From Hydroelectric Pumped Storage, All Sectors,Million Kilowatthours
HPETPUS,200802,-451.129,6,Electricity Net Generation From Hydroelectric Pumped Storage, All Sectors,Million Kilowatthours
HPETPUS,200803,-552.974,6,Electricity Net Generation From Hydroelectric Pumped Storage, All Sectors,Million Kilowatthours
HPETPUS,200804,-131.7,6,Electricity Net Generation From Hydroelectric Pumped Storage, All Sectors,Million Kilowatthours
HPETPUS,200805,-586.857,6,Electricity Net Generation From Hydroelectric Pumped Storage, All Sectors,Million Kilowatthours
HPETPUS,200806,-371.618,6,Electricity Net Generation From Hydroelectric Pumped Storage, All Sectors,Million Kilowatthours
HPETPUS,200807,-799.08,6,Electricity Net Generation From Hydroelectric Pumped Storage, All Sectors,Million Kilowatthours
HPETPUS,200808,-647.864,6,Electricity Net Generation From Hydroelectric Pumped Storage, All Sectors,Million Kilowatthours
HPETPUS,200809,-517.254,6,Electricity Net Generation From Hydroelectric Pumped Storage, All Sectors,Million Kilowatthours
HPETPUS,200810,-496.943,6,Electricity Net Generation From Hydroelectric Pumped Storage, All Sectors,Million Kilowatthours
HPETPUS,200811,-489.183,6,Electricity Net Generation From Hydroelectric Pumped Storage, All Sectors,Million Kilowatthours
HPETPUS,200812,-497.946,6,Electricity Net Generation From Hydroelectric Pumped Storage, All Sectors,Million Kilowatthours
HPETPUS,200813,-6288.062,6,Electricity Net Generation From Hydroelectric Pumped Storage, All Sectors,Million Kilowatthours
HPETPUS,200901,-501.48,6,Electricity Net Generation From Hydroelectric Pumped Storage, All Sectors,Million Kilowatthours
HPETPUS,200902,-413.424,6,Electricity Net Generation From Hydroelectric Pumped Storage, All Sectors,Million Kilowatthours
HPETPUS,200903,-314.985,6,Electricity Net Generation From Hydroelectric Pumped Storage, All Sectors,Million Kilowatthours
HPETPUS,200904,-272.198,6,Electricity Net Generation From Hydroelectric Pumped Storage, All Sectors,Million Kilowatthours
HPETPUS,200905,-348.823,6,Electricity Net Generation From Hydroelectric Pumped Storage, All Sectors,Million Kilowatthours
HPETPUS,200906,-226.41,6,Electricity Net Generation From Hydroelectric Pumped Storage, All Sectors,Million Kilowatthours
HPETPUS,200907,-491.31,6,Electricity Net Generation From Hydroelectric Pumped Storage, All Sectors,Million Kilowatthours
HPETPUS,200908,-612.532,6,Electricity Net Generation From Hydroelectric Pumped Storage, All Sectors,Million Kilowatthours
HPETPUS,200909,-348.039,6,Electricity Net Generation From Hydroelectric Pumped Storage, All Sectors,Million Kilowatthours
HPETPUS,200910,-385.127,6,Electricity Net Generation From Hydroelectric Pumped Storage, All Sectors,Million Kilowatthours
HPETPUS,200911,-329.53,6,Electricity Net Generation From Hydroelectric Pumped Storage, All Sectors,Million Kilowatthours
HPETPUS,200912,-383.487,6,Electricity Net Generation From Hydroelectric Pumped Storage, All Sectors,Million Kilowatthours
HPETPUS,200913,-4627.345,6,Electricity Net Generation From Hydroelectric Pumped Storage, All Sectors,Million Kilowatthours
HPETPUS,201001,-564.946,6,Electricity Net Generation From Hydroelectric Pumped Storage, All Sectors,Million Kilowatthours
HPETPUS,201002,-350.643,6,Electricity Net Generation From Hydroelectric Pumped Storage, All Sectors,Million Kilowatthours
HPETPUS,201003,-324.588,6,Electricity Net Generation From Hydroelectric Pumped Storage, All Sectors,Million Kilowatthours
HPETPUS,201004,-335.277,6,Electricity Net Generation From Hydroelectric Pumped Storage, All Sectors,Million Kilowatthours
HPETPUS,201005,-440.745,6,Electricity Net Generation From Hydroelectric Pumped Storage, All Sectors,Million Kilowatthours
HPETPUS,201006,-471.738,6,Electricity Net Generation From Hydroelectric Pumped Storage, All Sectors,Million Kilowatthours
HPETPUS,201007,-557.093,6,Electricity Net Generation From Hydroelectric Pumped Storage, All Sectors,Million Kilowatthours
HPETPUS,201008,-600.278,6,Electricity Net Generation From Hydroelectric Pumped Storage, All Sectors,Million Kilowatthours
HPETPUS,201009,-421.284,6,Electricity Net Generation From Hydroelectric Pumped Storage, All Sectors,Million Kilowatthours
HPETPUS,201010,-437.7,6,Electricity Net Generation From Hydroelectric Pumped Storage, All Sectors,Million Kilowatthours
HPETPUS,201011,-466.993,6,Electricity Net Generation From Hydroelectric Pumped Storage, All Sectors,Million Kilowatthours
HPETPUS,201012,-529.847,6,Electricity Net Generation From Hydroelectric Pumped Storage, All Sectors,Million Kilowatthours
HPETPUS,201013,-5501.132,6,Electricity Net Generation From Hydroelectric Pumped Storage, All Sectors,Million Kilowatthours
HPETPUS,201101,-659.194,6,Electricity Net Generation From Hydroelectric Pumped Storage, All Sectors,Million Kilowatthours
HPETPUS,201102,-412.649,6,Electricity Net Generation From Hydroelectric Pumped Storage, All Sectors,Million Kilowatthours
HPETPUS,201103,-348.692,6,Electricity Net Generation From Hydroelectric Pumped Storage, All Sectors,Million Kilowatthours
HPETPUS,201104,-465.589,6,Electricity Net Generation From Hydroelectric Pumped Storage, All Sectors,Million Kilowatthours
HPETPUS,201105,-416.908,6,Electricity Net Generation From Hydroelectric Pumped Storage, All Sectors,Million Kilowatthours
HPETPUS,201106,-567.088,6,Electricity Net Generation From Hydroelectric Pumped Storage, All Sectors,Million Kilowatthours
HPETPUS,201107,-707.662,6,Electricity Net Generation From Hydroelectric Pumped Storage, All Sectors,Million Kilowatthours
HPETPUS,201108,-692.329,6,Electricity Net Generation From Hydroelectric Pumped Storage, All Sectors,Million Kilowatthours
HPETPUS,201109,-583.392,6,Electricity Net Generation From Hydroelectric Pumped Storage, All Sectors,Million Kilowatthours
HPETPUS,201110,-600.542,6,Electricity Net Generation From Hydroelectric Pumped Storage, All Sectors,Million Kilowatthours
HPETPUS,201111,-457.754,6,Electricity Net Generation From Hydroelectric Pumped Storage, All Sectors,Million Kilowatthours
HPETPUS,201112,-508.719,6,Electricity Net Generation From Hydroelectric Pumped Storage, All Sectors,Million Kilowatthours
HPETPUS,201113,-6420.516,6,Electricity Net Generation From Hydroelectric Pumped Storage, All Sectors,Million Kilowatthours
HPETPUS,201201,-348.465,6,Electricity Net Generation From Hydroelectric Pumped Storage, All Sectors,Million Kilowatthours
HPETPUS,201202,-236.66,6,Electricity Net Generation From Hydroelectric Pumped Storage, All Sectors,Million Kilowatthours
HPETPUS,201203,-280.701,6,Electricity Net Generation From Hydroelectric Pumped Storage, All Sectors,Million Kilowatthours
HPETPUS,201204,-265.273,6,Electricity Net Generation From Hydroelectric Pumped Storage, All Sectors,Million Kilowatthours
HPETPUS,201205,-370.778,6,Electricity Net Generation From Hydroelectric Pumped Storage, All Sectors,Million Kilowatthours
HPETPUS,201206,-506.741,6,Electricity Net Generation From Hydroelectric Pumped Storage, All Sectors,Million Kilowatthours
HPETPUS,201207,-618.974,6,Electricity Net Generation From Hydroelectric Pumped Storage, All Sectors,Million Kilowatthours
HPETPUS,201208,-528.912,6,Electricity Net Generation From Hydroelectric Pumped Storage, All Sectors,Million Kilowatthours
HPETPUS,201209,-430.544,6,Electricity Net Generation From Hydroelectric Pumped Storage, All Sectors,Million Kilowatthours
HPETPUS,201210,-378.213,6,Electricity Net Generation From Hydroelectric Pumped Storage, All Sectors,Million Kilowatthours
HPETPUS,201211,-408.968,6,Electricity Net Generation From Hydroelectric Pumped Storage, All Sectors,Million Kilowatthours
HPETPUS,201212,-576.268,6,Electricity Net Generation From Hydroelectric Pumped Storage, All Sectors,Million Kilowatthours
HPETPUS,201213,-4950.496,6,Electricity Net Generation From Hydroelectric Pumped Storage, All Sectors,Million Kilowatthours
HPETPUS,201301,-464.948,6,Electricity Net Generation From Hydroelectric Pumped Storage, All Sectors,Million Kilowatthours
HPETPUS,201302,-319.58,6,Electricity Net Generation From Hydroelectric Pumped Storage, All Sectors,Million Kilowatthours
HPETPUS,201303,-462.214,6,Electricity Net Generation From Hydroelectric Pumped Storage, All Sectors,Million Kilowatthours
HPETPUS,201304,-292.192,6,Electricity Net Generation From Hydroelectric Pumped Storage, All Sectors,Million Kilowatthours
HPETPUS,201305,-334.035,6,Electricity Net Generation From Hydroelectric Pumped Storage, All Sectors,Million Kilowatthours
HPETPUS,201306,-358.223,6,Electricity Net Generation From Hydroelectric Pumped Storage, All Sectors,Million Kilowatthours
HPETPUS,201307,-340.468,6,Electricity Net Generation From Hydroelectric Pumped Storage, All Sectors,Million Kilowatthours
HPETPUS,201308,-464.51,6,Electricity Net Generation From Hydroelectric Pumped Storage, All Sectors,Million Kilowatthours
HPETPUS,201309,-438.55,6,Electricity Net Generation From Hydroelectric Pumped Storage, All Sectors,Million Kilowatthours
HPETPUS,201310,-372.598,6,Electricity Net Generation From Hydroelectric Pumped Storage, All Sectors,Million Kilowatthours
HPETPUS,201311,-413.042,6,Electricity Net Generation From Hydroelectric Pumped Storage, All Sectors,Million Kilowatthours
HPETPUS,201312,-420.673,6,Electricity Net Generation From Hydroelectric Pumped Storage, All Sectors,Million Kilowatthours
HPETPUS,201313,-4681.033,6,Electricity Net Generation From Hydroelectric Pumped Storage, All Sectors,Million Kilowatthours
HPETPUS,201401,-289.685,6,Electricity Net Generation From Hydroelectric Pumped Storage, All Sectors,Million Kilowatthours
HPETPUS,201402,-445.152,6,Electricity Net Generation From Hydroelectric Pumped Storage, All Sectors,Million Kilowatthours
HPETPUS,201403,-421.403,6,Electricity Net Generation From Hydroelectric Pumped Storage, All Sectors,Million Kilowatthours
HPETPUS,201404,-378.109,6,Electricity Net Generation From Hydroelectric Pumped Storage, All Sectors,Million Kilowatthours
HPETPUS,201405,-600.752,6,Electricity Net Generation From Hydroelectric Pumped Storage, All Sectors,Million Kilowatthours
HPETPUS,201406,-653.046,6,Electricity Net Generation From Hydroelectric Pumped Storage, All Sectors,Million Kilowatthours
HPETPUS,201407,-544.656,6,Electricity Net Generation From Hydroelectric Pumped Storage, All Sectors,Million Kilowatthours
HPETPUS,201408,-840.357,6,Electricity Net Generation From Hydroelectric Pumped Storage, All Sectors,Million Kilowatthours
HPETPUS,201409,-541.876,6,Electricity Net Generation From Hydroelectric Pumped Storage, All Sectors,Million Kilowatthours
HPETPUS,201410,-447.609,6,Electricity Net Generation From Hydroelectric Pumped Storage, All Sectors,Million Kilowatthours
HPETPUS,201411,-531.042,6,Electricity Net Generation From Hydroelectric Pumped Storage, All Sectors,Million Kilowatthours
HPETPUS,201412,-479.861,6,Electricity Net Generation From Hydroelectric Pumped Storage, All Sectors,Million Kilowatthours
HPETPUS,201413,-6173.548,6,Electricity Net Generation From Hydroelectric Pumped Storage, All Sectors,Million Kilowatthours
HPETPUS,201501,-551.05,6,Electricity Net Generation From Hydroelectric Pumped Storage, All Sectors,Million Kilowatthours
HPETPUS,201502,-456.06,6,Electricity Net Generation From Hydroelectric Pumped Storage, All Sectors,Million Kilowatthours
HPETPUS,201503,-409.305,6,Electricity Net Generation From Hydroelectric Pumped Storage, All Sectors,Million Kilowatthours
HPETPUS,201504,-214.411,6,Electricity Net Generation From Hydroelectric Pumped Storage, All Sectors,Million Kilowatthours
HPETPUS,201505,-370.209,6,Electricity Net Generation From Hydroelectric Pumped Storage, All Sectors,Million Kilowatthours
HPETPUS,201506,-397.811,6,Electricity Net Generation From Hydroelectric Pumped Storage, All Sectors,Million Kilowatthours
HPETPUS,201507,-513.417,6,Electricity Net Generation From Hydroelectric Pumped Storage, All Sectors,Million Kilowatthours
HPETPUS,201508,-625.878,6,Electricity Net Generation From Hydroelectric Pumped Storage, All Sectors,Million Kilowatthours
HPETPUS,201509,-544.042,6,Electricity Net Generation From Hydroelectric Pumped Storage, All Sectors,Million Kilowatthours
HPETPUS,201510,-443.327,6,Electricity Net Generation From Hydroelectric Pumped Storage, All Sectors,Million Kilowatthours
HPETPUS,201511,-285.276,6,Electricity Net Generation From Hydroelectric Pumped Storage, All Sectors,Million Kilowatthours
HPETPUS,201512,-280.702,6,Electricity Net Generation From Hydroelectric Pumped Storage, All Sectors,Million Kilowatthours
HPETPUS,201513,-5091.488,6,Electricity Net Generation From Hydroelectric Pumped Storage, All Sectors,Million Kilowatthours
HPETPUS,201601,-311.758,6,Electricity Net Generation From Hydroelectric Pumped Storage, All Sectors,Million Kilowatthours
HPETPUS,201602,-398.558,6,Electricity Net Generation From Hydroelectric Pumped Storage, All Sectors,Million Kilowatthours
HPETPUS,201603,-384.067,6,Electricity Net Generation From Hydroelectric Pumped Storage, All Sectors,Million Kilowatthours
HPETPUS,201604,-451.878,6,Electricity Net Generation From Hydroelectric Pumped Storage, All Sectors,Million Kilowatthours
HPETPUS,201605,-320.717,6,Electricity Net Generation From Hydroelectric Pumped Storage, All Sectors,Million Kilowatthours
HPETPUS,201606,-497.303,6,Electricity Net Generation From Hydroelectric Pumped Storage, All Sectors,Million Kilowatthours
HPETPUS,201607,-783.894,6,Electricity Net Generation From Hydroelectric Pumped Storage, All Sectors,Million Kilowatthours
HPETPUS,201608,-902.068,6,Electricity Net Generation From Hydroelectric Pumped Storage, All Sectors,Million Kilowatthours
HPETPUS,201609,-715.35,6,Electricity Net Generation From Hydroelectric Pumped Storage, All Sectors,Million Kilowatthours
HPETPUS,201610,-560.77,6,Electricity Net Generation From Hydroelectric Pumped Storage, All Sectors,Million Kilowatthours
HPETPUS,201611,-606.895,6,Electricity Net Generation From Hydroelectric Pumped Storage, All Sectors,Million Kilowatthours
HPETPUS,201612,-752.869,6,Electricity Net Generation From Hydroelectric Pumped Storage, All Sectors,Million Kilowatthours
HPETPUS,201613,-6686.127,6,Electricity Net Generation From Hydroelectric Pumped Storage, All Sectors,Million Kilowatthours
HPETPUS,201701,-435.366,6,Electricity Net Generation From Hydroelectric Pumped Storage, All Sectors,Million Kilowatthours
HPETPUS,201702,-507.911,6,Electricity Net Generation From Hydroelectric Pumped Storage, All Sectors,Million Kilowatthours
HPETPUS,201703,-521.035,6,Electricity Net Generation From Hydroelectric Pumped Storage, All Sectors,Million Kilowatthours
HPETPUS,201704,-438.729,6,Electricity Net Generation From Hydroelectric Pumped Storage, All Sectors,Million Kilowatthours
HPETPUS,201705,-423.168,6,Electricity Net Generation From Hydroelectric Pumped Storage, All Sectors,Million Kilowatthours
HPETPUS,201706,-567.516,6,Electricity Net Generation From Hydroelectric Pumped Storage, All Sectors,Million Kilowatthours
HPETPUS,201707,-759.494,6,Electricity Net Generation From Hydroelectric Pumped Storage, All Sectors,Million Kilowatthours
HPETPUS,201708,-638.234,6,Electricity Net Generation From Hydroelectric Pumped Storage, All Sectors,Million Kilowatthours
HPETPUS,201709,-606.081,6,Electricity Net Generation From Hydroelectric Pumped Storage, All Sectors,Million Kilowatthours
HPETPUS,201710,-462.982,6,Electricity Net Generation From Hydroelectric Pumped Storage, All Sectors,Million Kilowatthours
HPETPUS,201711,-478.107,6,Electricity Net Generation From Hydroelectric Pumped Storage, All Sectors,Million Kilowatthours
HPETPUS,201712,-655.925,6,Electricity Net Generation From Hydroelectric Pumped Storage, All Sectors,Million Kilowatthours
HPETPUS,201713,-6494.548,6,Electricity Net Generation From Hydroelectric Pumped Storage, All Sectors,Million Kilowatthours
HPETPUS,201801,-547.331,6,Electricity Net Generation From Hydroelectric Pumped Storage, All Sectors,Million Kilowatthours
HPETPUS,201802,-315.144,6,Electricity Net Generation From Hydroelectric Pumped Storage, All Sectors,Million Kilowatthours
HPETPUS,201803,-489.962,6,Electricity Net Generation From Hydroelectric Pumped Storage, All Sectors,Million Kilowatthours
HPETPUS,201804,-376.898,6,Electricity Net Generation From Hydroelectric Pumped Storage, All Sectors,Million Kilowatthours
HPETPUS,201805,-390.083,6,Electricity Net Generation From Hydroelectric Pumped Storage, All Sectors,Million Kilowatthours
HPETPUS,201806,-433.324,6,Electricity Net Generation From Hydroelectric Pumped Storage, All Sectors,Million Kilowatthours
HPETPUS,201807,-644.469,6,Electricity Net Generation From Hydroelectric Pumped Storage, All Sectors,Million Kilowatthours
HPETPUS,201808,-747.235,6,Electricity Net Generation From Hydroelectric Pumped Storage, All Sectors,Million Kilowatthours
HPETPUS,201809,-603.113,6,Electricity Net Generation From Hydroelectric Pumped Storage, All Sectors,Million Kilowatthours
HPETPUS,201810,-492.202,6,Electricity Net Generation From Hydroelectric Pumped Storage, All Sectors,Million Kilowatthours
HPETPUS,201811,-342.707,6,Electricity Net Generation From Hydroelectric Pumped Storage, All Sectors,Million Kilowatthours
HPETPUS,201812,-522.071,6,Electricity Net Generation From Hydroelectric Pumped Storage, All Sectors,Million Kilowatthours
HPETPUS,201813,-5904.539,6,Electricity Net Generation From Hydroelectric Pumped Storage, All Sectors,Million Kilowatthours
HPETPUS,201901,-323.009,6,Electricity Net Generation From Hydroelectric Pumped Storage, All Sectors,Million Kilowatthours
HPETPUS,201902,-388.719,6,Electricity Net Generation From Hydroelectric Pumped Storage, All Sectors,Million Kilowatthours
HPETPUS,201903,-408.942,6,Electricity Net Generation From Hydroelectric Pumped Storage, All Sectors,Million Kilowatthours
HPETPUS,201904,-103.221,6,Electricity Net Generation From Hydroelectric Pumped Storage, All Sectors,Million Kilowatthours
HPETPUS,201905,-368.281,6,Electricity Net Generation From Hydroelectric Pumped Storage, All Sectors,Million Kilowatthours
HPETPUS,201906,-385.296,6,Electricity Net Generation From Hydroelectric Pumped Storage, All Sectors,Million Kilowatthours
HPETPUS,201907,-622.347,6,Electricity Net Generation From Hydroelectric Pumped Storage, All Sectors,Million Kilowatthours
HPETPUS,201908,-579.012,6,Electricity Net Generation From Hydroelectric Pumped Storage, All Sectors,Million Kilowatthours
HPETPUS,201909,-671.214,6,Electricity Net Generation From Hydroelectric Pumped Storage, All Sectors,Million Kilowatthours
HPETPUS,201910,-372.614,6,Electricity Net Generation From Hydroelectric Pumped Storage, All Sectors,Million Kilowatthours
HPETPUS,201911,-508.775,6,Electricity Net Generation From Hydroelectric Pumped Storage, All Sectors,Million Kilowatthours
HPETPUS,201912,-529.314,6,Electricity Net Generation From Hydroelectric Pumped Storage, All Sectors,Million Kilowatthours
HPETPUS,201913,-5260.744,6,Electricity Net Generation From Hydroelectric Pumped Storage, All Sectors,Million Kilowatthours
HPETPUS,202001,-376.791,6,Electricity Net Generation From Hydroelectric Pumped Storage, All Sectors,Million Kilowatthours
HPETPUS,202002,-246.677,6,Electricity Net Generation From Hydroelectric Pumped Storage, All Sectors,Million Kilowatthours
HPETPUS,202003,-353.064,6,Electricity Net Generation From Hydroelectric Pumped Storage, All Sectors,Million Kilowatthours
HPETPUS,202004,-325.03,6,Electricity Net Generation From Hydroelectric Pumped Storage, All Sectors,Million Kilowatthours
HPETPUS,202005,-366.733,6,Electricity Net Generation From Hydroelectric Pumped Storage, All Sectors,Million Kilowatthours
HPETPUS,202006,-498.931,6,Electricity Net Generation From Hydroelectric Pumped Storage, All Sectors,Million Kilowatthours
HPETPUS,202007,-685.626,6,Electricity Net Generation From Hydroelectric Pumped Storage, All Sectors,Million Kilowatthours
HPETPUS,202008,-783.638,6,Electricity Net Generation From Hydroelectric Pumped Storage, All Sectors,Million Kilowatthours
HPETPUS,202009,-524.729,6,Electricity Net Generation From Hydroelectric Pumped Storage, All Sectors,Million Kilowatthours
HPETPUS,202010,-423.243,6,Electricity Net Generation From Hydroelectric Pumped Storage, All Sectors,Million Kilowatthours
HPETPUS,202011,-369.222,6,Electricity Net Generation From Hydroelectric Pumped Storage, All Sectors,Million Kilowatthours
HPETPUS,202012,-367.521,6,Electricity Net Generation From Hydroelectric Pumped Storage, All Sectors,Million Kilowatthours
HPETPUS,202013,-5321.205,6,Electricity Net Generation From Hydroelectric Pumped Storage, All Sectors,Million Kilowatthours
HPETPUS,202101,-424.346,6,Electricity Net Generation From Hydroelectric Pumped Storage, All Sectors,Million Kilowatthours
HPETPUS,202102,-425.07,6,Electricity Net Generation From Hydroelectric Pumped Storage, All Sectors,Million Kilowatthours
HPETPUS,202103,-235.581,6,Electricity Net Generation From Hydroelectric Pumped Storage, All Sectors,Million Kilowatthours
HPETPUS,202104,-197.219,6,Electricity Net Generation From Hydroelectric Pumped Storage, All Sectors,Million Kilowatthours
HPETPUS,202105,-416.186,6,Electricity Net Generation From Hydroelectric Pumped Storage, All Sectors,Million Kilowatthours
HPETPUS,202106,-375.57,6,Electricity Net Generation From Hydroelectric Pumped Storage, All Sectors,Million Kilowatthours
HPETPUS,202107,-684.75,6,Electricity Net Generation From Hydroelectric Pumped Storage, All Sectors,Million Kilowatthours
HPETPUS,202108,-669.751,6,Electricity Net Generation From Hydroelectric Pumped Storage, All Sectors,Million Kilowatthours
HPETPUS,202109,-433.843,6,Electricity Net Generation From Hydroelectric Pumped Storage, All Sectors,Million Kilowatthours
HPETPUS,202110,-426.772,6,Electricity Net Generation From Hydroelectric Pumped Storage, All Sectors,Million Kilowatthours
HPETPUS,202111,-377.48,6,Electricity Net Generation From Hydroelectric Pumped Storage, All Sectors,Million Kilowatthours
HPETPUS,202112,-445.116,6,Electricity Net Generation From Hydroelectric Pumped Storage, All Sectors,Million Kilowatthours
HPETPUS,202113,-5111.684,6,Electricity Net Generation From Hydroelectric Pumped Storage, All Sectors,Million Kilowatthours
HPETPUS,202201,-493.31,6,Electricity Net Generation From Hydroelectric Pumped Storage, All Sectors,Million Kilowatthours
HPETPUS,202202,-412.258,6,Electricity Net Generation From Hydroelectric Pumped Storage, All Sectors,Million Kilowatthours
HPETPUS,202203,-317.508,6,Electricity Net Generation From Hydroelectric Pumped Storage, All Sectors,Million Kilowatthours
HPETPUS,202204,-265.226,6,Electricity Net Generation From Hydroelectric Pumped Storage, All Sectors,Million Kilowatthours
HPETPUS,202205,-466.746,6,Electricity Net Generation From Hydroelectric Pumped Storage, All Sectors,Million Kilowatthours
HPETPUS,202206,-589.065,6,Electricity Net Generation From Hydroelectric Pumped Storage, All Sectors,Million Kilowatthours
HPETPUS,202207,-768.422,6,Electricity Net Generation From Hydroelectric Pumped Storage, All Sectors,Million Kilowatthours
HPETPUS,202208,-639.609,6,Electricity Net Generation From Hydroelectric Pumped Storage, All Sectors,Million Kilowatthours
HPETPUS,202209,-597.966,6,Electricity Net Generation From Hydroelectric Pumped Storage, All Sectors,Million Kilowatthours
HPETPUS,202210,-434.352,6,Electricity Net Generation From Hydroelectric Pumped Storage, All Sectors,Million Kilowatthours
HPETPUS,202211,-495.12,6,Electricity Net Generation From Hydroelectric Pumped Storage, All Sectors,Million Kilowatthours
