HVETPUS,194913,94772.992,7,Electricity Net Generation From Conventional Hydroelectric Power, All Sectors,Million Kilowatthours
HVETPUS,195013,100884.575,7,Electricity Net Generation From Conventional Hydroelectric Power, All Sectors,Million Kilowatthours
HVETPUS,195113,104376.12,7,Electricity Net Generation From Conventional Hydroelectric Power, All Sectors,Million Kilowatthours
HVETPUS,195213,109708.251,7,Electricity Net Generation From Conventional Hydroelectric Power, All Sectors,Million Kilowatthours
HVETPUS,195313,109617.396,7,Electricity Net Generation From Conventional Hydroelectric Power, All Sectors,Million Kilowatthours
HVETPUS,195413,111639.772,7,Electricity Net Generation From Conventional Hydroelectric Power, All Sectors,Million Kilowatthours
HVETPUS,195513,116235.946,7,Electricity Net Generation From Conventional Hydroelectric Power, All Sectors,Million Kilowatthours
HVETPUS,195613,125236.621,7,Electricity Net Generation From Conventional Hydroelectric Power, All Sectors,Million Kilowatthours
HVETPUS,195713,133357.93,7,Electricity Net Generation From Conventional Hydroelectric Power, All Sectors,Million Kilowatthours
HVETPUS,195813,143614.545,7,Electricity Net Generation From Conventional Hydroelectric Power, All Sectors,Million Kilowatthours
HVETPUS,195913,141154.533,7,Electricity Net Generation From Conventional Hydroelectric Power, All Sectors,Million Kilowatthours
HVETPUS,196013,149440.035,7,Electricity Net Generation From Conventional Hydroelectric Power, All Sectors,Million Kilowatthours
HVETPUS,196113,155536.444,7,Electricity Net Generation From Conventional Hydroelectric Power, All Sectors,Million Kilowatthours
HVETPUS,196213,172015.646,7,Electricity Net Generation From Conventional Hydroelectric Power, All Sectors,Million Kilowatthours
HVETPUS,196313,168990.14,7,Electricity Net Generation From Conventional Hydroelectric Power, All Sectors,Million Kilowatthours
HVETPUS,196413,180301.506,7,Electricity Net Generation From Conventional Hydroelectric Power, All Sectors,Million Kilowatthours
HVETPUS,196513,196984.345,7,Electricity Net Generation From Conventional Hydroelectric Power, All Sectors,Million Kilowatthours
HVETPUS,196613,197937.538,7,Electricity Net Generation From Conventional Hydroelectric Power, All Sectors,Million Kilowatthours
HVETPUS,196713,224948.605,7,Electricity Net Generation From Conventional Hydroelectric Power, All Sectors,Million Kilowatthours
HVETPUS,196813,225873.158,7,Electricity Net Generation From Conventional Hydroelectric Power, All Sectors,Million Kilowatthours
HVETPUS,196913,253468.237,7,Electricity Net Generation From Conventional Hydroelectric Power, All Sectors,Million Kilowatthours
HVETPUS,197013,250957.442,7,Electricity Net Generation From Conventional Hydroelectric Power, All Sectors,Million Kilowatthours
HVETPUS,197113,269531.459,7,Electricity Net Generation From Conventional Hydroelectric Power, All Sectors,Million Kilowatthours
HVETPUS,197213,275928.828,7,Electricity Net Generation From Conventional Hydroelectric Power, All Sectors,Million Kilowatthours
HVETPUS,197301,26249.203,7,Electricity Net Generation From Conventional Hydroelectric Power, All Sectors,Million Kilowatthours
HVETPUS,197302,23313.025,7,Electricity Net Generation From Conventional Hydroelectric Power, All Sectors,Million Kilowatthours
HVETPUS,197303,25874.466,7,Electricity Net Generation From Conventional Hydroelectric Power, All Sectors,Million Kilowatthours
HVETPUS,197304,24370.51,7,Electricity Net Generation From Conventional Hydroelectric Power, All Sectors,Million Kilowatthours
HVETPUS,197305,25100.563,7,Electricity Net Generation From Conventional Hydroelectric Power, All Sectors,Million Kilowatthours
HVETPUS,197306,24050.316,7,Electricity Net Generation From Conventional Hydroelectric Power, All Sectors,Million Kilowatthours
HVETPUS,197307,22684.569,7,Electricity Net Generation From Conventional Hydroelectric Power, All Sectors,Million Kilowatthours
HVETPUS,197308,21376.181,7,Electricity Net Generation From Conventional Hydroelectric Power, All Sectors,Million Kilowatthours
HVETPUS,197309,17300.278,7,Electricity Net Generation From Conventional Hydroelectric Power, All Sectors,Million Kilowatthours
HVETPUS,197310,18454.449,7,Electricity Net Generation From Conventional Hydroelectric Power, All Sectors,Million Kilowatthours
HVETPUS,197311,20241.133,7,Electricity Net Generation From Conventional Hydroelectric Power, All Sectors,Million Kilowatthours
HVETPUS,197312,26415.88,7,Electricity Net Generation From Conventional Hydroelectric Power, All Sectors,Million Kilowatthours
HVETPUS,197313,275430.574,7,Electricity Net Generation From Conventional Hydroelectric Power, All Sectors,Million Kilowatthours
HVETPUS,197401,29161.659,7,Electricity Net Generation From Conventional Hydroelectric Power, All Sectors,Million Kilowatthours
HVETPUS,197402,26809.987,7,Electricity Net Generation From Conventional Hydroelectric Power, All Sectors,Million Kilowatthours
HVETPUS,197403,27828.186,7,Electricity Net Generation From Conventional Hydroelectric Power, All Sectors,Million Kilowatthours
HVETPUS,197404,28126.967,7,Electricity Net Generation From Conventional Hydroelectric Power, All Sectors,Million Kilowatthours
HVETPUS,197405,28234.858,7,Electricity Net Generation From Conventional Hydroelectric Power, All Sectors,Million Kilowatthours
HVETPUS,197406,26881.343,7,Electricity Net Generation From Conventional Hydroelectric Power, All Sectors,Million Kilowatthours
HVETPUS,197407,26505.617,7,Electricity Net Generation From Conventional Hydroelectric Power, All Sectors,Million Kilowatthours
HVETPUS,197408,24245.839,7,Electricity Net Generation From Conventional Hydroelectric Power, All Sectors,Million Kilowatthours
HVETPUS,197409,21573.878,7,Electricity Net Generation From Conventional Hydroelectric Power, All Sectors,Million Kilowatthours
HVETPUS,197410,20202.545,7,Electricity Net Generation From Conventional Hydroelectric Power, All Sectors,Million Kilowatthours
HVETPUS,197411,21328.54,7,Electricity Net Generation From Conventional Hydroelectric Power, All Sectors,Million Kilowatthours
HVETPUS,197412,23312.388,7,Electricity Net Generation From Conventional Hydroelectric Power, All Sectors,Million Kilowatthours
HVETPUS,197413,304211.805,7,Electricity Net Generation From Conventional Hydroelectric Power, All Sectors,Million Kilowatthours
HVETPUS,197501,25309.513,7,Electricity Net Generation From Conventional Hydroelectric Power, All Sectors,Million Kilowatthours
HVETPUS,197502,24151.196,7,Electricity Net Generation From Conventional Hydroelectric Power, All Sectors,Million Kilowatthours
HVETPUS,197503,28249.231,7,Electricity Net Generation From Conventional Hydroelectric Power, All Sectors,Million Kilowatthours
HVETPUS,197504,26902.482,7,Electricity Net Generation From Conventional Hydroelectric Power, All Sectors,Million Kilowatthours
HVETPUS,197505,28013.097,7,Electricity Net Generation From Conventional Hydroelectric Power, All Sectors,Million Kilowatthours
HVETPUS,197506,27417.825,7,Electricity Net Generation From Conventional Hydroelectric Power, All Sectors,Million Kilowatthours
HVETPUS,197507,25762.144,7,Electricity Net Generation From Conventional Hydroelectric Power, All Sectors,Million Kilowatthours
HVETPUS,197508,22828.868,7,Electricity Net Generation From Conventional Hydroelectric Power, All Sectors,Million Kilowatthours
HVETPUS,197509,20737.409,7,Electricity Net Generation From Conventional Hydroelectric Power, All Sectors,Million Kilowatthours
HVETPUS,197510,22877.953,7,Electricity Net Generation From Conventional Hydroelectric Power, All Sectors,Million Kilowatthours
HVETPUS,197511,24669.065,7,Electricity Net Generation From Conventional Hydroelectric Power, All Sectors,Million Kilowatthours
HVETPUS,197512,26233.89,7,Electricity Net Generation From Conventional Hydroelectric Power, All Sectors,Million Kilowatthours
HVETPUS,197513,303152.673,7,Electricity Net Generation From Conventional Hydroelectric Power, All Sectors,Million Kilowatthours
HVETPUS,197601,26349.467,7,Electricity Net Generation From Conventional Hydroelectric Power, All Sectors,Million Kilowatthours
HVETPUS,197602,24802.606,7,Electricity Net Generation From Conventional Hydroelectric Power, All Sectors,Million Kilowatthours
HVETPUS,197603,26855.021,7,Electricity Net Generation From Conventional Hydroelectric Power, All Sectors,Million Kilowatthours
HVETPUS,197604,24436.734,7,Electricity Net Generation From Conventional Hydroelectric Power, All Sectors,Million Kilowatthours
HVETPUS,197605,25810.439,7,Electricity Net Generation From Conventional Hydroelectric Power, All Sectors,Million Kilowatthours
HVETPUS,197606,25844.753,7,Electricity Net Generation From Conventional Hydroelectric Power, All Sectors,Million Kilowatthours
HVETPUS,197607,26320.866,7,Electricity Net Generation From Conventional Hydroelectric Power, All Sectors,Million Kilowatthours
HVETPUS,197608,24077.807,7,Electricity Net Generation From Conventional Hydroelectric Power, All Sectors,Million Kilowatthours
HVETPUS,197609,20570.354,7,Electricity Net Generation From Conventional Hydroelectric Power, All Sectors,Million Kilowatthours
HVETPUS,197610,21304.322,7,Electricity Net Generation From Conventional Hydroelectric Power, All Sectors,Million Kilowatthours
HVETPUS,197611,20065.329,7,Electricity Net Generation From Conventional Hydroelectric Power, All Sectors,Million Kilowatthours
HVETPUS,197612,20486.54,7,Electricity Net Generation From Conventional Hydroelectric Power, All Sectors,Million Kilowatthours
HVETPUS,197613,286924.238,7,Electricity Net Generation From Conventional Hydroelectric Power, All Sectors,Million Kilowatthours
HVETPUS,197701,20993.663,7,Electricity Net Generation From Conventional Hydroelectric Power, All Sectors,Million Kilowatthours
HVETPUS,197702,15364.523,7,Electricity Net Generation From Conventional Hydroelectric Power, All Sectors,Million Kilowatthours
HVETPUS,197703,20081.349,7,Electricity Net Generation From Conventional Hydroelectric Power, All Sectors,Million Kilowatthours
HVETPUS,197704,18906.23,7,Electricity Net Generation From Conventional Hydroelectric Power, All Sectors,Million Kilowatthours
HVETPUS,197705,18941.591,7,Electricity Net Generation From Conventional Hydroelectric Power, All Sectors,Million Kilowatthours
HVETPUS,197706,17470.321,7,Electricity Net Generation From Conventional Hydroelectric Power, All Sectors,Million Kilowatthours
HVETPUS,197707,17036.785,7,Electricity Net Generation From Conventional Hydroelectric Power, All Sectors,Million Kilowatthours
HVETPUS,197708,16949.001,7,Electricity Net Generation From Conventional Hydroelectric Power, All Sectors,Million Kilowatthours
HVETPUS,197709,16657.479,7,Electricity Net Generation From Conventional Hydroelectric Power, All Sectors,Million Kilowatthours
HVETPUS,197710,17432.504,7,Electricity Net Generation From Conventional Hydroelectric Power, All Sectors,Million Kilowatthours
HVETPUS,197711,20686.579,7,Electricity Net Generation From Conventional Hydroelectric Power, All Sectors,Million Kilowatthours
HVETPUS,197712,23078.66,7,Electricity Net Generation From Conventional Hydroelectric Power, All Sectors,Million Kilowatthours
HVETPUS,197713,223598.687,7,Electricity Net Generation From Conventional Hydroelectric Power, All Sectors,Million Kilowatthours
HVETPUS,197801,25338.235,7,Electricity Net Generation From Conventional Hydroelectric Power, All Sectors,Million Kilowatthours
HVETPUS,197802,22452.024,7,Electricity Net Generation From Conventional Hydroelectric Power, All Sectors,Million Kilowatthours
HVETPUS,197803,24897.659,7,Electricity Net Generation From Conventional Hydroelectric Power, All Sectors,Million Kilowatthours
HVETPUS,197804,25580.617,7,Electricity Net Generation From Conventional Hydroelectric Power, All Sectors,Million Kilowatthours
HVETPUS,197805,29069.355,7,Electricity Net Generation From Conventional Hydroelectric Power, All Sectors,Million Kilowatthours
HVETPUS,197806,25394.161,7,Electricity Net Generation From Conventional Hydroelectric Power, All Sectors,Million Kilowatthours
HVETPUS,197807,24718.41,7,Electricity Net Generation From Conventional Hydroelectric Power, All Sectors,Million Kilowatthours
HVETPUS,197808,22426.121,7,Electricity Net Generation From Conventional Hydroelectric Power, All Sectors,Million Kilowatthours
HVETPUS,197809,21407.275,7,Electricity Net Generation From Conventional Hydroelectric Power, All Sectors,Million Kilowatthours
HVETPUS,197810,19690.414,7,Electricity Net Generation From Conventional Hydroelectric Power, All Sectors,Million Kilowatthours
HVETPUS,197811,20169.267,7,Electricity Net Generation From Conventional Hydroelectric Power, All Sectors,Million Kilowatthours
HVETPUS,197812,22321.687,7,Electricity Net Generation From Conventional Hydroelectric Power, All Sectors,Million Kilowatthours
HVETPUS,197813,283465.224,7,Electricity Net Generation From Conventional Hydroelectric Power, All Sectors,Million Kilowatthours
HVETPUS,197901,25315.97,7,Electricity Net Generation From Conventional Hydroelectric Power, All Sectors,Million Kilowatthours
HVETPUS,197902,21525.673,7,Electricity Net Generation From Conventional Hydroelectric Power, All Sectors,Million Kilowatthours
HVETPUS,197903,26225.876,7,Electricity Net Generation From Conventional Hydroelectric Power, All Sectors,Million Kilowatthours
HVETPUS,197904,25687.338,7,Electricity Net Generation From Conventional Hydroelectric Power, All Sectors,Million Kilowatthours
HVETPUS,197905,29279.822,7,Electricity Net Generation From Conventional Hydroelectric Power, All Sectors,Million Kilowatthours
HVETPUS,197906,25272.522,7,Electricity Net Generation From Conventional Hydroelectric Power, All Sectors,Million Kilowatthours
HVETPUS,197907,23028.538,7,Electricity Net Generation From Conventional Hydroelectric Power, All Sectors,Million Kilowatthours
HVETPUS,197908,21510.17,7,Electricity Net Generation From Conventional Hydroelectric Power, All Sectors,Million Kilowatthours
HVETPUS,197909,19201.628,7,Electricity Net Generation From Conventional Hydroelectric Power, All Sectors,Million Kilowatthours
HVETPUS,197910,20404.071,7,Electricity Net Generation From Conventional Hydroelectric Power, All Sectors,Million Kilowatthours
HVETPUS,197911,22629.801,7,Electricity Net Generation From Conventional Hydroelectric Power, All Sectors,Million Kilowatthours
HVETPUS,197912,22994.567,7,Electricity Net Generation From Conventional Hydroelectric Power, All Sectors,Million Kilowatthours
HVETPUS,197913,283075.976,7,Electricity Net Generation From Conventional Hydroelectric Power, All Sectors,Million Kilowatthours
HVETPUS,198001,25569.718,7,Electricity Net Generation From Conventional Hydroelectric Power, All Sectors,Million Kilowatthours
HVETPUS,198002,21624.05,7,Electricity Net Generation From Conventional Hydroelectric Power, All Sectors,Million Kilowatthours
HVETPUS,198003,24612.658,7,Electricity Net Generation From Conventional Hydroelectric Power, All Sectors,Million Kilowatthours
HVETPUS,198004,26044.704,7,Electricity Net Generation From Conventional Hydroelectric Power, All Sectors,Million Kilowatthours
HVETPUS,198005,29197.647,7,Electricity Net Generation From Conventional Hydroelectric Power, All Sectors,Million Kilowatthours
HVETPUS,198006,27974.97,7,Electricity Net Generation From Conventional Hydroelectric Power, All Sectors,Million Kilowatthours
HVETPUS,198007,24750.32,7,Electricity Net Generation From Conventional Hydroelectric Power, All Sectors,Million Kilowatthours
HVETPUS,198008,20667.363,7,Electricity Net Generation From Conventional Hydroelectric Power, All Sectors,Million Kilowatthours
HVETPUS,198009,18704.361,7,Electricity Net Generation From Conventional Hydroelectric Power, All Sectors,Million Kilowatthours
HVETPUS,198010,18071.812,7,Electricity Net Generation From Conventional Hydroelectric Power, All Sectors,Million Kilowatthours
HVETPUS,198011,19438.646,7,Electricity Net Generation From Conventional Hydroelectric Power, All Sectors,Million Kilowatthours
HVETPUS,198012,22525.84,7,Electricity Net Generation From Conventional Hydroelectric Power, All Sectors,Million Kilowatthours
HVETPUS,198013,279182.09,7,Electricity Net Generation From Conventional Hydroelectric Power, All Sectors,Million Kilowatthours
HVETPUS,198101,22630.121,7,Electricity Net Generation From Conventional Hydroelectric Power, All Sectors,Million Kilowatthours
HVETPUS,198102,21345.388,7,Electricity Net Generation From Conventional Hydroelectric Power, All Sectors,Million Kilowatthours
HVETPUS,198103,20852.96,7,Electricity Net Generation From Conventional Hydroelectric Power, All Sectors,Million Kilowatthours
HVETPUS,198104,21019.475,7,Electricity Net Generation From Conventional Hydroelectric Power, All Sectors,Million Kilowatthours
HVETPUS,198105,24414.025,7,Electricity Net Generation From Conventional Hydroelectric Power, All Sectors,Million Kilowatthours
HVETPUS,198106,26688.579,7,Electricity Net Generation From Conventional Hydroelectric Power, All Sectors,Million Kilowatthours
HVETPUS,198107,25414.375,7,Electricity Net Generation From Conventional Hydroelectric Power, All Sectors,Million Kilowatthours
HVETPUS,198108,21851.021,7,Electricity Net Generation From Conventional Hydroelectric Power, All Sectors,Million Kilowatthours
HVETPUS,198109,18034.677,7,Electricity Net Generation From Conventional Hydroelectric Power, All Sectors,Million Kilowatthours
HVETPUS,198110,18294.401,7,Electricity Net Generation From Conventional Hydroelectric Power, All Sectors,Million Kilowatthours
HVETPUS,198111,19184.975,7,Electricity Net Generation From Conventional Hydroelectric Power, All Sectors,Million Kilowatthours
HVETPUS,198112,24114.668,7,Electricity Net Generation From Conventional Hydroelectric Power, All Sectors,Million Kilowatthours
HVETPUS,198113,263844.664,7,Electricity Net Generation From Conventional Hydroelectric Power, All Sectors,Million Kilowatthours
HVETPUS,198201,27187.167,7,Electricity Net Generation From Conventional Hydroelectric Power, All Sectors,Million Kilowatthours
HVETPUS,198202,26936.434,7,Electricity Net Generation From Conventional Hydroelectric Power, All Sectors,Million Kilowatthours
HVETPUS,198203,30165.194,7,Electricity Net Generation From Conventional Hydroelectric Power, All Sectors,Million Kilowatthours
HVETPUS,198204,28224.687,7,Electricity Net Generation From Conventional Hydroelectric Power, All Sectors,Million Kilowatthours
HVETPUS,198205,28303.672,7,Electricity Net Generation From Conventional Hydroelectric Power, All Sectors,Million Kilowatthours
HVETPUS,198206,28271.627,7,Electricity Net Generation From Conventional Hydroelectric Power, All Sectors,Million Kilowatthours
HVETPUS,198207,27575.369,7,Electricity Net Generation From Conventional Hydroelectric Power, All Sectors,Million Kilowatthours
HVETPUS,198208,24130.424,7,Electricity Net Generation From Conventional Hydroelectric Power, All Sectors,Million Kilowatthours
HVETPUS,198209,20108.998,7,Electricity Net Generation From Conventional Hydroelectric Power, All Sectors,Million Kilowatthours
HVETPUS,198210,19956.331,7,Electricity Net Generation From Conventional Hydroelectric Power, All Sectors,Million Kilowatthours
HVETPUS,198211,23518.327,7,Electricity Net Generation From Conventional Hydroelectric Power, All Sectors,Million Kilowatthours
HVETPUS,198212,27995.783,7,Electricity Net Generation From Conventional Hydroelectric Power, All Sectors,Million Kilowatthours
HVETPUS,198213,312374.013,7,Electricity Net Generation From Conventional Hydroelectric Power, All Sectors,Million Kilowatthours
HVETPUS,198301,29526.18,7,Electricity Net Generation From Conventional Hydroelectric Power, All Sectors,Million Kilowatthours
HVETPUS,198302,28196.337,7,Electricity Net Generation From Conventional Hydroelectric Power, All Sectors,Million Kilowatthours
HVETPUS,198303,30582.685,7,Electricity Net Generation From Conventional Hydroelectric Power, All Sectors,Million Kilowatthours
HVETPUS,198304,30285.458,7,Electricity Net Generation From Conventional Hydroelectric Power, All Sectors,Million Kilowatthours
HVETPUS,198305,31526.278,7,Electricity Net Generation From Conventional Hydroelectric Power, All Sectors,Million Kilowatthours
HVETPUS,198306,31011.159,7,Electricity Net Generation From Conventional Hydroelectric Power, All Sectors,Million Kilowatthours
HVETPUS,198307,28394.927,7,Electricity Net Generation From Conventional Hydroelectric Power, All Sectors,Million Kilowatthours
HVETPUS,198308,26063.618,7,Electricity Net Generation From Conventional Hydroelectric Power, All Sectors,Million Kilowatthours
HVETPUS,198309,21924.869,7,Electricity Net Generation From Conventional Hydroelectric Power, All Sectors,Million Kilowatthours
HVETPUS,198310,20952.741,7,Electricity Net Generation From Conventional Hydroelectric Power, All Sectors,Million Kilowatthours
HVETPUS,198311,24899.225,7,Electricity Net Generation From Conventional Hydroelectric Power, All Sectors,Million Kilowatthours
HVETPUS,198312,31927.379,7,Electricity Net Generation From Conventional Hydroelectric Power, All Sectors,Million Kilowatthours
HVETPUS,198313,335290.855,7,Electricity Net Generation From Conventional Hydroelectric Power, All Sectors,Million Kilowatthours
HVETPUS,198401,30029.114,7,Electricity Net Generation From Conventional Hydroelectric Power, All Sectors,Million Kilowatthours
HVETPUS,198402,28146.08,7,Electricity Net Generation From Conventional Hydroelectric Power, All Sectors,Million Kilowatthours
HVETPUS,198403,30715.484,7,Electricity Net Generation From Conventional Hydroelectric Power, All Sectors,Million Kilowatthours
HVETPUS,198404,30266.727,7,Electricity Net Generation From Conventional Hydroelectric Power, All Sectors,Million Kilowatthours
HVETPUS,198405,32146.29,7,Electricity Net Generation From Conventional Hydroelectric Power, All Sectors,Million Kilowatthours
HVETPUS,198406,29091.841,7,Electricity Net Generation From Conventional Hydroelectric Power, All Sectors,Million Kilowatthours
HVETPUS,198407,27776.009,7,Electricity Net Generation From Conventional Hydroelectric Power, All Sectors,Million Kilowatthours
HVETPUS,198408,25372.988,7,Electricity Net Generation From Conventional Hydroelectric Power, All Sectors,Million Kilowatthours
HVETPUS,198409,21124.151,7,Electricity Net Generation From Conventional Hydroelectric Power, All Sectors,Million Kilowatthours
HVETPUS,198410,21092.477,7,Electricity Net Generation From Conventional Hydroelectric Power, All Sectors,Million Kilowatthours
HVETPUS,198411,22480.711,7,Electricity Net Generation From Conventional Hydroelectric Power, All Sectors,Million Kilowatthours
HVETPUS,198412,26069.492,7,Electricity Net Generation From Conventional Hydroelectric Power, All Sectors,Million Kilowatthours
HVETPUS,198413,324311.365,7,Electricity Net Generation From Conventional Hydroelectric Power, All Sectors,Million Kilowatthours
HVETPUS,198501,27835.054,7,Electricity Net Generation From Conventional Hydroelectric Power, All Sectors,Million Kilowatthours
HVETPUS,198502,26148.617,7,Electricity Net Generation From Conventional Hydroelectric Power, All Sectors,Million Kilowatthours
HVETPUS,198503,24920.45,7,Electricity Net Generation From Conventional Hydroelectric Power, All Sectors,Million Kilowatthours
HVETPUS,198504,24699.772,7,Electricity Net Generation From Conventional Hydroelectric Power, All Sectors,Million Kilowatthours
HVETPUS,198505,26753.91,7,Electricity Net Generation From Conventional Hydroelectric Power, All Sectors,Million Kilowatthours
HVETPUS,198506,24157.483,7,Electricity Net Generation From Conventional Hydroelectric Power, All Sectors,Million Kilowatthours
HVETPUS,198507,21574.316,7,Electricity Net Generation From Conventional Hydroelectric Power, All Sectors,Million Kilowatthours
HVETPUS,198508,20216.874,7,Electricity Net Generation From Conventional Hydroelectric Power, All Sectors,Million Kilowatthours
HVETPUS,198509,18980.41,7,Electricity Net Generation From Conventional Hydroelectric Power, All Sectors,Million Kilowatthours
HVETPUS,198510,20253.598,7,Electricity Net Generation From Conventional Hydroelectric Power, All Sectors,Million Kilowatthours
HVETPUS,198511,23175.559,7,Electricity Net Generation From Conventional Hydroelectric Power, All Sectors,Million Kilowatthours
HVETPUS,198512,25594.494,7,Electricity Net Generation From Conventional Hydroelectric Power, All Sectors,Million Kilowatthours
HVETPUS,198513,284310.538,7,Electricity Net Generation From Conventional Hydroelectric Power, All Sectors,Million Kilowatthours
HVETPUS,198601,21668.778,7,Electricity Net Generation From Conventional Hydroelectric Power, All Sectors,Million Kilowatthours
HVETPUS,198602,23468.502,7,Electricity Net Generation From Conventional Hydroelectric Power, All Sectors,Million Kilowatthours
HVETPUS,198603,28745.94,7,Electricity Net Generation From Conventional Hydroelectric Power, All Sectors,Million Kilowatthours
HVETPUS,198604,27820.143,7,Electricity Net Generation From Conventional Hydroelectric Power, All Sectors,Million Kilowatthours
HVETPUS,198605,27537.396,7,Electricity Net Generation From Conventional Hydroelectric Power, All Sectors,Million Kilowatthours
HVETPUS,198606,26542.197,7,Electricity Net Generation From Conventional Hydroelectric Power, All Sectors,Million Kilowatthours
HVETPUS,198607,24353.454,7,Electricity Net Generation From Conventional Hydroelectric Power, All Sectors,Million Kilowatthours
HVETPUS,198608,21425.424,7,Electricity Net Generation From Conventional Hydroelectric Power, All Sectors,Million Kilowatthours
HVETPUS,198609,21326.72,7,Electricity Net Generation From Conventional Hydroelectric Power, All Sectors,Million Kilowatthours
HVETPUS,198610,21541.058,7,Electricity Net Generation From Conventional Hydroelectric Power, All Sectors,Million Kilowatthours
HVETPUS,198611,23374.963,7,Electricity Net Generation From Conventional Hydroelectric Power, All Sectors,Million Kilowatthours
HVETPUS,198612,26200.643,7,Electricity Net Generation From Conventional Hydroelectric Power, All Sectors,Million Kilowatthours
HVETPUS,198613,294005.219,7,Electricity Net Generation From Conventional Hydroelectric Power, All Sectors,Million Kilowatthours
HVETPUS,198701,25703.928,7,Electricity Net Generation From Conventional Hydroelectric Power, All Sectors,Million Kilowatthours
HVETPUS,198702,21472.457,7,Electricity Net Generation From Conventional Hydroelectric Power, All Sectors,Million Kilowatthours
HVETPUS,198703,23528.449,7,Electricity Net Generation From Conventional Hydroelectric Power, All Sectors,Million Kilowatthours
HVETPUS,198704,22322.015,7,Electricity Net Generation From Conventional Hydroelectric Power, All Sectors,Million Kilowatthours
HVETPUS,198705,24534.684,7,Electricity Net Generation From Conventional Hydroelectric Power, All Sectors,Million Kilowatthours
HVETPUS,198706,21181.422,7,Electricity Net Generation From Conventional Hydroelectric Power, All Sectors,Million Kilowatthours
HVETPUS,198707,20476.008,7,Electricity Net Generation From Conventional Hydroelectric Power, All Sectors,Million Kilowatthours
HVETPUS,198708,18682.389,7,Electricity Net Generation From Conventional Hydroelectric Power, All Sectors,Million Kilowatthours
HVETPUS,198709,18392.849,7,Electricity Net Generation From Conventional Hydroelectric Power, All Sectors,Million Kilowatthours
HVETPUS,198710,18160.564,7,Electricity Net Generation From Conventional Hydroelectric Power, All Sectors,Million Kilowatthours
HVETPUS,198711,17078.681,7,Electricity Net Generation From Conventional Hydroelectric Power, All Sectors,Million Kilowatthours
HVETPUS,198712,21322.647,7,Electricity Net Generation From Conventional Hydroelectric Power, All Sectors,Million Kilowatthours
HVETPUS,198713,252856.093,7,Electricity Net Generation From Conventional Hydroelectric Power, All Sectors,Million Kilowatthours
HVETPUS,198801,22324.412,7,Electricity Net Generation From Conventional Hydroelectric Power, All Sectors,Million Kilowatthours
HVETPUS,198802,19351.882,7,Electricity Net Generation From Conventional Hydroelectric Power, All Sectors,Million Kilowatthours
HVETPUS,198803,19794.568,7,Electricity Net Generation From Conventional Hydroelectric Power, All Sectors,Million Kilowatthours
HVETPUS,198804,19400.713,7,Electricity Net Generation From Conventional Hydroelectric Power, All Sectors,Million Kilowatthours
HVETPUS,198805,21571.177,7,Electricity Net Generation From Conventional Hydroelectric Power, All Sectors,Million Kilowatthours
HVETPUS,198806,19151.775,7,Electricity Net Generation From Conventional Hydroelectric Power, All Sectors,Million Kilowatthours
HVETPUS,198807,17185.157,7,Electricity Net Generation From Conventional Hydroelectric Power, All Sectors,Million Kilowatthours
HVETPUS,198808,16683.235,7,Electricity Net Generation From Conventional Hydroelectric Power, All Sectors,Million Kilowatthours
HVETPUS,198809,16483.325,7,Electricity Net Generation From Conventional Hydroelectric Power, All Sectors,Million Kilowatthours
HVETPUS,198810,15318.091,7,Electricity Net Generation From Conventional Hydroelectric Power, All Sectors,Million Kilowatthours
HVETPUS,198811,18687.708,7,Electricity Net Generation From Conventional Hydroelectric Power, All Sectors,Million Kilowatthours
HVETPUS,198812,20148.761,7,Electricity Net Generation From Conventional Hydroelectric Power, All Sectors,Million Kilowatthours
HVETPUS,198813,226100.803,7,Electricity Net Generation From Conventional Hydroelectric Power, All Sectors,Million Kilowatthours
HVETPUS,198901,21476.179,7,Electricity Net Generation From Conventional Hydroelectric Power, All Sectors,Million Kilowatthours
HVETPUS,198902,19105.654,7,Electricity Net Generation From Conventional Hydroelectric Power, All Sectors,Million Kilowatthours
HVETPUS,198903,23232.175,7,Electricity Net Generation From Conventional Hydroelectric Power, All Sectors,Million Kilowatthours
HVETPUS,198904,24705.486,7,Electricity Net Generation From Conventional Hydroelectric Power, All Sectors,Million Kilowatthours
HVETPUS,198905,28780.645,7,Electricity Net Generation From Conventional Hydroelectric Power, All Sectors,Million Kilowatthours
HVETPUS,198906,26557.338,7,Electricity Net Generation From Conventional Hydroelectric Power, All Sectors,Million Kilowatthours
HVETPUS,198907,23262.831,7,Electricity Net Generation From Conventional Hydroelectric Power, All Sectors,Million Kilowatthours
HVETPUS,198908,20713.722,7,Electricity Net Generation From Conventional Hydroelectric Power, All Sectors,Million Kilowatthours
HVETPUS,198909,19412.822,7,Electricity Net Generation From Conventional Hydroelectric Power, All Sectors,Million Kilowatthours
HVETPUS,198910,20599.32,7,Electricity Net Generation From Conventional Hydroelectric Power, All Sectors,Million Kilowatthours
HVETPUS,198911,21738.616,7,Electricity Net Generation From Conventional Hydroelectric Power, All Sectors,Million Kilowatthours
HVETPUS,198912,22392.148,7,Electricity Net Generation From Conventional Hydroelectric Power, All Sectors,Million Kilowatthours
HVETPUS,198913,271976.936,7,Electricity Net Generation From Conventional Hydroelectric Power, All Sectors,Million Kilowatthours
HVETPUS,199001,24348.865,7,Electricity Net Generation From Conventional Hydroelectric Power, All Sectors,Million Kilowatthours
HVETPUS,199002,25240.792,7,Electricity Net Generation From Conventional Hydroelectric Power, All Sectors,Million Kilowatthours
HVETPUS,199003,28968.78,7,Electricity Net Generation From Conventional Hydroelectric Power, All Sectors,Million Kilowatthours
HVETPUS,199004,26550.221,7,Electricity Net Generation From Conventional Hydroelectric Power, All Sectors,Million Kilowatthours
HVETPUS,199005,28063.584,7,Electricity Net Generation From Conventional Hydroelectric Power, All Sectors,Million Kilowatthours
HVETPUS,199006,28852.262,7,Electricity Net Generation From Conventional Hydroelectric Power, All Sectors,Million Kilowatthours
HVETPUS,199007,24762.636,7,Electricity Net Generation From Conventional Hydroelectric Power, All Sectors,Million Kilowatthours
HVETPUS,199008,22145.195,7,Electricity Net Generation From Conventional Hydroelectric Power, All Sectors,Million Kilowatthours
HVETPUS,199009,18001.763,7,Electricity Net Generation From Conventional Hydroelectric Power, All Sectors,Million Kilowatthours
HVETPUS,199010,19535.947,7,Electricity Net Generation From Conventional Hydroelectric Power, All Sectors,Million Kilowatthours
HVETPUS,199011,21061.747,7,Electricity Net Generation From Conventional Hydroelectric Power, All Sectors,Million Kilowatthours
HVETPUS,199012,25334.053,7,Electricity Net Generation From Conventional Hydroelectric Power, All Sectors,Million Kilowatthours
HVETPUS,199013,292865.846,7,Electricity Net Generation From Conventional Hydroelectric Power, All Sectors,Million Kilowatthours
HVETPUS,199101,26885.051,7,Electricity Net Generation From Conventional Hydroelectric Power, All Sectors,Million Kilowatthours
HVETPUS,199102,23047.568,7,Electricity Net Generation From Conventional Hydroelectric Power, All Sectors,Million Kilowatthours
HVETPUS,199103,27076.094,7,Electricity Net Generation From Conventional Hydroelectric Power, All Sectors,Million Kilowatthours
HVETPUS,199104,26926.753,7,Electricity Net Generation From Conventional Hydroelectric Power, All Sectors,Million Kilowatthours
HVETPUS,199105,29688.19,7,Electricity Net Generation From Conventional Hydroelectric Power, All Sectors,Million Kilowatthours
HVETPUS,199106,26920.98,7,Electricity Net Generation From Conventional Hydroelectric Power, All Sectors,Million Kilowatthours
HVETPUS,199107,25493.488,7,Electricity Net Generation From Conventional Hydroelectric Power, All Sectors,Million Kilowatthours
HVETPUS,199108,22760.129,7,Electricity Net Generation From Conventional Hydroelectric Power, All Sectors,Million Kilowatthours
HVETPUS,199109,19342.72,7,Electricity Net Generation From Conventional Hydroelectric Power, All Sectors,Million Kilowatthours
HVETPUS,199110,18522.003,7,Electricity Net Generation From Conventional Hydroelectric Power, All Sectors,Million Kilowatthours
HVETPUS,199111,19368.497,7,Electricity Net Generation From Conventional Hydroelectric Power, All Sectors,Million Kilowatthours
HVETPUS,199112,22962.717,7,Electricity Net Generation From Conventional Hydroelectric Power, All Sectors,Million Kilowatthours
HVETPUS,199113,288994.189,7,Electricity Net Generation From Conventional Hydroelectric Power, All Sectors,Million Kilowatthours
HVETPUS,199201,22814.731,7,Electricity Net Generation From Conventional Hydroelectric Power, All Sectors,Million Kilowatthours
HVETPUS,199202,18953.83,7,Electricity Net Generation From Conventional Hydroelectric Power, All Sectors,Million Kilowatthours
HVETPUS,199203,22980.103,7,Electricity Net Generation From Conventional Hydroelectric Power, All Sectors,Million Kilowatthours
HVETPUS,199204,20568.506,7,Electricity Net Generation From Conventional Hydroelectric Power, All Sectors,Million Kilowatthours
HVETPUS,199205,23440.876,7,Electricity Net Generation From Conventional Hydroelectric Power, All Sectors,Million Kilowatthours
HVETPUS,199206,23686.565,7,Electricity Net Generation From Conventional Hydroelectric Power, All Sectors,Million Kilowatthours
HVETPUS,199207,20712.381,7,Electricity Net Generation From Conventional Hydroelectric Power, All Sectors,Million Kilowatthours
HVETPUS,199208,19189.388,7,Electricity Net Generation From Conventional Hydroelectric Power, All Sectors,Million Kilowatthours
HVETPUS,199209,17723.811,7,Electricity Net Generation From Conventional Hydroelectric Power, All Sectors,Million Kilowatthours
HVETPUS,199210,17430.911,7,Electricity Net Generation From Conventional Hydroelectric Power, All Sectors,Million Kilowatthours
HVETPUS,199211,20505.256,7,Electricity Net Generation From Conventional Hydroelectric Power, All Sectors,Million Kilowatthours
HVETPUS,199212,25081.646,7,Electricity Net Generation From Conventional Hydroelectric Power, All Sectors,Million Kilowatthours
HVETPUS,199213,253088.003,7,Electricity Net Generation From Conventional Hydroelectric Power, All Sectors,Million Kilowatthours
HVETPUS,199301,26047.263,7,Electricity Net Generation From Conventional Hydroelectric Power, All Sectors,Million Kilowatthours
HVETPUS,199302,21022.929,7,Electricity Net Generation From Conventional Hydroelectric Power, All Sectors,Million Kilowatthours
HVETPUS,199303,24580.356,7,Electricity Net Generation From Conventional Hydroelectric Power, All Sectors,Million Kilowatthours
HVETPUS,199304,26664.614,7,Electricity Net Generation From Conventional Hydroelectric Power, All Sectors,Million Kilowatthours
HVETPUS,199305,30698.321,7,Electricity Net Generation From Conventional Hydroelectric Power, All Sectors,Million Kilowatthours
HVETPUS,199306,27896.142,7,Electricity Net Generation From Conventional Hydroelectric Power, All Sectors,Million Kilowatthours
HVETPUS,199307,24724.493,7,Electricity Net Generation From Conventional Hydroelectric Power, All Sectors,Million Kilowatthours
HVETPUS,199308,20980.897,7,Electricity Net Generation From Conventional Hydroelectric Power, All Sectors,Million Kilowatthours
HVETPUS,199309,18243.103,7,Electricity Net Generation From Conventional Hydroelectric Power, All Sectors,Million Kilowatthours
HVETPUS,199310,18196.766,7,Electricity Net Generation From Conventional Hydroelectric Power, All Sectors,Million Kilowatthours
HVETPUS,199311,18970.892,7,Electricity Net Generation From Conventional Hydroelectric Power, All Sectors,Million Kilowatthours
HVETPUS,199312,22468.232,7,Electricity Net Generation From Conventional Hydroelectric Power, All Sectors,Million Kilowatthours
HVETPUS,199313,280494.008,7,Electricity Net Generation From Conventional Hydroelectric Power, All Sectors,Million Kilowatthours
HVETPUS,199401,21328.632,7,Electricity Net Generation From Conventional Hydroelectric Power, All Sectors,Million Kilowatthours
HVETPUS,199402,20439.134,7,Electricity Net Generation From Conventional Hydroelectric Power, All Sectors,Million Kilowatthours
HVETPUS,199403,23595.589,7,Electricity Net Generation From Conventional Hydroelectric Power, All Sectors,Million Kilowatthours
HVETPUS,199404,24696.325,7,Electricity Net Generation From Conventional Hydroelectric Power, All Sectors,Million Kilowatthours
HVETPUS,199405,25894.744,7,Electricity Net Generation From Conventional Hydroelectric Power, All Sectors,Million Kilowatthours
HVETPUS,199406,25012.481,7,Electricity Net Generation From Conventional Hydroelectric Power, All Sectors,Million Kilowatthours
HVETPUS,199407,23362.195,7,Electricity Net Generation From Conventional Hydroelectric Power, All Sectors,Million Kilowatthours
HVETPUS,199408,20298.207,7,Electricity Net Generation From Conventional Hydroelectric Power, All Sectors,Million Kilowatthours
HVETPUS,199409,16576.959,7,Electricity Net Generation From Conventional Hydroelectric Power, All Sectors,Million Kilowatthours
HVETPUS,199410,17513.638,7,Electricity Net Generation From Conventional Hydroelectric Power, All Sectors,Million Kilowatthours
HVETPUS,199411,19145.552,7,Electricity Net Generation From Conventional Hydroelectric Power, All Sectors,Million Kilowatthours
HVETPUS,199412,22262.277,7,Electricity Net Generation From Conventional Hydroelectric Power, All Sectors,Million Kilowatthours
HVETPUS,199413,260125.733,7,Electricity Net Generation From Conventional Hydroelectric Power, All Sectors,Million Kilowatthours
HVETPUS,199501,24868.579,7,Electricity Net Generation From Conventional Hydroelectric Power, All Sectors,Million Kilowatthours
HVETPUS,199502,25043.078,7,Electricity Net Generation From Conventional Hydroelectric Power, All Sectors,Million Kilowatthours
HVETPUS,199503,28569.531,7,Electricity Net Generation From Conventional Hydroelectric Power, All Sectors,Million Kilowatthours
HVETPUS,199504,24574.056,7,Electricity Net Generation From Conventional Hydroelectric Power, All Sectors,Million Kilowatthours
HVETPUS,199505,27781.522,7,Electricity Net Generation From Conventional Hydroelectric Power, All Sectors,Million Kilowatthours
HVETPUS,199506,30225.224,7,Electricity Net Generation From Conventional Hydroelectric Power, All Sectors,Million Kilowatthours
HVETPUS,199507,27470.441,7,Electricity Net Generation From Conventional Hydroelectric Power, All Sectors,Million Kilowatthours
HVETPUS,199508,24377.265,7,Electricity Net Generation From Conventional Hydroelectric Power, All Sectors,Million Kilowatthours
HVETPUS,199509,20027.112,7,Electricity Net Generation From Conventional Hydroelectric Power, All Sectors,Million Kilowatthours
HVETPUS,199510,23151.481,7,Electricity Net Generation From Conventional Hydroelectric Power, All Sectors,Million Kilowatthours
HVETPUS,199511,25541.661,7,Electricity Net Generation From Conventional Hydroelectric Power, All Sectors,Million Kilowatthours
HVETPUS,199512,29202.798,7,Electricity Net Generation From Conventional Hydroelectric Power, All Sectors,Million Kilowatthours
HVETPUS,199513,310832.748,7,Electricity Net Generation From Conventional Hydroelectric Power, All Sectors,Million Kilowatthours
HVETPUS,199601,30721.282,7,Electricity Net Generation From Conventional Hydroelectric Power, All Sectors,Million Kilowatthours
HVETPUS,199602,31796.124,7,Electricity Net Generation From Conventional Hydroelectric Power, All Sectors,Million Kilowatthours
HVETPUS,199603,33881.398,7,Electricity Net Generation From Conventional Hydroelectric Power, All Sectors,Million Kilowatthours
HVETPUS,199604,31842.701,7,Electricity Net Generation From Conventional Hydroelectric Power, All Sectors,Million Kilowatthours
HVETPUS,199605,33260.65,7,Electricity Net Generation From Conventional Hydroelectric Power, All Sectors,Million Kilowatthours
HVETPUS,199606,31924.874,7,Electricity Net Generation From Conventional Hydroelectric Power, All Sectors,Million Kilowatthours
HVETPUS,199607,28874.27,7,Electricity Net Generation From Conventional Hydroelectric Power, All Sectors,Million Kilowatthours
HVETPUS,199608,26266.156,7,Electricity Net Generation From Conventional Hydroelectric Power, All Sectors,Million Kilowatthours
HVETPUS,199609,22138.442,7,Electricity Net Generation From Conventional Hydroelectric Power, All Sectors,Million Kilowatthours
HVETPUS,199610,22594.923,7,Electricity Net Generation From Conventional Hydroelectric Power, All Sectors,Million Kilowatthours
HVETPUS,199611,23556.301,7,Electricity Net Generation From Conventional Hydroelectric Power, All Sectors,Million Kilowatthours
HVETPUS,199612,30304.941,7,Electricity Net Generation From Conventional Hydroelectric Power, All Sectors,Million Kilowatthours
HVETPUS,199613,347162.063,7,Electricity Net Generation From Conventional Hydroelectric Power, All Sectors,Million Kilowatthours
HVETPUS,199701,32959.532,7,Electricity Net Generation From Conventional Hydroelectric Power, All Sectors,Million Kilowatthours
HVETPUS,199702,31514.61,7,Electricity Net Generation From Conventional Hydroelectric Power, All Sectors,Million Kilowatthours
HVETPUS,199703,34993.299,7,Electricity Net Generation From Conventional Hydroelectric Power, All Sectors,Million Kilowatthours
HVETPUS,199704,32075.407,7,Electricity Net Generation From Conventional Hydroelectric Power, All Sectors,Million Kilowatthours
HVETPUS,199705,34183.862,7,Electricity Net Generation From Conventional Hydroelectric Power, All Sectors,Million Kilowatthours
HVETPUS,199706,34455.979,7,Electricity Net Generation From Conventional Hydroelectric Power, All Sectors,Million Kilowatthours
HVETPUS,199707,31656.156,7,Electricity Net Generation From Conventional Hydroelectric Power, All Sectors,Million Kilowatthours
HVETPUS,199708,26905.678,7,Electricity Net Generation From Conventional Hydroelectric Power, All Sectors,Million Kilowatthours
HVETPUS,199709,23398.631,7,Electricity Net Generation From Conventional Hydroelectric Power, All Sectors,Million Kilowatthours
HVETPUS,199710,24734.468,7,Electricity Net Generation From Conventional Hydroelectric Power, All Sectors,Million Kilowatthours
HVETPUS,199711,23710.58,7,Electricity Net Generation From Conventional Hydroelectric Power, All Sectors,Million Kilowatthours
HVETPUS,199712,25865.094,7,Electricity Net Generation From Conventional Hydroelectric Power, All Sectors,Million Kilowatthours
HVETPUS,199713,356453.295,7,Electricity Net Generation From Conventional Hydroelectric Power, All Sectors,Million Kilowatthours
HVETPUS,199801,28818.271,7,Electricity Net Generation From Conventional Hydroelectric Power, All Sectors,Million Kilowatthours
HVETPUS,199802,29996.112,7,Electricity Net Generation From Conventional Hydroelectric Power, All Sectors,Million Kilowatthours
HVETPUS,199803,31687.94,7,Electricity Net Generation From Conventional Hydroelectric Power, All Sectors,Million Kilowatthours
HVETPUS,199804,28607.936,7,Electricity Net Generation From Conventional Hydroelectric Power, All Sectors,Million Kilowatthours
HVETPUS,199805,33195.914,7,Electricity Net Generation From Conventional Hydroelectric Power, All Sectors,Million Kilowatthours
HVETPUS,199806,32341.119,7,Electricity Net Generation From Conventional Hydroelectric Power, All Sectors,Million Kilowatthours
HVETPUS,199807,28659.122,7,Electricity Net Generation From Conventional Hydroelectric Power, All Sectors,Million Kilowatthours
HVETPUS,199808,25110.855,7,Electricity Net Generation From Conventional Hydroelectric Power, All Sectors,Million Kilowatthours
HVETPUS,199809,20826.475,7,Electricity Net Generation From Conventional Hydroelectric Power, All Sectors,Million Kilowatthours
HVETPUS,199810,18884.65,7,Electricity Net Generation From Conventional Hydroelectric Power, All Sectors,Million Kilowatthours
HVETPUS,199811,20020.589,7,Electricity Net Generation From Conventional Hydroelectric Power, All Sectors,Million Kilowatthours
HVETPUS,199812,25186.678,7,Electricity Net Generation From Conventional Hydroelectric Power, All Sectors,Million Kilowatthours
HVETPUS,199813,323335.661,7,Electricity Net Generation From Conventional Hydroelectric Power, All Sectors,Million Kilowatthours
HVETPUS,199901,29520.584,7,Electricity Net Generation From Conventional Hydroelectric Power, All Sectors,Million Kilowatthours
HVETPUS,199902,28693.468,7,Electricity Net Generation From Conventional Hydroelectric Power, All Sectors,Million Kilowatthours
HVETPUS,199903,32079.682,7,Electricity Net Generation From Conventional Hydroelectric Power, All Sectors,Million Kilowatthours
HVETPUS,199904,27338.714,7,Electricity Net Generation From Conventional Hydroelectric Power, All Sectors,Million Kilowatthours
HVETPUS,199905,28996.404,7,Electricity Net Generation From Conventional Hydroelectric Power, All Sectors,Million Kilowatthours
HVETPUS,199906,30566.934,7,Electricity Net Generation From Conventional Hydroelectric Power, All Sectors,Million Kilowatthours
HVETPUS,199907,29685.837,7,Electricity Net Generation From Conventional Hydroelectric Power, All Sectors,Million Kilowatthours
HVETPUS,199908,25726.288,7,Electricity Net Generation From Conventional Hydroelectric Power, All Sectors,Million Kilowatthours
HVETPUS,199909,20891.816,7,Electricity Net Generation From Conventional Hydroelectric Power, All Sectors,Million Kilowatthours
HVETPUS,199910,19902.821,7,Electricity Net Generation From Conventional Hydroelectric Power, All Sectors,Million Kilowatthours
HVETPUS,199911,21163.42,7,Electricity Net Generation From Conventional Hydroelectric Power, All Sectors,Million Kilowatthours
HVETPUS,199912,24970.062,7,Electricity Net Generation From Conventional Hydroelectric Power, All Sectors,Million Kilowatthours
HVETPUS,199913,319536.029,7,Electricity Net Generation From Conventional Hydroelectric Power, All Sectors,Million Kilowatthours
HVETPUS,200001,25342.434,7,Electricity Net Generation From Conventional Hydroelectric Power, All Sectors,Million Kilowatthours
HVETPUS,200002,22483.508,7,Electricity Net Generation From Conventional Hydroelectric Power, All Sectors,Million Kilowatthours
HVETPUS,200003,26702.928,7,Electricity Net Generation From Conventional Hydroelectric Power, All Sectors,Million Kilowatthours
HVETPUS,200004,28489.646,7,Electricity Net Generation From Conventional Hydroelectric Power, All Sectors,Million Kilowatthours
HVETPUS,200005,27420.747,7,Electricity Net Generation From Conventional Hydroelectric Power, All Sectors,Million Kilowatthours
HVETPUS,200006,25185.04,7,Electricity Net Generation From Conventional Hydroelectric Power, All Sectors,Million Kilowatthours
HVETPUS,200007,24130.435,7,Electricity Net Generation From Conventional Hydroelectric Power, All Sectors,Million Kilowatthours
HVETPUS,200008,21980.956,7,Electricity Net Generation From Conventional Hydroelectric Power, All Sectors,Million Kilowatthours
HVETPUS,200009,17800.568,7,Electricity Net Generation From Conventional Hydroelectric Power, All Sectors,Million Kilowatthours
HVETPUS,200010,17186.059,7,Electricity Net Generation From Conventional Hydroelectric Power, All Sectors,Million Kilowatthours
HVETPUS,200011,19160.795,7,Electricity Net Generation From Conventional Hydroelectric Power, All Sectors,Million Kilowatthours
HVETPUS,200012,19689.48,7,Electricity Net Generation From Conventional Hydroelectric Power, All Sectors,Million Kilowatthours
HVETPUS,200013,275572.597,7,Electricity Net Generation From Conventional Hydroelectric Power, All Sectors,Million Kilowatthours
HVETPUS,200101,18852.048,7,Electricity Net Generation From Conventional Hydroelectric Power, All Sectors,Million Kilowatthours
HVETPUS,200102,17472.889,7,Electricity Net Generation From Conventional Hydroelectric Power, All Sectors,Million Kilowatthours
HVETPUS,200103,20477.189,7,Electricity Net Generation From Conventional Hydroelectric Power, All Sectors,Million Kilowatthours
HVETPUS,200104,18012.994,7,Electricity Net Generation From Conventional Hydroelectric Power, All Sectors,Million Kilowatthours
HVETPUS,200105,19175.635,7,Electricity Net Generation From Conventional Hydroelectric Power, All Sectors,Million Kilowatthours
HVETPUS,200106,20727.63,7,Electricity Net Generation From Conventional Hydroelectric Power, All Sectors,Million Kilowatthours
HVETPUS,200107,18079.119,7,Electricity Net Generation From Conventional Hydroelectric Power, All Sectors,Million Kilowatthours
HVETPUS,200108,18913.768,7,Electricity Net Generation From Conventional Hydroelectric Power, All Sectors,Million Kilowatthours
HVETPUS,200109,15256.027,7,Electricity Net Generation From Conventional Hydroelectric Power, All Sectors,Million Kilowatthours
HVETPUS,200110,15234.503,7,Electricity Net Generation From Conventional Hydroelectric Power, All Sectors,Million Kilowatthours
HVETPUS,200111,15412.929,7,Electricity Net Generation From Conventional Hydroelectric Power, All Sectors,Million Kilowatthours
HVETPUS,200112,19346.314,7,Electricity Net Generation From Conventional Hydroelectric Power, All Sectors,Million Kilowatthours
HVETPUS,200113,216961.045,7,Electricity Net Generation From Conventional Hydroelectric Power, All Sectors,Million Kilowatthours
HVETPUS,200201,21794.931,7,Electricity Net Generation From Conventional Hydroelectric Power, All Sectors,Million Kilowatthours
HVETPUS,200202,20191.683,7,Electricity Net Generation From Conventional Hydroelectric Power, All Sectors,Million Kilowatthours
HVETPUS,200203,21008.813,7,Electricity Net Generation From Conventional Hydroelectric Power, All Sectors,Million Kilowatthours
HVETPUS,200204,24246.604,7,Electricity Net Generation From Conventional Hydroelectric Power, All Sectors,Million Kilowatthours
HVETPUS,200205,26662.695,7,Electricity Net Generation From Conventional Hydroelectric Power, All Sectors,Million Kilowatthours
HVETPUS,200206,28212.847,7,Electricity Net Generation From Conventional Hydroelectric Power, All Sectors,Million Kilowatthours
HVETPUS,200207,25470.647,7,Electricity Net Generation From Conventional Hydroelectric Power, All Sectors,Million Kilowatthours
HVETPUS,200208,21083.924,7,Electricity Net Generation From Conventional Hydroelectric Power, All Sectors,Million Kilowatthours
HVETPUS,200209,17086.782,7,Electricity Net Generation From Conventional Hydroelectric Power, All Sectors,Million Kilowatthours
HVETPUS,200210,17171.335,7,Electricity Net Generation From Conventional Hydroelectric Power, All Sectors,Million Kilowatthours
HVETPUS,200211,19730.03,7,Electricity Net Generation From Conventional Hydroelectric Power, All Sectors,Million Kilowatthours
HVETPUS,200212,21668.54,7,Electricity Net Generation From Conventional Hydroelectric Power, All Sectors,Million Kilowatthours
HVETPUS,200213,264328.831,7,Electricity Net Generation From Conventional Hydroelectric Power, All Sectors,Million Kilowatthours
HVETPUS,200301,20600.078,7,Electricity Net Generation From Conventional Hydroelectric Power, All Sectors,Million Kilowatthours
HVETPUS,200302,19779.859,7,Electricity Net Generation From Conventional Hydroelectric Power, All Sectors,Million Kilowatthours
HVETPUS,200303,24202.272,7,Electricity Net Generation From Conventional Hydroelectric Power, All Sectors,Million Kilowatthours
HVETPUS,200304,24758.963,7,Electricity Net Generation From Conventional Hydroelectric Power, All Sectors,Million Kilowatthours
HVETPUS,200305,29395.256,7,Electricity Net Generation From Conventional Hydroelectric Power, All Sectors,Million Kilowatthours
HVETPUS,200306,28586.3,7,Electricity Net Generation From Conventional Hydroelectric Power, All Sectors,Million Kilowatthours
HVETPUS,200307,24843.094,7,Electricity Net Generation From Conventional Hydroelectric Power, All Sectors,Million Kilowatthours
HVETPUS,200308,22972.029,7,Electricity Net Generation From Conventional Hydroelectric Power, All Sectors,Million Kilowatthours
HVETPUS,200309,18480.455,7,Electricity Net Generation From Conventional Hydroelectric Power, All Sectors,Million Kilowatthours
HVETPUS,200310,18428.422,7,Electricity Net Generation From Conventional Hydroelectric Power, All Sectors,Million Kilowatthours
HVETPUS,200311,19715.265,7,Electricity Net Generation From Conventional Hydroelectric Power, All Sectors,Million Kilowatthours
HVETPUS,200312,24044.33,7,Electricity Net Generation From Conventional Hydroelectric Power, All Sectors,Million Kilowatthours
HVETPUS,200313,275806.323,7,Electricity Net Generation From Conventional Hydroelectric Power, All Sectors,Million Kilowatthours
HVETPUS,200401,22983.306,7,Electricity Net Generation From Conventional Hydroelectric Power, All Sectors,Million Kilowatthours
HVETPUS,200402,20913.617,7,Electricity Net Generation From Conventional Hydroelectric Power, All Sectors,Million Kilowatthours
HVETPUS,200403,22914.281,7,Electricity Net Generation From Conventional Hydroelectric Power, All Sectors,Million Kilowatthours
HVETPUS,200404,20887.975,7,Electricity Net Generation From Conventional Hydroelectric Power, All Sectors,Million Kilowatthours
HVETPUS,200405,24019.718,7,Electricity Net Generation From Conventional Hydroelectric Power, All Sectors,Million Kilowatthours
HVETPUS,200406,25252.345,7,Electricity Net Generation From Conventional Hydroelectric Power, All Sectors,Million Kilowatthours
HVETPUS,200407,23318.28,7,Electricity Net Generation From Conventional Hydroelectric Power, All Sectors,Million Kilowatthours
HVETPUS,200408,21591.967,7,Electricity Net Generation From Conventional Hydroelectric Power, All Sectors,Million Kilowatthours
HVETPUS,200409,20525.261,7,Electricity Net Generation From Conventional Hydroelectric Power, All Sectors,Million Kilowatthours
HVETPUS,200410,18862.795,7,Electricity Net Generation From Conventional Hydroelectric Power, All Sectors,Million Kilowatthours
HVETPUS,200411,20937.044,7,Electricity Net Generation From Conventional Hydroelectric Power, All Sectors,Million Kilowatthours
HVETPUS,200412,26210.718,7,Electricity Net Generation From Conventional Hydroelectric Power, All Sectors,Million Kilowatthours
HVETPUS,200413,268417.308,7,Electricity Net Generation From Conventional Hydroelectric Power, All Sectors,Million Kilowatthours
HVETPUS,200501,24272.165,7,Electricity Net Generation From Conventional Hydroelectric Power, All Sectors,Million Kilowatthours
HVETPUS,200502,21606.774,7,Electricity Net Generation From Conventional Hydroelectric Power, All Sectors,Million Kilowatthours
HVETPUS,200503,22936.068,7,Electricity Net Generation From Conventional Hydroelectric Power, All Sectors,Million Kilowatthours
HVETPUS,200504,23058.359,7,Electricity Net Generation From Conventional Hydroelectric Power, All Sectors,Million Kilowatthours
HVETPUS,200505,27278.511,7,Electricity Net Generation From Conventional Hydroelectric Power, All Sectors,Million Kilowatthours
HVETPUS,200506,26782.99,7,Electricity Net Generation From Conventional Hydroelectric Power, All Sectors,Million Kilowatthours
HVETPUS,200507,25956.842,7,Electricity Net Generation From Conventional Hydroelectric Power, All Sectors,Million Kilowatthours
HVETPUS,200508,21565.679,7,Electricity Net Generation From Conventional Hydroelectric Power, All Sectors,Million Kilowatthours
HVETPUS,200509,17363.684,7,Electricity Net Generation From Conventional Hydroelectric Power, All Sectors,Million Kilowatthours
HVETPUS,200510,18006.36,7,Electricity Net Generation From Conventional Hydroelectric Power, All Sectors,Million Kilowatthours
HVETPUS,200511,19352.668,7,Electricity Net Generation From Conventional Hydroelectric Power, All Sectors,Million Kilowatthours
HVETPUS,200512,22141.157,7,Electricity Net Generation From Conventional Hydroelectric Power, All Sectors,Million Kilowatthours
HVETPUS,200513,270321.255,7,Electricity Net Generation From Conventional Hydroelectric Power, All Sectors,Million Kilowatthours
HVETPUS,200601,27436.656,7,Electricity Net Generation From Conventional Hydroelectric Power, All Sectors,Million Kilowatthours
HVETPUS,200602,24761.683,7,Electricity Net Generation From Conventional Hydroelectric Power, All Sectors,Million Kilowatthours
HVETPUS,200603,24624.609,7,Electricity Net Generation From Conventional Hydroelectric Power, All Sectors,Million Kilowatthours
HVETPUS,200604,28555.683,7,Electricity Net Generation From Conventional Hydroelectric Power, All Sectors,Million Kilowatthours
HVETPUS,200605,30818.443,7,Electricity Net Generation From Conventional Hydroelectric Power, All Sectors,Million Kilowatthours
HVETPUS,200606,29757.284,7,Electricity Net Generation From Conventional Hydroelectric Power, All Sectors,Million Kilowatthours
HVETPUS,200607,25439.392,7,Electricity Net Generation From Conventional Hydroelectric Power, All Sectors,Million Kilowatthours
HVETPUS,200608,21728.354,7,Electricity Net Generation From Conventional Hydroelectric Power, All Sectors,Million Kilowatthours
HVETPUS,200609,17201.461,7,Electricity Net Generation From Conventional Hydroelectric Power, All Sectors,Million Kilowatthours
HVETPUS,200610,17055.177,7,Electricity Net Generation From Conventional Hydroelectric Power, All Sectors,Million Kilowatthours
HVETPUS,200611,20271.723,7,Electricity Net Generation From Conventional Hydroelectric Power, All Sectors,Million Kilowatthours
HVETPUS,200612,21595.951,7,Electricity Net Generation From Conventional Hydroelectric Power, All Sectors,Million Kilowatthours
HVETPUS,200613,289246.416,7,Electricity Net Generation From Conventional Hydroelectric Power, All Sectors,Million Kilowatthours
HVETPUS,200701,26044.711,7,Electricity Net Generation From Conventional Hydroelectric Power, All Sectors,Million Kilowatthours
HVETPUS,200702,18566.633,7,Electricity Net Generation From Conventional Hydroelectric Power, All Sectors,Million Kilowatthours
HVETPUS,200703,24163.456,7,Electricity Net Generation From Conventional Hydroelectric Power, All Sectors,Million Kilowatthours
HVETPUS,200704,23890.583,7,Electricity Net Generation From Conventional Hydroelectric Power, All Sectors,Million Kilowatthours
HVETPUS,200705,26046.976,7,Electricity Net Generation From Conventional Hydroelectric Power, All Sectors,Million Kilowatthours
HVETPUS,200706,22816.608,7,Electricity Net Generation From Conventional Hydroelectric Power, All Sectors,Million Kilowatthours
HVETPUS,200707,22477.761,7,Electricity Net Generation From Conventional Hydroelectric Power, All Sectors,Million Kilowatthours
HVETPUS,200708,19940.551,7,Electricity Net Generation From Conventional Hydroelectric Power, All Sectors,Million Kilowatthours
HVETPUS,200709,14742.534,7,Electricity Net Generation From Conventional Hydroelectric Power, All Sectors,Million Kilowatthours
HVETPUS,200710,14796.434,7,Electricity Net Generation From Conventional Hydroelectric Power, All Sectors,Million Kilowatthours
HVETPUS,200711,15682.053,7,Electricity Net Generation From Conventional Hydroelectric Power, All Sectors,Million Kilowatthours
HVETPUS,200712,18341.675,7,Electricity Net Generation From Conventional Hydroelectric Power, All Sectors,Million Kilowatthours
HVETPUS,200713,247509.974,7,Electricity Net Generation From Conventional Hydroelectric Power, All Sectors,Million Kilowatthours
HVETPUS,200801,20779.131,7,Electricity Net Generation From Conventional Hydroelectric Power, All Sectors,Million Kilowatthours
HVETPUS,200802,18788.886,7,Electricity Net Generation From Conventional Hydroelectric Power, All Sectors,Million Kilowatthours
HVETPUS,200803,21668.938,7,Electricity Net Generation From Conventional Hydroelectric Power, All Sectors,Million Kilowatthours
HVETPUS,200804,22233.932,7,Electricity Net Generation From Conventional Hydroelectric Power, All Sectors,Million Kilowatthours
HVETPUS,200805,27221.147,7,Electricity Net Generation From Conventional Hydroelectric Power, All Sectors,Million Kilowatthours
HVETPUS,200806,29177.427,7,Electricity Net Generation From Conventional Hydroelectric Power, All Sectors,Million Kilowatthours
HVETPUS,200807,25555.086,7,Electricity Net Generation From Conventional Hydroelectric Power, All Sectors,Million Kilowatthours
HVETPUS,200808,21229.277,7,Electricity Net Generation From Conventional Hydroelectric Power, All Sectors,Million Kilowatthours
HVETPUS,200809,16178.192,7,Electricity Net Generation From Conventional Hydroelectric Power, All Sectors,Million Kilowatthours
HVETPUS,200810,15469.942,7,Electricity Net Generation From Conventional Hydroelectric Power, All Sectors,Million Kilowatthours
HVETPUS,200811,15667.934,7,Electricity Net Generation From Conventional Hydroelectric Power, All Sectors,Million Kilowatthours
HVETPUS,200812,20861.491,7,Electricity Net Generation From Conventional Hydroelectric Power, All Sectors,Million Kilowatthours
HVETPUS,200813,254831.385,7,Electricity Net Generation From Conventional Hydroelectric Power, All Sectors,Million Kilowatthours
HVETPUS,200901,23490.296,7,Electricity Net Generation From Conventional Hydroelectric Power, All Sectors,Million Kilowatthours
HVETPUS,200902,17812.032,7,Electricity Net Generation From Conventional Hydroelectric Power, All Sectors,Million Kilowatthours
HVETPUS,200903,21827.454,7,Electricity Net Generation From Conventional Hydroelectric Power, All Sectors,Million Kilowatthours
HVETPUS,200904,25769.807,7,Electricity Net Generation From Conventional Hydroelectric Power, All Sectors,Million Kilowatthours
HVETPUS,200905,29559.655,7,Electricity Net Generation From Conventional Hydroelectric Power, All Sectors,Million Kilowatthours
HVETPUS,200906,29233.395,7,Electricity Net Generation From Conventional Hydroelectric Power, All Sectors,Million Kilowatthours
HVETPUS,200907,23384.748,7,Electricity Net Generation From Conventional Hydroelectric Power, All Sectors,Million Kilowatthours
HVETPUS,200908,19580.417,7,Electricity Net Generation From Conventional Hydroelectric Power, All Sectors,Million Kilowatthours
HVETPUS,200909,17358.714,7,Electricity Net Generation From Conventional Hydroelectric Power, All Sectors,Million Kilowatthours
HVETPUS,200910,19691.068,7,Electricity Net Generation From Conventional Hydroelectric Power, All Sectors,Million Kilowatthours
HVETPUS,200911,21007.701,7,Electricity Net Generation From Conventional Hydroelectric Power, All Sectors,Million Kilowatthours
HVETPUS,200912,24729.808,7,Electricity Net Generation From Conventional Hydroelectric Power, All Sectors,Million Kilowatthours
HVETPUS,200913,273445.094,7,Electricity Net Generation From Conventional Hydroelectric Power, All Sectors,Million Kilowatthours
HVETPUS,201001,22383.072,7,Electricity Net Generation From Conventional Hydroelectric Power, All Sectors,Million Kilowatthours
HVETPUS,201002,20589.83,7,Electricity Net Generation From Conventional Hydroelectric Power, All Sectors,Million Kilowatthours
HVETPUS,201003,20885.663,7,Electricity Net Generation From Conventional Hydroelectric Power, All Sectors,Million Kilowatthours
HVETPUS,201004,19096.663,7,Electricity Net Generation From Conventional Hydroelectric Power, All Sectors,Million Kilowatthours
HVETPUS,201005,25079.217,7,Electricity Net Generation From Conventional Hydroelectric Power, All Sectors,Million Kilowatthours
HVETPUS,201006,29853.827,7,Electricity Net Generation From Conventional Hydroelectric Power, All Sectors,Million Kilowatthours
HVETPUS,201007,24516.761,7,Electricity Net Generation From Conventional Hydroelectric Power, All Sectors,Million Kilowatthours
HVETPUS,201008,20119.232,7,Electricity Net Generation From Conventional Hydroelectric Power, All Sectors,Million Kilowatthours
HVETPUS,201009,17265.206,7,Electricity Net Generation From Conventional Hydroelectric Power, All Sectors,Million Kilowatthours
HVETPUS,201010,17682.976,7,Electricity Net Generation From Conventional Hydroelectric Power, All Sectors,Million Kilowatthours
HVETPUS,201011,19561.55,7,Electricity Net Generation From Conventional Hydroelectric Power, All Sectors,Million Kilowatthours
HVETPUS,201012,23169.071,7,Electricity Net Generation From Conventional Hydroelectric Power, All Sectors,Million Kilowatthours
HVETPUS,201013,260203.069,7,Electricity Net Generation From Conventional Hydroelectric Power, All Sectors,Million Kilowatthours
HVETPUS,201101,25531.094,7,Electricity Net Generation From Conventional Hydroelectric Power, All Sectors,Million Kilowatthours
HVETPUS,201102,24131.226,7,Electricity Net Generation From Conventional Hydroelectric Power, All Sectors,Million Kilowatthours
HVETPUS,201103,31134.471,7,Electricity Net Generation From Conventional Hydroelectric Power, All Sectors,Million Kilowatthours
HVETPUS,201104,31194.307,7,Electricity Net Generation From Conventional Hydroelectric Power, All Sectors,Million Kilowatthours
HVETPUS,201105,32586.926,7,Electricity Net Generation From Conventional Hydroelectric Power, All Sectors,Million Kilowatthours
HVETPUS,201106,32151.214,7,Electricity Net Generation From Conventional Hydroelectric Power, All Sectors,Million Kilowatthours
HVETPUS,201107,31284.635,7,Electricity Net Generation From Conventional Hydroelectric Power, All Sectors,Million Kilowatthours
HVETPUS,201108,25763.578,7,Electricity Net Generation From Conventional Hydroelectric Power, All Sectors,Million Kilowatthours
HVETPUS,201109,21377.592,7,Electricity Net Generation From Conventional Hydroelectric Power, All Sectors,Million Kilowatthours
HVETPUS,201110,19787.39,7,Electricity Net Generation From Conventional Hydroelectric Power, All Sectors,Million Kilowatthours
HVETPUS,201111,20680.527,7,Electricity Net Generation From Conventional Hydroelectric Power, All Sectors,Million Kilowatthours
HVETPUS,201112,23731.944,7,Electricity Net Generation From Conventional Hydroelectric Power, All Sectors,Million Kilowatthours
HVETPUS,201113,319354.904,7,Electricity Net Generation From Conventional Hydroelectric Power, All Sectors,Million Kilowatthours
HVETPUS,201201,23107.181,7,Electricity Net Generation From Conventional Hydroelectric Power, All Sectors,Million Kilowatthours
HVETPUS,201202,20283.421,7,Electricity Net Generation From Conventional Hydroelectric Power, All Sectors,Million Kilowatthours
HVETPUS,201203,25908.537,7,Electricity Net Generation From Conventional Hydroelectric Power, All Sectors,Million Kilowatthours
HVETPUS,201204,26294.124,7,Electricity Net Generation From Conventional Hydroelectric Power, All Sectors,Million Kilowatthours
HVETPUS,201205,28642.515,7,Electricity Net Generation From Conventional Hydroelectric Power, All Sectors,Million Kilowatthours
HVETPUS,201206,26658.751,7,Electricity Net Generation From Conventional Hydroelectric Power, All Sectors,Million Kilowatthours
HVETPUS,201207,26491.28,7,Electricity Net Generation From Conventional Hydroelectric Power, All Sectors,Million Kilowatthours
HVETPUS,201208,23034.015,7,Electricity Net Generation From Conventional Hydroelectric Power, All Sectors,Million Kilowatthours
HVETPUS,201209,17603.73,7,Electricity Net Generation From Conventional Hydroelectric Power, All Sectors,Million Kilowatthours
HVETPUS,201210,16500.61,7,Electricity Net Generation From Conventional Hydroelectric Power, All Sectors,Million Kilowatthours
HVETPUS,201211,18732.352,7,Electricity Net Generation From Conventional Hydroelectric Power, All Sectors,Million Kilowatthours
HVETPUS,201212,22983.707,7,Electricity Net Generation From Conventional Hydroelectric Power, All Sectors,Million Kilowatthours
HVETPUS,201213,276240.223,7,Electricity Net Generation From Conventional Hydroelectric Power, All Sectors,Million Kilowatthours
HVETPUS,201301,24828.528,7,Electricity Net Generation From Conventional Hydroelectric Power, All Sectors,Million Kilowatthours
HVETPUS,201302,20418.465,7,Electricity Net Generation From Conventional Hydroelectric Power, All Sectors,Million Kilowatthours
HVETPUS,201303,20534.358,7,Electricity Net Generation From Conventional Hydroelectric Power, All Sectors,Million Kilowatthours
HVETPUS,201304,25097.105,7,Electricity Net Generation From Conventional Hydroelectric Power, All Sectors,Million Kilowatthours
HVETPUS,201305,28450.094,7,Electricity Net Generation From Conventional Hydroelectric Power, All Sectors,Million Kilowatthours
HVETPUS,201306,27384.067,7,Electricity Net Generation From Conventional Hydroelectric Power, All Sectors,Million Kilowatthours
HVETPUS,201307,27254.572,7,Electricity Net Generation From Conventional Hydroelectric Power, All Sectors,Million Kilowatthours
HVETPUS,201308,21633.316,7,Electricity Net Generation From Conventional Hydroelectric Power, All Sectors,Million Kilowatthours
HVETPUS,201309,16961.152,7,Electricity Net Generation From Conventional Hydroelectric Power, All Sectors,Million Kilowatthours
HVETPUS,201310,17198.594,7,Electricity Net Generation From Conventional Hydroelectric Power, All Sectors,Million Kilowatthours
HVETPUS,201311,17676.834,7,Electricity Net Generation From Conventional Hydroelectric Power, All Sectors,Million Kilowatthours
HVETPUS,201312,21128.299,7,Electricity Net Generation From Conventional Hydroelectric Power, All Sectors,Million Kilowatthours
HVETPUS,201313,268565.383,7,Electricity Net Generation From Conventional Hydroelectric Power, All Sectors,Million Kilowatthours
HVETPUS,201401,21633.795,7,Electricity Net Generation From Conventional Hydroelectric Power, All Sectors,Million Kilowatthours
HVETPUS,201402,17396.129,7,Electricity Net Generation From Conventional Hydroelectric Power, All Sectors,Million Kilowatthours
HVETPUS,201403,24257.129,7,Electricity Net Generation From Conventional Hydroelectric Power, All Sectors,Million Kilowatthours
HVETPUS,201404,25439.907,7,Electricity Net Generation From Conventional Hydroelectric Power, All Sectors,Million Kilowatthours
HVETPUS,201405,26543.885,7,Electricity Net Generation From Conventional Hydroelectric Power, All Sectors,Million Kilowatthours
HVETPUS,201406,25743.878,7,Electricity Net Generation From Conventional Hydroelectric Power, All Sectors,Million Kilowatthours
HVETPUS,201407,24357.402,7,Electricity Net Generation From Conventional Hydroelectric Power, All Sectors,Million Kilowatthours
HVETPUS,201408,19807.247,7,Electricity Net Generation From Conventional Hydroelectric Power, All Sectors,Million Kilowatthours
HVETPUS,201409,16074.327,7,Electricity Net Generation From Conventional Hydroelectric Power, All Sectors,Million Kilowatthours
HVETPUS,201410,17159.212,7,Electricity Net Generation From Conventional Hydroelectric Power, All Sectors,Million Kilowatthours
HVETPUS,201411,18624.923,7,Electricity Net Generation From Conventional Hydroelectric Power, All Sectors,Million Kilowatthours
HVETPUS,201412,22328.789,7,Electricity Net Generation From Conventional Hydroelectric Power, All Sectors,Million Kilowatthours
HVETPUS,201413,259366.622,7,Electricity Net Generation From Conventional Hydroelectric Power, All Sectors,Million Kilowatthours
HVETPUS,201501,24138.384,7,Electricity Net Generation From Conventional Hydroelectric Power, All Sectors,Million Kilowatthours
HVETPUS,201502,22286.076,7,Electricity Net Generation From Conventional Hydroelectric Power, All Sectors,Million Kilowatthours
HVETPUS,201503,24280.905,7,Electricity Net Generation From Conventional Hydroelectric Power, All Sectors,Million Kilowatthours
HVETPUS,201504,22470.977,7,Electricity Net Generation From Conventional Hydroelectric Power, All Sectors,Million Kilowatthours
HVETPUS,201505,20125.416,7,Electricity Net Generation From Conventional Hydroelectric Power, All Sectors,Million Kilowatthours
HVETPUS,201506,20414.084,7,Electricity Net Generation From Conventional Hydroelectric Power, All Sectors,Million Kilowatthours
HVETPUS,201507,21014.221,7,Electricity Net Generation From Conventional Hydroelectric Power, All Sectors,Million Kilowatthours
HVETPUS,201508,19122.105,7,Electricity Net Generation From Conventional Hydroelectric Power, All Sectors,Million Kilowatthours
HVETPUS,201509,16094.122,7,Electricity Net Generation From Conventional Hydroelectric Power, All Sectors,Million Kilowatthours
HVETPUS,201510,16630.402,7,Electricity Net Generation From Conventional Hydroelectric Power, All Sectors,Million Kilowatthours
HVETPUS,201511,19337.831,7,Electricity Net Generation From Conventional Hydroelectric Power, All Sectors,Million Kilowatthours
HVETPUS,201512,23165.562,7,Electricity Net Generation From Conventional Hydroelectric Power, All Sectors,Million Kilowatthours
HVETPUS,201513,249080.085,7,Electricity Net Generation From Conventional Hydroelectric Power, All Sectors,Million Kilowatthours
HVETPUS,201601,25614.542,7,Electricity Net Generation From Conventional Hydroelectric Power, All Sectors,Million Kilowatthours
HVETPUS,201602,24139.015,7,Electricity Net Generation From Conventional Hydroelectric Power, All Sectors,Million Kilowatthours
HVETPUS,201603,27389.877,7,Electricity Net Generation From Conventional Hydroelectric Power, All Sectors,Million Kilowatthours
HVETPUS,201604,25878.029,7,Electricity Net Generation From Conventional Hydroelectric Power, All Sectors,Million Kilowatthours
HVETPUS,201605,25486.381,7,Electricity Net Generation From Conventional Hydroelectric Power, All Sectors,Million Kilowatthours
HVETPUS,201606,23236.867,7,Electricity Net Generation From Conventional Hydroelectric Power, All Sectors,Million Kilowatthours
HVETPUS,201607,21455.321,7,Electricity Net Generation From Conventional Hydroelectric Power, All Sectors,Million Kilowatthours
HVETPUS,201608,19569.549,7,Electricity Net Generation From Conventional Hydroelectric Power, All Sectors,Million Kilowatthours
HVETPUS,201609,16367.684,7,Electricity Net Generation From Conventional Hydroelectric Power, All Sectors,Million Kilowatthours
HVETPUS,201610,17338.857,7,Electricity Net Generation From Conventional Hydroelectric Power, All Sectors,Million Kilowatthours
HVETPUS,201611,18808.265,7,Electricity Net Generation From Conventional Hydroelectric Power, All Sectors,Million Kilowatthours
HVETPUS,201612,22527.765,7,Electricity Net Generation From Conventional Hydroelectric Power, All Sectors,Million Kilowatthours
HVETPUS,201613,267812.153,7,Electricity Net Generation From Conventional Hydroelectric Power, All Sectors,Million Kilowatthours
HVETPUS,201701,26627.881,7,Electricity Net Generation From Conventional Hydroelectric Power, All Sectors,Million Kilowatthours
HVETPUS,201702,23881.765,7,Electricity Net Generation From Conventional Hydroelectric Power, All Sectors,Million Kilowatthours
HVETPUS,201703,29613.195,7,Electricity Net Generation From Conventional Hydroelectric Power, All Sectors,Million Kilowatthours
HVETPUS,201704,29409.466,7,Electricity Net Generation From Conventional Hydroelectric Power, All Sectors,Million Kilowatthours
HVETPUS,201705,32607.115,7,Electricity Net Generation From Conventional Hydroelectric Power, All Sectors,Million Kilowatthours
HVETPUS,201706,30575.296,7,Electricity Net Generation From Conventional Hydroelectric Power, All Sectors,Million Kilowatthours
HVETPUS,201707,26598.247,7,Electricity Net Generation From Conventional Hydroelectric Power, All Sectors,Million Kilowatthours
HVETPUS,201708,22033.856,7,Electricity Net Generation From Conventional Hydroelectric Power, All Sectors,Million Kilowatthours
HVETPUS,201709,19151.755,7,Electricity Net Generation From Conventional Hydroelectric Power, All Sectors,Million Kilowatthours
HVETPUS,201710,17698.179,7,Electricity Net Generation From Conventional Hydroelectric Power, All Sectors,Million Kilowatthours
HVETPUS,201711,19888.334,7,Electricity Net Generation From Conventional Hydroelectric Power, All Sectors,Million Kilowatthours
HVETPUS,201712,22247.842,7,Electricity Net Generation From Conventional Hydroelectric Power, All Sectors,Million Kilowatthours
HVETPUS,201713,300332.93,7,Electricity Net Generation From Conventional Hydroelectric Power, All Sectors,Million Kilowatthours
HVETPUS,201801,25064.077,7,Electricity Net Generation From Conventional Hydroelectric Power, All Sectors,Million Kilowatthours
HVETPUS,201802,24902.258,7,Electricity Net Generation From Conventional Hydroelectric Power, All Sectors,Million Kilowatthours
HVETPUS,201803,25860.604,7,Electricity Net Generation From Conventional Hydroelectric Power, All Sectors,Million Kilowatthours
HVETPUS,201804,28115.155,7,Electricity Net Generation From Conventional Hydroelectric Power, All Sectors,Million Kilowatthours
HVETPUS,201805,30444.284,7,Electricity Net Generation From Conventional Hydroelectric Power, All Sectors,Million Kilowatthours
HVETPUS,201806,27597.488,7,Electricity Net Generation From Conventional Hydroelectric Power, All Sectors,Million Kilowatthours
HVETPUS,201807,25099.529,7,Electricity Net Generation From Conventional Hydroelectric Power, All Sectors,Million Kilowatthours
HVETPUS,201808,22016.905,7,Electricity Net Generation From Conventional Hydroelectric Power, All Sectors,Million Kilowatthours
HVETPUS,201809,19165.621,7,Electricity Net Generation From Conventional Hydroelectric Power, All Sectors,Million Kilowatthours
HVETPUS,201810,19548.191,7,Electricity Net Generation From Conventional Hydroelectric Power, All Sectors,Million Kilowatthours
HVETPUS,201811,21912.716,7,Electricity Net Generation From Conventional Hydroelectric Power, All Sectors,Million Kilowatthours
HVETPUS,201812,22797.161,7,Electricity Net Generation From Conventional Hydroelectric Power, All Sectors,Million Kilowatthours
HVETPUS,201813,292523.989,7,Electricity Net Generation From Conventional Hydroelectric Power, All Sectors,Million Kilowatthours
HVETPUS,201901,24797.808,7,Electricity Net Generation From Conventional Hydroelectric Power, All Sectors,Million Kilowatthours
HVETPUS,201902,22880.538,7,Electricity Net Generation From Conventional Hydroelectric Power, All Sectors,Million Kilowatthours
HVETPUS,201903,26333.985,7,Electricity Net Generation From Conventional Hydroelectric Power, All Sectors,Million Kilowatthours
HVETPUS,201904,27820.177,7,Electricity Net Generation From Conventional Hydroelectric Power, All Sectors,Million Kilowatthours
HVETPUS,201905,31982.042,7,Electricity Net Generation From Conventional Hydroelectric Power, All Sectors,Million Kilowatthours
HVETPUS,201906,28077.763,7,Electricity Net Generation From Conventional Hydroelectric Power, All Sectors,Million Kilowatthours
HVETPUS,201907,24875.398,7,Electricity Net Generation From Conventional Hydroelectric Power, All Sectors,Million Kilowatthours
HVETPUS,201908,22578.668,7,Electricity Net Generation From Conventional Hydroelectric Power, All Sectors,Million Kilowatthours
HVETPUS,201909,18525.76,7,Electricity Net Generation From Conventional Hydroelectric Power, All Sectors,Million Kilowatthours
HVETPUS,201910,18305.813,7,Electricity Net Generation From Conventional Hydroelectric Power, All Sectors,Million Kilowatthours
HVETPUS,201911,20217.597,7,Electricity Net Generation From Conventional Hydroelectric Power, All Sectors,Million Kilowatthours
HVETPUS,201912,21478.181,7,Electricity Net Generation From Conventional Hydroelectric Power, All Sectors,Million Kilowatthours
HVETPUS,201913,287873.731,7,Electricity Net Generation From Conventional Hydroelectric Power, All Sectors,Million Kilowatthours
HVETPUS,202001,24497.857,7,Electricity Net Generation From Conventional Hydroelectric Power, All Sectors,Million Kilowatthours
HVETPUS,202002,25868.062,7,Electricity Net Generation From Conventional Hydroelectric Power, All Sectors,Million Kilowatthours
HVETPUS,202003,23823.017,7,Electricity Net Generation From Conventional Hydroelectric Power, All Sectors,Million Kilowatthours
HVETPUS,202004,23194.355,7,Electricity Net Generation From Conventional Hydroelectric Power, All Sectors,Million Kilowatthours
HVETPUS,202005,29976.161,7,Electricity Net Generation From Conventional Hydroelectric Power, All Sectors,Million Kilowatthours
HVETPUS,202006,27999.384,7,Electricity Net Generation From Conventional Hydroelectric Power, All Sectors,Million Kilowatthours
HVETPUS,202007,26741.779,7,Electricity Net Generation From Conventional Hydroelectric Power, All Sectors,Million Kilowatthours
HVETPUS,202008,23283.558,7,Electricity Net Generation From Conventional Hydroelectric Power, All Sectors,Million Kilowatthours
HVETPUS,202009,18678.81,7,Electricity Net Generation From Conventional Hydroelectric Power, All Sectors,Million Kilowatthours
HVETPUS,202010,18810.406,7,Electricity Net Generation From Conventional Hydroelectric Power, All Sectors,Million Kilowatthours
HVETPUS,202011,20892.659,7,Electricity Net Generation From Conventional Hydroelectric Power, All Sectors,Million Kilowatthours
HVETPUS,202012,21507.847,7,Electricity Net Generation From Conventional Hydroelectric Power, All Sectors,Million Kilowatthours
HVETPUS,202013,285273.895,7,Electricity Net Generation From Conventional Hydroelectric Power, All Sectors,Million Kilowatthours
HVETPUS,202101,24560.041,7,Electricity Net Generation From Conventional Hydroelectric Power, All Sectors,Million Kilowatthours
HVETPUS,202102,20136.509,7,Electricity Net Generation From Conventional Hydroelectric Power, All Sectors,Million Kilowatthours
HVETPUS,202103,21220.434,7,Electricity Net Generation From Conventional Hydroelectric Power, All Sectors,Million Kilowatthours
HVETPUS,202104,19388.828,7,Electricity Net Generation From Conventional Hydroelectric Power, All Sectors,Million Kilowatthours
HVETPUS,202105,23308.964,7,Electricity Net Generation From Conventional Hydroelectric Power, All Sectors,Million Kilowatthours
HVETPUS,202106,23454.079,7,Electricity Net Generation From Conventional Hydroelectric Power, All Sectors,Million Kilowatthours
HVETPUS,202107,22097.512,7,Electricity Net Generation From Conventional Hydroelectric Power, All Sectors,Million Kilowatthours
HVETPUS,202108,20328.147,7,Electricity Net Generation From Conventional Hydroelectric Power, All Sectors,Million Kilowatthours
HVETPUS,202109,17022.267,7,Electricity Net Generation From Conventional Hydroelectric Power, All Sectors,Million Kilowatthours
HVETPUS,202110,17132.936,7,Electricity Net Generation From Conventional Hydroelectric Power, All Sectors,Million Kilowatthours
HVETPUS,202111,19373.25,7,Electricity Net Generation From Conventional Hydroelectric Power, All Sectors,Million Kilowatthours
HVETPUS,202112,23561.876,7,Electricity Net Generation From Conventional Hydroelectric Power, All Sectors,Million Kilowatthours
HVETPUS,202113,251584.842,7,Electricity Net Generation From Conventional Hydroelectric Power, All Sectors,Million Kilowatthours
HVETPUS,202201,26288.416,7,Electricity Net Generation From Conventional Hydroelectric Power, All Sectors,Million Kilowatthours
HVETPUS,202202,22971.273,7,Electricity Net Generation From Conventional Hydroelectric Power, All Sectors,Million Kilowatthours
HVETPUS,202203,25462.464,7,Electricity Net Generation From Conventional Hydroelectric Power, All Sectors,Million Kilowatthours
HVETPUS,202204,19558.512,7,Electricity Net Generation From Conventional Hydroelectric Power, All Sectors,Million Kilowatthours
HVETPUS,202205,23091.439,7,Electricity Net Generation From Conventional Hydroelectric Power, All Sectors,Million Kilowatthours
HVETPUS,202206,26883.995,7,Electricity Net Generation From Conventional Hydroelectric Power, All Sectors,Million Kilowatthours
HVETPUS,202207,24106.271,7,Electricity Net Generation From Conventional Hydroelectric Power, All Sectors,Million Kilowatthours
HVETPUS,202208,21616.541,7,Electricity Net Generation From Conventional Hydroelectric Power, All Sectors,Million Kilowatthours
HVETPUS,202209,16827.772,7,Electricity Net Generation From Conventional Hydroelectric Power, All Sectors,Million Kilowatthours
HVETPUS,202210,14640.161,7,Electricity Net Generation From Conventional Hydroelectric Power, All Sectors,Million Kilowatthours
HVETPUS,202211,18772.506,7,Electricity Net Generation From Conventional Hydroelectric Power, All Sectors,Million Kilowatthours
