NGETPUS,194913,36966.709,3,Electricity Net Generation From Natural Gas, All Sectors,Million Kilowatthours
NGETPUS,195013,44559.159,3,Electricity Net Generation From Natural Gas, All Sectors,Million Kilowatthours
NGETPUS,195113,56615.678,3,Electricity Net Generation From Natural Gas, All Sectors,Million Kilowatthours
NGETPUS,195213,68453.088,3,Electricity Net Generation From Natural Gas, All Sectors,Million Kilowatthours
NGETPUS,195313,79790.975,3,Electricity Net Generation From Natural Gas, All Sectors,Million Kilowatthours
NGETPUS,195413,93688.271,3,Electricity Net Generation From Natural Gas, All Sectors,Million Kilowatthours
NGETPUS,195513,95285.441,3,Electricity Net Generation From Natural Gas, All Sectors,Million Kilowatthours
NGETPUS,195613,104037.208,3,Electricity Net Generation From Natural Gas, All Sectors,Million Kilowatthours
NGETPUS,195713,114212.525,3,Electricity Net Generation From Natural Gas, All Sectors,Million Kilowatthours
NGETPUS,195813,119759.302,3,Electricity Net Generation From Natural Gas, All Sectors,Million Kilowatthours
NGETPUS,195913,146619.391,3,Electricity Net Generation From Natural Gas, All Sectors,Million Kilowatthours
NGETPUS,196013,157969.787,3,Electricity Net Generation From Natural Gas, All Sectors,Million Kilowatthours
NGETPUS,196113,169285.998,3,Electricity Net Generation From Natural Gas, All Sectors,Million Kilowatthours
NGETPUS,196213,184301.293,3,Electricity Net Generation From Natural Gas, All Sectors,Million Kilowatthours
NGETPUS,196313,201602.073,3,Electricity Net Generation From Natural Gas, All Sectors,Million Kilowatthours
NGETPUS,196413,220038.479,3,Electricity Net Generation From Natural Gas, All Sectors,Million Kilowatthours
NGETPUS,196513,221559.434,3,Electricity Net Generation From Natural Gas, All Sectors,Million Kilowatthours
NGETPUS,196613,251151.562,3,Electricity Net Generation From Natural Gas, All Sectors,Million Kilowatthours
NGETPUS,196713,264805.785,3,Electricity Net Generation From Natural Gas, All Sectors,Million Kilowatthours
NGETPUS,196813,304432.723,3,Electricity Net Generation From Natural Gas, All Sectors,Million Kilowatthours
NGETPUS,196913,333278.945,3,Electricity Net Generation From Natural Gas, All Sectors,Million Kilowatthours
NGETPUS,197013,372890.063,3,Electricity Net Generation From Natural Gas, All Sectors,Million Kilowatthours
NGETPUS,197113,374030.784,3,Electricity Net Generation From Natural Gas, All Sectors,Million Kilowatthours
NGETPUS,197213,375747.796,3,Electricity Net Generation From Natural Gas, All Sectors,Million Kilowatthours
NGETPUS,197301,21184.967,3,Electricity Net Generation From Natural Gas, All Sectors,Million Kilowatthours
NGETPUS,197302,20252.525,3,Electricity Net Generation From Natural Gas, All Sectors,Million Kilowatthours
NGETPUS,197303,24043.248,3,Electricity Net Generation From Natural Gas, All Sectors,Million Kilowatthours
NGETPUS,197304,25030.266,3,Electricity Net Generation From Natural Gas, All Sectors,Million Kilowatthours
NGETPUS,197305,29755.984,3,Electricity Net Generation From Natural Gas, All Sectors,Million Kilowatthours
NGETPUS,197306,34627.356,3,Electricity Net Generation From Natural Gas, All Sectors,Million Kilowatthours
NGETPUS,197307,39171.261,3,Electricity Net Generation From Natural Gas, All Sectors,Million Kilowatthours
NGETPUS,197308,38890.546,3,Electricity Net Generation From Natural Gas, All Sectors,Million Kilowatthours
NGETPUS,197309,33118.166,3,Electricity Net Generation From Natural Gas, All Sectors,Million Kilowatthours
NGETPUS,197310,30688.93,3,Electricity Net Generation From Natural Gas, All Sectors,Million Kilowatthours
NGETPUS,197311,23717.377,3,Electricity Net Generation From Natural Gas, All Sectors,Million Kilowatthours
NGETPUS,197312,20377.565,3,Electricity Net Generation From Natural Gas, All Sectors,Million Kilowatthours
NGETPUS,197313,340858.192,3,Electricity Net Generation From Natural Gas, All Sectors,Million Kilowatthours
NGETPUS,197401,20728.02,3,Electricity Net Generation From Natural Gas, All Sectors,Million Kilowatthours
NGETPUS,197402,18941.924,3,Electricity Net Generation From Natural Gas, All Sectors,Million Kilowatthours
NGETPUS,197403,23628.456,3,Electricity Net Generation From Natural Gas, All Sectors,Million Kilowatthours
NGETPUS,197404,24029.361,3,Electricity Net Generation From Natural Gas, All Sectors,Million Kilowatthours
NGETPUS,197405,28325.25,3,Electricity Net Generation From Natural Gas, All Sectors,Million Kilowatthours
NGETPUS,197406,31727.856,3,Electricity Net Generation From Natural Gas, All Sectors,Million Kilowatthours
NGETPUS,197407,37214.571,3,Electricity Net Generation From Natural Gas, All Sectors,Million Kilowatthours
NGETPUS,197408,35350.593,3,Electricity Net Generation From Natural Gas, All Sectors,Million Kilowatthours
NGETPUS,197409,29348.424,3,Electricity Net Generation From Natural Gas, All Sectors,Million Kilowatthours
NGETPUS,197410,28263.526,3,Electricity Net Generation From Natural Gas, All Sectors,Million Kilowatthours
NGETPUS,197411,22735.948,3,Electricity Net Generation From Natural Gas, All Sectors,Million Kilowatthours
NGETPUS,197412,19771.16,3,Electricity Net Generation From Natural Gas, All Sectors,Million Kilowatthours
NGETPUS,197413,320065.088,3,Electricity Net Generation From Natural Gas, All Sectors,Million Kilowatthours
NGETPUS,197501,19689.283,3,Electricity Net Generation From Natural Gas, All Sectors,Million Kilowatthours
NGETPUS,197502,18049.671,3,Electricity Net Generation From Natural Gas, All Sectors,Million Kilowatthours
NGETPUS,197503,20098.711,3,Electricity Net Generation From Natural Gas, All Sectors,Million Kilowatthours
NGETPUS,197504,20323.206,3,Electricity Net Generation From Natural Gas, All Sectors,Million Kilowatthours
NGETPUS,197505,25707.482,3,Electricity Net Generation From Natural Gas, All Sectors,Million Kilowatthours
NGETPUS,197506,28830.399,3,Electricity Net Generation From Natural Gas, All Sectors,Million Kilowatthours
NGETPUS,197507,34181.9,3,Electricity Net Generation From Natural Gas, All Sectors,Million Kilowatthours
NGETPUS,197508,34041.236,3,Electricity Net Generation From Natural Gas, All Sectors,Million Kilowatthours
NGETPUS,197509,30020.384,3,Electricity Net Generation From Natural Gas, All Sectors,Million Kilowatthours
NGETPUS,197510,26300.474,3,Electricity Net Generation From Natural Gas, All Sectors,Million Kilowatthours
NGETPUS,197511,21829.846,3,Electricity Net Generation From Natural Gas, All Sectors,Million Kilowatthours
NGETPUS,197512,20705.816,3,Electricity Net Generation From Natural Gas, All Sectors,Million Kilowatthours
NGETPUS,197513,299778.408,3,Electricity Net Generation From Natural Gas, All Sectors,Million Kilowatthours
NGETPUS,197601,19894.883,3,Electricity Net Generation From Natural Gas, All Sectors,Million Kilowatthours
NGETPUS,197602,19163.451,3,Electricity Net Generation From Natural Gas, All Sectors,Million Kilowatthours
NGETPUS,197603,21282.392,3,Electricity Net Generation From Natural Gas, All Sectors,Million Kilowatthours
NGETPUS,197604,21867.164,3,Electricity Net Generation From Natural Gas, All Sectors,Million Kilowatthours
NGETPUS,197605,25318.846,3,Electricity Net Generation From Natural Gas, All Sectors,Million Kilowatthours
NGETPUS,197606,29715.292,3,Electricity Net Generation From Natural Gas, All Sectors,Million Kilowatthours
NGETPUS,197607,32031.884,3,Electricity Net Generation From Natural Gas, All Sectors,Million Kilowatthours
NGETPUS,197608,31393.084,3,Electricity Net Generation From Natural Gas, All Sectors,Million Kilowatthours
NGETPUS,197609,28057.948,3,Electricity Net Generation From Natural Gas, All Sectors,Million Kilowatthours
NGETPUS,197610,23909.086,3,Electricity Net Generation From Natural Gas, All Sectors,Million Kilowatthours
NGETPUS,197611,21110.511,3,Electricity Net Generation From Natural Gas, All Sectors,Million Kilowatthours
NGETPUS,197612,20879.37,3,Electricity Net Generation From Natural Gas, All Sectors,Million Kilowatthours
NGETPUS,197613,294623.911,3,Electricity Net Generation From Natural Gas, All Sectors,Million Kilowatthours
NGETPUS,197701,19952.66,3,Electricity Net Generation From Natural Gas, All Sectors,Million Kilowatthours
NGETPUS,197702,19480.517,3,Electricity Net Generation From Natural Gas, All Sectors,Million Kilowatthours
NGETPUS,197703,22467.119,3,Electricity Net Generation From Natural Gas, All Sectors,Million Kilowatthours
NGETPUS,197704,21296.921,3,Electricity Net Generation From Natural Gas, All Sectors,Million Kilowatthours
NGETPUS,197705,24701.328,3,Electricity Net Generation From Natural Gas, All Sectors,Million Kilowatthours
NGETPUS,197706,29621.145,3,Electricity Net Generation From Natural Gas, All Sectors,Million Kilowatthours
NGETPUS,197707,32712.543,3,Electricity Net Generation From Natural Gas, All Sectors,Million Kilowatthours
NGETPUS,197708,33290.504,3,Electricity Net Generation From Natural Gas, All Sectors,Million Kilowatthours
NGETPUS,197709,30937.59,3,Electricity Net Generation From Natural Gas, All Sectors,Million Kilowatthours
NGETPUS,197710,27355.603,3,Electricity Net Generation From Natural Gas, All Sectors,Million Kilowatthours
NGETPUS,197711,22565.612,3,Electricity Net Generation From Natural Gas, All Sectors,Million Kilowatthours
NGETPUS,197712,21123.315,3,Electricity Net Generation From Natural Gas, All Sectors,Million Kilowatthours
NGETPUS,197713,305504.859,3,Electricity Net Generation From Natural Gas, All Sectors,Million Kilowatthours
NGETPUS,197801,22309.743,3,Electricity Net Generation From Natural Gas, All Sectors,Million Kilowatthours
NGETPUS,197802,20370.197,3,Electricity Net Generation From Natural Gas, All Sectors,Million Kilowatthours
NGETPUS,197803,22269.092,3,Electricity Net Generation From Natural Gas, All Sectors,Million Kilowatthours
NGETPUS,197804,21339.11,3,Electricity Net Generation From Natural Gas, All Sectors,Million Kilowatthours
NGETPUS,197805,25076.268,3,Electricity Net Generation From Natural Gas, All Sectors,Million Kilowatthours
NGETPUS,197806,30618.31,3,Electricity Net Generation From Natural Gas, All Sectors,Million Kilowatthours
NGETPUS,197807,34247.75,3,Electricity Net Generation From Natural Gas, All Sectors,Million Kilowatthours
NGETPUS,197808,32583.162,3,Electricity Net Generation From Natural Gas, All Sectors,Million Kilowatthours
NGETPUS,197809,28206.109,3,Electricity Net Generation From Natural Gas, All Sectors,Million Kilowatthours
NGETPUS,197810,25232.611,3,Electricity Net Generation From Natural Gas, All Sectors,Million Kilowatthours
NGETPUS,197811,22000.457,3,Electricity Net Generation From Natural Gas, All Sectors,Million Kilowatthours
NGETPUS,197812,21138.026,3,Electricity Net Generation From Natural Gas, All Sectors,Million Kilowatthours
NGETPUS,197813,305390.836,3,Electricity Net Generation From Natural Gas, All Sectors,Million Kilowatthours
NGETPUS,197901,22092.806,3,Electricity Net Generation From Natural Gas, All Sectors,Million Kilowatthours
NGETPUS,197902,21844.013,3,Electricity Net Generation From Natural Gas, All Sectors,Million Kilowatthours
NGETPUS,197903,24916.06,3,Electricity Net Generation From Natural Gas, All Sectors,Million Kilowatthours
NGETPUS,197904,24763.199,3,Electricity Net Generation From Natural Gas, All Sectors,Million Kilowatthours
NGETPUS,197905,26135.375,3,Electricity Net Generation From Natural Gas, All Sectors,Million Kilowatthours
NGETPUS,197906,30106.952,3,Electricity Net Generation From Natural Gas, All Sectors,Million Kilowatthours
NGETPUS,197907,34675.501,3,Electricity Net Generation From Natural Gas, All Sectors,Million Kilowatthours
NGETPUS,197908,34948.735,3,Electricity Net Generation From Natural Gas, All Sectors,Million Kilowatthours
NGETPUS,197909,31441.588,3,Electricity Net Generation From Natural Gas, All Sectors,Million Kilowatthours
NGETPUS,197910,30418.982,3,Electricity Net Generation From Natural Gas, All Sectors,Million Kilowatthours
NGETPUS,197911,24661.307,3,Electricity Net Generation From Natural Gas, All Sectors,Million Kilowatthours
NGETPUS,197912,23480.589,3,Electricity Net Generation From Natural Gas, All Sectors,Million Kilowatthours
NGETPUS,197913,329485.107,3,Electricity Net Generation From Natural Gas, All Sectors,Million Kilowatthours
NGETPUS,198001,26348.819,3,Electricity Net Generation From Natural Gas, All Sectors,Million Kilowatthours
NGETPUS,198002,24755.111,3,Electricity Net Generation From Natural Gas, All Sectors,Million Kilowatthours
NGETPUS,198003,26891.062,3,Electricity Net Generation From Natural Gas, All Sectors,Million Kilowatthours
NGETPUS,198004,24181.362,3,Electricity Net Generation From Natural Gas, All Sectors,Million Kilowatthours
NGETPUS,198005,26586.804,3,Electricity Net Generation From Natural Gas, All Sectors,Million Kilowatthours
NGETPUS,198006,31294.973,3,Electricity Net Generation From Natural Gas, All Sectors,Million Kilowatthours
NGETPUS,198007,39063.083,3,Electricity Net Generation From Natural Gas, All Sectors,Million Kilowatthours
NGETPUS,198008,37647.074,3,Electricity Net Generation From Natural Gas, All Sectors,Million Kilowatthours
NGETPUS,198009,33579.978,3,Electricity Net Generation From Natural Gas, All Sectors,Million Kilowatthours
NGETPUS,198010,28591.879,3,Electricity Net Generation From Natural Gas, All Sectors,Million Kilowatthours
NGETPUS,198011,24338.395,3,Electricity Net Generation From Natural Gas, All Sectors,Million Kilowatthours
NGETPUS,198012,22961.361,3,Electricity Net Generation From Natural Gas, All Sectors,Million Kilowatthours
NGETPUS,198013,346239.9,3,Electricity Net Generation From Natural Gas, All Sectors,Million Kilowatthours
NGETPUS,198101,22080.996,3,Electricity Net Generation From Natural Gas, All Sectors,Million Kilowatthours
NGETPUS,198102,21339.106,3,Electricity Net Generation From Natural Gas, All Sectors,Million Kilowatthours
NGETPUS,198103,25996.919,3,Electricity Net Generation From Natural Gas, All Sectors,Million Kilowatthours
NGETPUS,198104,27460.284,3,Electricity Net Generation From Natural Gas, All Sectors,Million Kilowatthours
NGETPUS,198105,30070.319,3,Electricity Net Generation From Natural Gas, All Sectors,Million Kilowatthours
NGETPUS,198106,35885.106,3,Electricity Net Generation From Natural Gas, All Sectors,Million Kilowatthours
NGETPUS,198107,38712.255,3,Electricity Net Generation From Natural Gas, All Sectors,Million Kilowatthours
NGETPUS,198108,36917.716,3,Electricity Net Generation From Natural Gas, All Sectors,Million Kilowatthours
NGETPUS,198109,30850.324,3,Electricity Net Generation From Natural Gas, All Sectors,Million Kilowatthours
NGETPUS,198110,28916.564,3,Electricity Net Generation From Natural Gas, All Sectors,Million Kilowatthours
NGETPUS,198111,24670.378,3,Electricity Net Generation From Natural Gas, All Sectors,Million Kilowatthours
NGETPUS,198112,22877.206,3,Electricity Net Generation From Natural Gas, All Sectors,Million Kilowatthours
NGETPUS,198113,345777.173,3,Electricity Net Generation From Natural Gas, All Sectors,Million Kilowatthours
NGETPUS,198201,22620.535,3,Electricity Net Generation From Natural Gas, All Sectors,Million Kilowatthours
NGETPUS,198202,20919.528,3,Electricity Net Generation From Natural Gas, All Sectors,Million Kilowatthours
NGETPUS,198203,23597.611,3,Electricity Net Generation From Natural Gas, All Sectors,Million Kilowatthours
NGETPUS,198204,23231.222,3,Electricity Net Generation From Natural Gas, All Sectors,Million Kilowatthours
NGETPUS,198205,24291.498,3,Electricity Net Generation From Natural Gas, All Sectors,Million Kilowatthours
NGETPUS,198206,27959.064,3,Electricity Net Generation From Natural Gas, All Sectors,Million Kilowatthours
NGETPUS,198207,33340.356,3,Electricity Net Generation From Natural Gas, All Sectors,Million Kilowatthours
NGETPUS,198208,34418.117,3,Electricity Net Generation From Natural Gas, All Sectors,Million Kilowatthours
NGETPUS,198209,27649.118,3,Electricity Net Generation From Natural Gas, All Sectors,Million Kilowatthours
NGETPUS,198210,25804.497,3,Electricity Net Generation From Natural Gas, All Sectors,Million Kilowatthours
NGETPUS,198211,21465.602,3,Electricity Net Generation From Natural Gas, All Sectors,Million Kilowatthours
NGETPUS,198212,19962.6,3,Electricity Net Generation From Natural Gas, All Sectors,Million Kilowatthours
NGETPUS,198213,305259.749,3,Electricity Net Generation From Natural Gas, All Sectors,Million Kilowatthours
NGETPUS,198301,19721.254,3,Electricity Net Generation From Natural Gas, All Sectors,Million Kilowatthours
NGETPUS,198302,16658.895,3,Electricity Net Generation From Natural Gas, All Sectors,Million Kilowatthours
NGETPUS,198303,19686.264,3,Electricity Net Generation From Natural Gas, All Sectors,Million Kilowatthours
NGETPUS,198304,19173.85,3,Electricity Net Generation From Natural Gas, All Sectors,Million Kilowatthours
NGETPUS,198305,20444.768,3,Electricity Net Generation From Natural Gas, All Sectors,Million Kilowatthours
NGETPUS,198306,23091.183,3,Electricity Net Generation From Natural Gas, All Sectors,Million Kilowatthours
NGETPUS,198307,29615.086,3,Electricity Net Generation From Natural Gas, All Sectors,Million Kilowatthours
NGETPUS,198308,33147.159,3,Electricity Net Generation From Natural Gas, All Sectors,Million Kilowatthours
NGETPUS,198309,28040.45,3,Electricity Net Generation From Natural Gas, All Sectors,Million Kilowatthours
NGETPUS,198310,23782.891,3,Electricity Net Generation From Natural Gas, All Sectors,Million Kilowatthours
NGETPUS,198311,20169.388,3,Electricity Net Generation From Natural Gas, All Sectors,Million Kilowatthours
NGETPUS,198312,20567.27,3,Electricity Net Generation From Natural Gas, All Sectors,Million Kilowatthours
NGETPUS,198313,274098.458,3,Electricity Net Generation From Natural Gas, All Sectors,Million Kilowatthours
NGETPUS,198401,20245.336,3,Electricity Net Generation From Natural Gas, All Sectors,Million Kilowatthours
NGETPUS,198402,17826.724,3,Electricity Net Generation From Natural Gas, All Sectors,Million Kilowatthours
NGETPUS,198403,19644.833,3,Electricity Net Generation From Natural Gas, All Sectors,Million Kilowatthours
NGETPUS,198404,21197.053,3,Electricity Net Generation From Natural Gas, All Sectors,Million Kilowatthours
NGETPUS,198405,25303.732,3,Electricity Net Generation From Natural Gas, All Sectors,Million Kilowatthours
NGETPUS,198406,28345.033,3,Electricity Net Generation From Natural Gas, All Sectors,Million Kilowatthours
NGETPUS,198407,33326.633,3,Electricity Net Generation From Natural Gas, All Sectors,Million Kilowatthours
NGETPUS,198408,33291.869,3,Electricity Net Generation From Natural Gas, All Sectors,Million Kilowatthours
NGETPUS,198409,27838.782,3,Electricity Net Generation From Natural Gas, All Sectors,Million Kilowatthours
NGETPUS,198410,25782.724,3,Electricity Net Generation From Natural Gas, All Sectors,Million Kilowatthours
NGETPUS,198411,23727.895,3,Electricity Net Generation From Natural Gas, All Sectors,Million Kilowatthours
NGETPUS,198412,20862.981,3,Electricity Net Generation From Natural Gas, All Sectors,Million Kilowatthours
NGETPUS,198413,297393.596,3,Electricity Net Generation From Natural Gas, All Sectors,Million Kilowatthours
NGETPUS,198501,22050.835,3,Electricity Net Generation From Natural Gas, All Sectors,Million Kilowatthours
NGETPUS,198502,19417.44,3,Electricity Net Generation From Natural Gas, All Sectors,Million Kilowatthours
NGETPUS,198503,19848.321,3,Electricity Net Generation From Natural Gas, All Sectors,Million Kilowatthours
NGETPUS,198504,22425.012,3,Electricity Net Generation From Natural Gas, All Sectors,Million Kilowatthours
NGETPUS,198505,22481.467,3,Electricity Net Generation From Natural Gas, All Sectors,Million Kilowatthours
NGETPUS,198506,26739.747,3,Electricity Net Generation From Natural Gas, All Sectors,Million Kilowatthours
NGETPUS,198507,32190.85,3,Electricity Net Generation From Natural Gas, All Sectors,Million Kilowatthours
NGETPUS,198508,33915.168,3,Electricity Net Generation From Natural Gas, All Sectors,Million Kilowatthours
NGETPUS,198509,26272.697,3,Electricity Net Generation From Natural Gas, All Sectors,Million Kilowatthours
NGETPUS,198510,24119.576,3,Electricity Net Generation From Natural Gas, All Sectors,Million Kilowatthours
NGETPUS,198511,22453.425,3,Electricity Net Generation From Natural Gas, All Sectors,Million Kilowatthours
NGETPUS,198512,20031.428,3,Electricity Net Generation From Natural Gas, All Sectors,Million Kilowatthours
NGETPUS,198513,291945.965,3,Electricity Net Generation From Natural Gas, All Sectors,Million Kilowatthours
NGETPUS,198601,17472.41,3,Electricity Net Generation From Natural Gas, All Sectors,Million Kilowatthours
NGETPUS,198602,14924.854,3,Electricity Net Generation From Natural Gas, All Sectors,Million Kilowatthours
NGETPUS,198603,16149.202,3,Electricity Net Generation From Natural Gas, All Sectors,Million Kilowatthours
NGETPUS,198604,18961.06,3,Electricity Net Generation From Natural Gas, All Sectors,Million Kilowatthours
NGETPUS,198605,21947.302,3,Electricity Net Generation From Natural Gas, All Sectors,Million Kilowatthours
NGETPUS,198606,24767.149,3,Electricity Net Generation From Natural Gas, All Sectors,Million Kilowatthours
NGETPUS,198607,28711.652,3,Electricity Net Generation From Natural Gas, All Sectors,Million Kilowatthours
NGETPUS,198608,26352.173,3,Electricity Net Generation From Natural Gas, All Sectors,Million Kilowatthours
NGETPUS,198609,23456.719,3,Electricity Net Generation From Natural Gas, All Sectors,Million Kilowatthours
NGETPUS,198610,20876.382,3,Electricity Net Generation From Natural Gas, All Sectors,Million Kilowatthours
NGETPUS,198611,18044.042,3,Electricity Net Generation From Natural Gas, All Sectors,Million Kilowatthours
NGETPUS,198612,16845.488,3,Electricity Net Generation From Natural Gas, All Sectors,Million Kilowatthours
NGETPUS,198613,248508.433,3,Electricity Net Generation From Natural Gas, All Sectors,Million Kilowatthours
NGETPUS,198701,17788.153,3,Electricity Net Generation From Natural Gas, All Sectors,Million Kilowatthours
NGETPUS,198702,15119.732,3,Electricity Net Generation From Natural Gas, All Sectors,Million Kilowatthours
NGETPUS,198703,18349.449,3,Electricity Net Generation From Natural Gas, All Sectors,Million Kilowatthours
NGETPUS,198704,19601.569,3,Electricity Net Generation From Natural Gas, All Sectors,Million Kilowatthours
NGETPUS,198705,23238.723,3,Electricity Net Generation From Natural Gas, All Sectors,Million Kilowatthours
NGETPUS,198706,27090.362,3,Electricity Net Generation From Natural Gas, All Sectors,Million Kilowatthours
NGETPUS,198707,30511.554,3,Electricity Net Generation From Natural Gas, All Sectors,Million Kilowatthours
NGETPUS,198708,32261.639,3,Electricity Net Generation From Natural Gas, All Sectors,Million Kilowatthours
NGETPUS,198709,25677.538,3,Electricity Net Generation From Natural Gas, All Sectors,Million Kilowatthours
NGETPUS,198710,22985.178,3,Electricity Net Generation From Natural Gas, All Sectors,Million Kilowatthours
NGETPUS,198711,21005.294,3,Electricity Net Generation From Natural Gas, All Sectors,Million Kilowatthours
NGETPUS,198712,18991.611,3,Electricity Net Generation From Natural Gas, All Sectors,Million Kilowatthours
NGETPUS,198713,272620.803,3,Electricity Net Generation From Natural Gas, All Sectors,Million Kilowatthours
NGETPUS,198801,16237.245,3,Electricity Net Generation From Natural Gas, All Sectors,Million Kilowatthours
NGETPUS,198802,16530.273,3,Electricity Net Generation From Natural Gas, All Sectors,Million Kilowatthours
NGETPUS,198803,19743.729,3,Electricity Net Generation From Natural Gas, All Sectors,Million Kilowatthours
NGETPUS,198804,19241.49,3,Electricity Net Generation From Natural Gas, All Sectors,Million Kilowatthours
NGETPUS,198805,23154.533,3,Electricity Net Generation From Natural Gas, All Sectors,Million Kilowatthours
NGETPUS,198806,26808.398,3,Electricity Net Generation From Natural Gas, All Sectors,Million Kilowatthours
NGETPUS,198807,31284.129,3,Electricity Net Generation From Natural Gas, All Sectors,Million Kilowatthours
NGETPUS,198808,32701.666,3,Electricity Net Generation From Natural Gas, All Sectors,Million Kilowatthours
NGETPUS,198809,22213.483,3,Electricity Net Generation From Natural Gas, All Sectors,Million Kilowatthours
NGETPUS,198810,17315.929,3,Electricity Net Generation From Natural Gas, All Sectors,Million Kilowatthours
NGETPUS,198811,14542.603,3,Electricity Net Generation From Natural Gas, All Sectors,Million Kilowatthours
NGETPUS,198812,13027.227,3,Electricity Net Generation From Natural Gas, All Sectors,Million Kilowatthours
NGETPUS,198813,252800.704,3,Electricity Net Generation From Natural Gas, All Sectors,Million Kilowatthours
NGETPUS,198901,19959.529,3,Electricity Net Generation From Natural Gas, All Sectors,Million Kilowatthours
NGETPUS,198902,22890.981,3,Electricity Net Generation From Natural Gas, All Sectors,Million Kilowatthours
NGETPUS,198903,27059.643,3,Electricity Net Generation From Natural Gas, All Sectors,Million Kilowatthours
NGETPUS,198904,29734.214,3,Electricity Net Generation From Natural Gas, All Sectors,Million Kilowatthours
NGETPUS,198905,31057.604,3,Electricity Net Generation From Natural Gas, All Sectors,Million Kilowatthours
NGETPUS,198906,32068.562,3,Electricity Net Generation From Natural Gas, All Sectors,Million Kilowatthours
NGETPUS,198907,38732.714,3,Electricity Net Generation From Natural Gas, All Sectors,Million Kilowatthours
NGETPUS,198908,38044.377,3,Electricity Net Generation From Natural Gas, All Sectors,Million Kilowatthours
NGETPUS,198909,33052.998,3,Electricity Net Generation From Natural Gas, All Sectors,Million Kilowatthours
NGETPUS,198910,32216.794,3,Electricity Net Generation From Natural Gas, All Sectors,Million Kilowatthours
NGETPUS,198911,24706.458,3,Electricity Net Generation From Natural Gas, All Sectors,Million Kilowatthours
NGETPUS,198912,23104.993,3,Electricity Net Generation From Natural Gas, All Sectors,Million Kilowatthours
NGETPUS,198913,352628.866,3,Electricity Net Generation From Natural Gas, All Sectors,Million Kilowatthours
NGETPUS,199001,21087.708,3,Electricity Net Generation From Natural Gas, All Sectors,Million Kilowatthours
NGETPUS,199002,19175.576,3,Electricity Net Generation From Natural Gas, All Sectors,Million Kilowatthours
NGETPUS,199003,25754.671,3,Electricity Net Generation From Natural Gas, All Sectors,Million Kilowatthours
NGETPUS,199004,27408.563,3,Electricity Net Generation From Natural Gas, All Sectors,Million Kilowatthours
NGETPUS,199005,32057.582,3,Electricity Net Generation From Natural Gas, All Sectors,Million Kilowatthours
NGETPUS,199006,38532.903,3,Electricity Net Generation From Natural Gas, All Sectors,Million Kilowatthours
NGETPUS,199007,41904.647,3,Electricity Net Generation From Natural Gas, All Sectors,Million Kilowatthours
NGETPUS,199008,44052.218,3,Electricity Net Generation From Natural Gas, All Sectors,Million Kilowatthours
NGETPUS,199009,38569.286,3,Electricity Net Generation From Natural Gas, All Sectors,Million Kilowatthours
NGETPUS,199010,34134.22,3,Electricity Net Generation From Natural Gas, All Sectors,Million Kilowatthours
NGETPUS,199011,25708.962,3,Electricity Net Generation From Natural Gas, All Sectors,Million Kilowatthours
NGETPUS,199012,24378.818,3,Electricity Net Generation From Natural Gas, All Sectors,Million Kilowatthours
NGETPUS,199013,372765.154,3,Electricity Net Generation From Natural Gas, All Sectors,Million Kilowatthours
NGETPUS,199101,25106.65,3,Electricity Net Generation From Natural Gas, All Sectors,Million Kilowatthours
NGETPUS,199102,21248.137,3,Electricity Net Generation From Natural Gas, All Sectors,Million Kilowatthours
NGETPUS,199103,27347.645,3,Electricity Net Generation From Natural Gas, All Sectors,Million Kilowatthours
NGETPUS,199104,29763.601,3,Electricity Net Generation From Natural Gas, All Sectors,Million Kilowatthours
NGETPUS,199105,33407.037,3,Electricity Net Generation From Natural Gas, All Sectors,Million Kilowatthours
NGETPUS,199106,34468.176,3,Electricity Net Generation From Natural Gas, All Sectors,Million Kilowatthours
NGETPUS,199107,43183.115,3,Electricity Net Generation From Natural Gas, All Sectors,Million Kilowatthours
NGETPUS,199108,43055.198,3,Electricity Net Generation From Natural Gas, All Sectors,Million Kilowatthours
NGETPUS,199109,35369.412,3,Electricity Net Generation From Natural Gas, All Sectors,Million Kilowatthours
NGETPUS,199110,36160.827,3,Electricity Net Generation From Natural Gas, All Sectors,Million Kilowatthours
NGETPUS,199111,28083.309,3,Electricity Net Generation From Natural Gas, All Sectors,Million Kilowatthours
NGETPUS,199112,24359.909,3,Electricity Net Generation From Natural Gas, All Sectors,Million Kilowatthours
NGETPUS,199113,381553.017,3,Electricity Net Generation From Natural Gas, All Sectors,Million Kilowatthours
NGETPUS,199201,26411.959,3,Electricity Net Generation From Natural Gas, All Sectors,Million Kilowatthours
NGETPUS,199202,25994.453,3,Electricity Net Generation From Natural Gas, All Sectors,Million Kilowatthours
NGETPUS,199203,31177.692,3,Electricity Net Generation From Natural Gas, All Sectors,Million Kilowatthours
NGETPUS,199204,33543.053,3,Electricity Net Generation From Natural Gas, All Sectors,Million Kilowatthours
NGETPUS,199205,34499.098,3,Electricity Net Generation From Natural Gas, All Sectors,Million Kilowatthours
NGETPUS,199206,37363.775,3,Electricity Net Generation From Natural Gas, All Sectors,Million Kilowatthours
NGETPUS,199207,46755.043,3,Electricity Net Generation From Natural Gas, All Sectors,Million Kilowatthours
NGETPUS,199208,42503.115,3,Electricity Net Generation From Natural Gas, All Sectors,Million Kilowatthours
NGETPUS,199209,38895.517,3,Electricity Net Generation From Natural Gas, All Sectors,Million Kilowatthours
NGETPUS,199210,31459.534,3,Electricity Net Generation From Natural Gas, All Sectors,Million Kilowatthours
NGETPUS,199211,28444.051,3,Electricity Net Generation From Natural Gas, All Sectors,Million Kilowatthours
NGETPUS,199212,27027.084,3,Electricity Net Generation From Natural Gas, All Sectors,Million Kilowatthours
NGETPUS,199213,404074.372,3,Electricity Net Generation From Natural Gas, All Sectors,Million Kilowatthours
NGETPUS,199301,26869.202,3,Electricity Net Generation From Natural Gas, All Sectors,Million Kilowatthours
NGETPUS,199302,26584.348,3,Electricity Net Generation From Natural Gas, All Sectors,Million Kilowatthours
NGETPUS,199303,31012.176,3,Electricity Net Generation From Natural Gas, All Sectors,Million Kilowatthours
NGETPUS,199304,27688.832,3,Electricity Net Generation From Natural Gas, All Sectors,Million Kilowatthours
NGETPUS,199305,26243.496,3,Electricity Net Generation From Natural Gas, All Sectors,Million Kilowatthours
NGETPUS,199306,38158.635,3,Electricity Net Generation From Natural Gas, All Sectors,Million Kilowatthours
NGETPUS,199307,48505.411,3,Electricity Net Generation From Natural Gas, All Sectors,Million Kilowatthours
NGETPUS,199308,52149.71,3,Electricity Net Generation From Natural Gas, All Sectors,Million Kilowatthours
NGETPUS,199309,39052.619,3,Electricity Net Generation From Natural Gas, All Sectors,Million Kilowatthours
NGETPUS,199310,36535.957,3,Electricity Net Generation From Natural Gas, All Sectors,Million Kilowatthours
NGETPUS,199311,33229.803,3,Electricity Net Generation From Natural Gas, All Sectors,Million Kilowatthours
NGETPUS,199312,28896.608,3,Electricity Net Generation From Natural Gas, All Sectors,Million Kilowatthours
NGETPUS,199313,414926.798,3,Electricity Net Generation From Natural Gas, All Sectors,Million Kilowatthours
NGETPUS,199401,28533.496,3,Electricity Net Generation From Natural Gas, All Sectors,Million Kilowatthours
NGETPUS,199402,25032.403,3,Electricity Net Generation From Natural Gas, All Sectors,Million Kilowatthours
NGETPUS,199403,30118.99,3,Electricity Net Generation From Natural Gas, All Sectors,Million Kilowatthours
NGETPUS,199404,32556.27,3,Electricity Net Generation From Natural Gas, All Sectors,Million Kilowatthours
NGETPUS,199405,33045.081,3,Electricity Net Generation From Natural Gas, All Sectors,Million Kilowatthours
NGETPUS,199406,47110.441,3,Electricity Net Generation From Natural Gas, All Sectors,Million Kilowatthours
NGETPUS,199407,52819.206,3,Electricity Net Generation From Natural Gas, All Sectors,Million Kilowatthours
NGETPUS,199408,56193.01,3,Electricity Net Generation From Natural Gas, All Sectors,Million Kilowatthours
NGETPUS,199409,44592.987,3,Electricity Net Generation From Natural Gas, All Sectors,Million Kilowatthours
NGETPUS,199410,40640.265,3,Electricity Net Generation From Natural Gas, All Sectors,Million Kilowatthours
NGETPUS,199411,36335.013,3,Electricity Net Generation From Natural Gas, All Sectors,Million Kilowatthours
NGETPUS,199412,33241.522,3,Electricity Net Generation From Natural Gas, All Sectors,Million Kilowatthours
NGETPUS,199413,460218.682,3,Electricity Net Generation From Natural Gas, All Sectors,Million Kilowatthours
NGETPUS,199501,32759.903,3,Electricity Net Generation From Natural Gas, All Sectors,Million Kilowatthours
NGETPUS,199502,28126.101,3,Electricity Net Generation From Natural Gas, All Sectors,Million Kilowatthours
NGETPUS,199503,38977.298,3,Electricity Net Generation From Natural Gas, All Sectors,Million Kilowatthours
NGETPUS,199504,36240.672,3,Electricity Net Generation From Natural Gas, All Sectors,Million Kilowatthours
NGETPUS,199505,39909.814,3,Electricity Net Generation From Natural Gas, All Sectors,Million Kilowatthours
NGETPUS,199506,44978.658,3,Electricity Net Generation From Natural Gas, All Sectors,Million Kilowatthours
NGETPUS,199507,59990.137,3,Electricity Net Generation From Natural Gas, All Sectors,Million Kilowatthours
NGETPUS,199508,68167.711,3,Electricity Net Generation From Natural Gas, All Sectors,Million Kilowatthours
NGETPUS,199509,48032.565,3,Electricity Net Generation From Natural Gas, All Sectors,Million Kilowatthours
NGETPUS,199510,37641.812,3,Electricity Net Generation From Natural Gas, All Sectors,Million Kilowatthours
NGETPUS,199511,32338.559,3,Electricity Net Generation From Natural Gas, All Sectors,Million Kilowatthours
NGETPUS,199512,28894.716,3,Electricity Net Generation From Natural Gas, All Sectors,Million Kilowatthours
NGETPUS,199513,496057.945,3,Electricity Net Generation From Natural Gas, All Sectors,Million Kilowatthours
NGETPUS,199601,29525.285,3,Electricity Net Generation From Natural Gas, All Sectors,Million Kilowatthours
NGETPUS,199602,25034.042,3,Electricity Net Generation From Natural Gas, All Sectors,Million Kilowatthours
NGETPUS,199603,28082.135,3,Electricity Net Generation From Natural Gas, All Sectors,Million Kilowatthours
NGETPUS,199604,29870.339,3,Electricity Net Generation From Natural Gas, All Sectors,Million Kilowatthours
NGETPUS,199605,43018.939,3,Electricity Net Generation From Natural Gas, All Sectors,Million Kilowatthours
NGETPUS,199606,48037.369,3,Electricity Net Generation From Natural Gas, All Sectors,Million Kilowatthours
NGETPUS,199607,56112.264,3,Electricity Net Generation From Natural Gas, All Sectors,Million Kilowatthours
NGETPUS,199608,57934.426,3,Electricity Net Generation From Natural Gas, All Sectors,Million Kilowatthours
NGETPUS,199609,45812.113,3,Electricity Net Generation From Natural Gas, All Sectors,Million Kilowatthours
NGETPUS,199610,37737.94,3,Electricity Net Generation From Natural Gas, All Sectors,Million Kilowatthours
NGETPUS,199611,29896.985,3,Electricity Net Generation From Natural Gas, All Sectors,Million Kilowatthours
NGETPUS,199612,23993.739,3,Electricity Net Generation From Natural Gas, All Sectors,Million Kilowatthours
NGETPUS,199613,455055.576,3,Electricity Net Generation From Natural Gas, All Sectors,Million Kilowatthours
NGETPUS,199701,25288.772,3,Electricity Net Generation From Natural Gas, All Sectors,Million Kilowatthours
NGETPUS,199702,25057.291,3,Electricity Net Generation From Natural Gas, All Sectors,Million Kilowatthours
NGETPUS,199703,32199.488,3,Electricity Net Generation From Natural Gas, All Sectors,Million Kilowatthours
NGETPUS,199704,32843.806,3,Electricity Net Generation From Natural Gas, All Sectors,Million Kilowatthours
NGETPUS,199705,37630.482,3,Electricity Net Generation From Natural Gas, All Sectors,Million Kilowatthours
NGETPUS,199706,46733.965,3,Electricity Net Generation From Natural Gas, All Sectors,Million Kilowatthours
NGETPUS,199707,64503.406,3,Electricity Net Generation From Natural Gas, All Sectors,Million Kilowatthours
NGETPUS,199708,59986.774,3,Electricity Net Generation From Natural Gas, All Sectors,Million Kilowatthours
NGETPUS,199709,52415.164,3,Electricity Net Generation From Natural Gas, All Sectors,Million Kilowatthours
NGETPUS,199710,39245.731,3,Electricity Net Generation From Natural Gas, All Sectors,Million Kilowatthours
NGETPUS,199711,30220.78,3,Electricity Net Generation From Natural Gas, All Sectors,Million Kilowatthours
NGETPUS,199712,33273.011,3,Electricity Net Generation From Natural Gas, All Sectors,Million Kilowatthours
NGETPUS,199713,479398.67,3,Electricity Net Generation From Natural Gas, All Sectors,Million Kilowatthours
NGETPUS,199801,30395.548,3,Electricity Net Generation From Natural Gas, All Sectors,Million Kilowatthours
NGETPUS,199802,24678.192,3,Electricity Net Generation From Natural Gas, All Sectors,Million Kilowatthours
NGETPUS,199803,33822.136,3,Electricity Net Generation From Natural Gas, All Sectors,Million Kilowatthours
NGETPUS,199804,32984.055,3,Electricity Net Generation From Natural Gas, All Sectors,Million Kilowatthours
NGETPUS,199805,46219.588,3,Electricity Net Generation From Natural Gas, All Sectors,Million Kilowatthours
NGETPUS,199806,58048.921,3,Electricity Net Generation From Natural Gas, All Sectors,Million Kilowatthours
NGETPUS,199807,69241.98,3,Electricity Net Generation From Natural Gas, All Sectors,Million Kilowatthours
NGETPUS,199808,70347.992,3,Electricity Net Generation From Natural Gas, All Sectors,Million Kilowatthours
NGETPUS,199809,59848.418,3,Electricity Net Generation From Natural Gas, All Sectors,Million Kilowatthours
NGETPUS,199810,41362.494,3,Electricity Net Generation From Natural Gas, All Sectors,Million Kilowatthours
NGETPUS,199811,31158.245,3,Electricity Net Generation From Natural Gas, All Sectors,Million Kilowatthours
NGETPUS,199812,33149.535,3,Electricity Net Generation From Natural Gas, All Sectors,Million Kilowatthours
NGETPUS,199813,531257.104,3,Electricity Net Generation From Natural Gas, All Sectors,Million Kilowatthours
NGETPUS,199901,34285.594,3,Electricity Net Generation From Natural Gas, All Sectors,Million Kilowatthours
NGETPUS,199902,29466.572,3,Electricity Net Generation From Natural Gas, All Sectors,Million Kilowatthours
NGETPUS,199903,38338.9,3,Electricity Net Generation From Natural Gas, All Sectors,Million Kilowatthours
NGETPUS,199904,45495.049,3,Electricity Net Generation From Natural Gas, All Sectors,Million Kilowatthours
NGETPUS,199905,47927.441,3,Electricity Net Generation From Natural Gas, All Sectors,Million Kilowatthours
NGETPUS,199906,56071.577,3,Electricity Net Generation From Natural Gas, All Sectors,Million Kilowatthours
NGETPUS,199907,72957.639,3,Electricity Net Generation From Natural Gas, All Sectors,Million Kilowatthours
NGETPUS,199908,72105.133,3,Electricity Net Generation From Natural Gas, All Sectors,Million Kilowatthours
NGETPUS,199909,49681.931,3,Electricity Net Generation From Natural Gas, All Sectors,Million Kilowatthours
NGETPUS,199910,43904.53,3,Electricity Net Generation From Natural Gas, All Sectors,Million Kilowatthours
NGETPUS,199911,32654.442,3,Electricity Net Generation From Natural Gas, All Sectors,Million Kilowatthours
NGETPUS,199912,33507.317,3,Electricity Net Generation From Natural Gas, All Sectors,Million Kilowatthours
NGETPUS,199913,556396.127,3,Electricity Net Generation From Natural Gas, All Sectors,Million Kilowatthours
NGETPUS,200001,39166.593,3,Electricity Net Generation From Natural Gas, All Sectors,Million Kilowatthours
NGETPUS,200002,35256.903,3,Electricity Net Generation From Natural Gas, All Sectors,Million Kilowatthours
NGETPUS,200003,42587.995,3,Electricity Net Generation From Natural Gas, All Sectors,Million Kilowatthours
NGETPUS,200004,43788.542,3,Electricity Net Generation From Natural Gas, All Sectors,Million Kilowatthours
NGETPUS,200005,59054.183,3,Electricity Net Generation From Natural Gas, All Sectors,Million Kilowatthours
NGETPUS,200006,59138.323,3,Electricity Net Generation From Natural Gas, All Sectors,Million Kilowatthours
NGETPUS,200007,69938.168,3,Electricity Net Generation From Natural Gas, All Sectors,Million Kilowatthours
NGETPUS,200008,76542.345,3,Electricity Net Generation From Natural Gas, All Sectors,Million Kilowatthours
NGETPUS,200009,55688.29,3,Electricity Net Generation From Natural Gas, All Sectors,Million Kilowatthours
NGETPUS,200010,43498.595,3,Electricity Net Generation From Natural Gas, All Sectors,Million Kilowatthours
NGETPUS,200011,37362.342,3,Electricity Net Generation From Natural Gas, All Sectors,Million Kilowatthours
NGETPUS,200012,39015.88,3,Electricity Net Generation From Natural Gas, All Sectors,Million Kilowatthours
NGETPUS,200013,601038.159,3,Electricity Net Generation From Natural Gas, All Sectors,Million Kilowatthours
NGETPUS,200101,42388.663,3,Electricity Net Generation From Natural Gas, All Sectors,Million Kilowatthours
NGETPUS,200102,37966.927,3,Electricity Net Generation From Natural Gas, All Sectors,Million Kilowatthours
NGETPUS,200103,44364.414,3,Electricity Net Generation From Natural Gas, All Sectors,Million Kilowatthours
NGETPUS,200104,45842.746,3,Electricity Net Generation From Natural Gas, All Sectors,Million Kilowatthours
NGETPUS,200105,50934.205,3,Electricity Net Generation From Natural Gas, All Sectors,Million Kilowatthours
NGETPUS,200106,57603.154,3,Electricity Net Generation From Natural Gas, All Sectors,Million Kilowatthours
NGETPUS,200107,73030.142,3,Electricity Net Generation From Natural Gas, All Sectors,Million Kilowatthours
NGETPUS,200108,78409.804,3,Electricity Net Generation From Natural Gas, All Sectors,Million Kilowatthours
NGETPUS,200109,60181.14,3,Electricity Net Generation From Natural Gas, All Sectors,Million Kilowatthours
NGETPUS,200110,56376.441,3,Electricity Net Generation From Natural Gas, All Sectors,Million Kilowatthours
NGETPUS,200111,44490.622,3,Electricity Net Generation From Natural Gas, All Sectors,Million Kilowatthours
NGETPUS,200112,47540.861,3,Electricity Net Generation From Natural Gas, All Sectors,Million Kilowatthours
NGETPUS,200113,639129.119,3,Electricity Net Generation From Natural Gas, All Sectors,Million Kilowatthours
NGETPUS,200201,48412.832,3,Electricity Net Generation From Natural Gas, All Sectors,Million Kilowatthours
NGETPUS,200202,44308.43,3,Electricity Net Generation From Natural Gas, All Sectors,Million Kilowatthours
NGETPUS,200203,51214.463,3,Electricity Net Generation From Natural Gas, All Sectors,Million Kilowatthours
NGETPUS,200204,49146.409,3,Electricity Net Generation From Natural Gas, All Sectors,Million Kilowatthours
NGETPUS,200205,50275.238,3,Electricity Net Generation From Natural Gas, All Sectors,Million Kilowatthours
NGETPUS,200206,65631.018,3,Electricity Net Generation From Natural Gas, All Sectors,Million Kilowatthours
NGETPUS,200207,83917.269,3,Electricity Net Generation From Natural Gas, All Sectors,Million Kilowatthours
NGETPUS,200208,84476.868,3,Electricity Net Generation From Natural Gas, All Sectors,Million Kilowatthours
NGETPUS,200209,68161.131,3,Electricity Net Generation From Natural Gas, All Sectors,Million Kilowatthours
NGETPUS,200210,54200.82,3,Electricity Net Generation From Natural Gas, All Sectors,Million Kilowatthours
NGETPUS,200211,45160.874,3,Electricity Net Generation From Natural Gas, All Sectors,Million Kilowatthours
NGETPUS,200212,46100.392,3,Electricity Net Generation From Natural Gas, All Sectors,Million Kilowatthours
NGETPUS,200213,691005.744,3,Electricity Net Generation From Natural Gas, All Sectors,Million Kilowatthours
NGETPUS,200301,50175.746,3,Electricity Net Generation From Natural Gas, All Sectors,Million Kilowatthours
NGETPUS,200302,43546.573,3,Electricity Net Generation From Natural Gas, All Sectors,Million Kilowatthours
NGETPUS,200303,46699.026,3,Electricity Net Generation From Natural Gas, All Sectors,Million Kilowatthours
NGETPUS,200304,45195.384,3,Electricity Net Generation From Natural Gas, All Sectors,Million Kilowatthours
NGETPUS,200305,49372.964,3,Electricity Net Generation From Natural Gas, All Sectors,Million Kilowatthours
NGETPUS,200306,54452.95,3,Electricity Net Generation From Natural Gas, All Sectors,Million Kilowatthours
NGETPUS,200307,76938.278,3,Electricity Net Generation From Natural Gas, All Sectors,Million Kilowatthours
NGETPUS,200308,83249.693,3,Electricity Net Generation From Natural Gas, All Sectors,Million Kilowatthours
NGETPUS,200309,59089.941,3,Electricity Net Generation From Natural Gas, All Sectors,Million Kilowatthours
NGETPUS,200310,51824.169,3,Electricity Net Generation From Natural Gas, All Sectors,Million Kilowatthours
NGETPUS,200311,45327.918,3,Electricity Net Generation From Natural Gas, All Sectors,Million Kilowatthours
NGETPUS,200312,44034.897,3,Electricity Net Generation From Natural Gas, All Sectors,Million Kilowatthours
NGETPUS,200313,649907.539,3,Electricity Net Generation From Natural Gas, All Sectors,Million Kilowatthours
NGETPUS,200401,48253.372,3,Electricity Net Generation From Natural Gas, All Sectors,Million Kilowatthours
NGETPUS,200402,50319.875,3,Electricity Net Generation From Natural Gas, All Sectors,Million Kilowatthours
NGETPUS,200403,49801.187,3,Electricity Net Generation From Natural Gas, All Sectors,Million Kilowatthours
NGETPUS,200404,51821.988,3,Electricity Net Generation From Natural Gas, All Sectors,Million Kilowatthours
NGETPUS,200405,62021.808,3,Electricity Net Generation From Natural Gas, All Sectors,Million Kilowatthours
NGETPUS,200406,64685.669,3,Electricity Net Generation From Natural Gas, All Sectors,Million Kilowatthours
NGETPUS,200407,79290.022,3,Electricity Net Generation From Natural Gas, All Sectors,Million Kilowatthours
NGETPUS,200408,77820.688,3,Electricity Net Generation From Natural Gas, All Sectors,Million Kilowatthours
NGETPUS,200409,67853.993,3,Electricity Net Generation From Natural Gas, All Sectors,Million Kilowatthours
NGETPUS,200410,57228.814,3,Electricity Net Generation From Natural Gas, All Sectors,Million Kilowatthours
NGETPUS,200411,49693.034,3,Electricity Net Generation From Natural Gas, All Sectors,Million Kilowatthours
NGETPUS,200412,51309.565,3,Electricity Net Generation From Natural Gas, All Sectors,Million Kilowatthours
NGETPUS,200413,710100.017,3,Electricity Net Generation From Natural Gas, All Sectors,Million Kilowatthours
NGETPUS,200501,51337.627,3,Electricity Net Generation From Natural Gas, All Sectors,Million Kilowatthours
NGETPUS,200502,44912.617,3,Electricity Net Generation From Natural Gas, All Sectors,Million Kilowatthours
NGETPUS,200503,51896.973,3,Electricity Net Generation From Natural Gas, All Sectors,Million Kilowatthours
NGETPUS,200504,52016.286,3,Electricity Net Generation From Natural Gas, All Sectors,Million Kilowatthours
NGETPUS,200505,54826.004,3,Electricity Net Generation From Natural Gas, All Sectors,Million Kilowatthours
NGETPUS,200506,75635.493,3,Electricity Net Generation From Natural Gas, All Sectors,Million Kilowatthours
NGETPUS,200507,96819.41,3,Electricity Net Generation From Natural Gas, All Sectors,Million Kilowatthours
NGETPUS,200508,100786.654,3,Electricity Net Generation From Natural Gas, All Sectors,Million Kilowatthours
NGETPUS,200509,73355.483,3,Electricity Net Generation From Natural Gas, All Sectors,Million Kilowatthours
NGETPUS,200510,55940.881,3,Electricity Net Generation From Natural Gas, All Sectors,Million Kilowatthours
NGETPUS,200511,49440.226,3,Electricity Net Generation From Natural Gas, All Sectors,Million Kilowatthours
NGETPUS,200512,53992.601,3,Electricity Net Generation From Natural Gas, All Sectors,Million Kilowatthours
NGETPUS,200513,760960.254,3,Electricity Net Generation From Natural Gas, All Sectors,Million Kilowatthours
NGETPUS,200601,43806.921,3,Electricity Net Generation From Natural Gas, All Sectors,Million Kilowatthours
NGETPUS,200602,47408.989,3,Electricity Net Generation From Natural Gas, All Sectors,Million Kilowatthours
NGETPUS,200603,54921.742,3,Electricity Net Generation From Natural Gas, All Sectors,Million Kilowatthours
NGETPUS,200604,56090.856,3,Electricity Net Generation From Natural Gas, All Sectors,Million Kilowatthours
NGETPUS,200605,65585.605,3,Electricity Net Generation From Natural Gas, All Sectors,Million Kilowatthours
NGETPUS,200606,81060.21,3,Electricity Net Generation From Natural Gas, All Sectors,Million Kilowatthours
NGETPUS,200607,108093.514,3,Electricity Net Generation From Natural Gas, All Sectors,Million Kilowatthours
NGETPUS,200608,106591.666,3,Electricity Net Generation From Natural Gas, All Sectors,Million Kilowatthours
NGETPUS,200609,72673.348,3,Electricity Net Generation From Natural Gas, All Sectors,Million Kilowatthours
NGETPUS,200610,70640.039,3,Electricity Net Generation From Natural Gas, All Sectors,Million Kilowatthours
NGETPUS,200611,53439.693,3,Electricity Net Generation From Natural Gas, All Sectors,Million Kilowatthours
NGETPUS,200612,56128.186,3,Electricity Net Generation From Natural Gas, All Sectors,Million Kilowatthours
NGETPUS,200613,816440.77,3,Electricity Net Generation From Natural Gas, All Sectors,Million Kilowatthours
NGETPUS,200701,61474.532,3,Electricity Net Generation From Natural Gas, All Sectors,Million Kilowatthours
NGETPUS,200702,57622.071,3,Electricity Net Generation From Natural Gas, All Sectors,Million Kilowatthours
NGETPUS,200703,56203.821,3,Electricity Net Generation From Natural Gas, All Sectors,Million Kilowatthours
NGETPUS,200704,60152.848,3,Electricity Net Generation From Natural Gas, All Sectors,Million Kilowatthours
NGETPUS,200705,66469.701,3,Electricity Net Generation From Natural Gas, All Sectors,Million Kilowatthours
NGETPUS,200706,81511.451,3,Electricity Net Generation From Natural Gas, All Sectors,Million Kilowatthours
NGETPUS,200707,97482.676,3,Electricity Net Generation From Natural Gas, All Sectors,Million Kilowatthours
NGETPUS,200708,121338.427,3,Electricity Net Generation From Natural Gas, All Sectors,Million Kilowatthours
NGETPUS,200709,88531.615,3,Electricity Net Generation From Natural Gas, All Sectors,Million Kilowatthours
NGETPUS,200710,78358.024,3,Electricity Net Generation From Natural Gas, All Sectors,Million Kilowatthours
NGETPUS,200711,60636.799,3,Electricity Net Generation From Natural Gas, All Sectors,Million Kilowatthours
NGETPUS,200712,66807.828,3,Electricity Net Generation From Natural Gas, All Sectors,Million Kilowatthours
NGETPUS,200713,896589.791,3,Electricity Net Generation From Natural Gas, All Sectors,Million Kilowatthours
NGETPUS,200801,72599.901,3,Electricity Net Generation From Natural Gas, All Sectors,Million Kilowatthours
NGETPUS,200802,60042.012,3,Electricity Net Generation From Natural Gas, All Sectors,Million Kilowatthours
NGETPUS,200803,62170.58,3,Electricity Net Generation From Natural Gas, All Sectors,Million Kilowatthours
NGETPUS,200804,63046.098,3,Electricity Net Generation From Natural Gas, All Sectors,Million Kilowatthours
NGETPUS,200805,62270.447,3,Electricity Net Generation From Natural Gas, All Sectors,Million Kilowatthours
NGETPUS,200806,84619.977,3,Electricity Net Generation From Natural Gas, All Sectors,Million Kilowatthours
NGETPUS,200807,100320.878,3,Electricity Net Generation From Natural Gas, All Sectors,Million Kilowatthours
NGETPUS,200808,99673.493,3,Electricity Net Generation From Natural Gas, All Sectors,Million Kilowatthours
NGETPUS,200809,79136.03,3,Electricity Net Generation From Natural Gas, All Sectors,Million Kilowatthours
NGETPUS,200810,73283.339,3,Electricity Net Generation From Natural Gas, All Sectors,Million Kilowatthours
NGETPUS,200811,61454.199,3,Electricity Net Generation From Natural Gas, All Sectors,Million Kilowatthours
NGETPUS,200812,64363.646,3,Electricity Net Generation From Natural Gas, All Sectors,Million Kilowatthours
NGETPUS,200813,882980.599,3,Electricity Net Generation From Natural Gas, All Sectors,Million Kilowatthours
NGETPUS,200901,66390.113,3,Electricity Net Generation From Natural Gas, All Sectors,Million Kilowatthours
NGETPUS,200902,62138.853,3,Electricity Net Generation From Natural Gas, All Sectors,Million Kilowatthours
NGETPUS,200903,68202.743,3,Electricity Net Generation From Natural Gas, All Sectors,Million Kilowatthours
NGETPUS,200904,61158.674,3,Electricity Net Generation From Natural Gas, All Sectors,Million Kilowatthours
NGETPUS,200905,68145.647,3,Electricity Net Generation From Natural Gas, All Sectors,Million Kilowatthours
NGETPUS,200906,84205.182,3,Electricity Net Generation From Natural Gas, All Sectors,Million Kilowatthours
NGETPUS,200907,101893.833,3,Electricity Net Generation From Natural Gas, All Sectors,Million Kilowatthours
NGETPUS,200908,109239.554,3,Electricity Net Generation From Natural Gas, All Sectors,Million Kilowatthours
NGETPUS,200909,92126.618,3,Electricity Net Generation From Natural Gas, All Sectors,Million Kilowatthours
NGETPUS,200910,72602.726,3,Electricity Net Generation From Natural Gas, All Sectors,Million Kilowatthours
NGETPUS,200911,63285.132,3,Electricity Net Generation From Natural Gas, All Sectors,Million Kilowatthours
NGETPUS,200912,71589.607,3,Electricity Net Generation From Natural Gas, All Sectors,Million Kilowatthours
NGETPUS,200913,920978.681,3,Electricity Net Generation From Natural Gas, All Sectors,Million Kilowatthours
NGETPUS,201001,74172.736,3,Electricity Net Generation From Natural Gas, All Sectors,Million Kilowatthours
NGETPUS,201002,66198.08,3,Electricity Net Generation From Natural Gas, All Sectors,Million Kilowatthours
NGETPUS,201003,63430.66,3,Electricity Net Generation From Natural Gas, All Sectors,Million Kilowatthours
NGETPUS,201004,64644.025,3,Electricity Net Generation From Natural Gas, All Sectors,Million Kilowatthours
NGETPUS,201005,73665.438,3,Electricity Net Generation From Natural Gas, All Sectors,Million Kilowatthours
NGETPUS,201006,92268.431,3,Electricity Net Generation From Natural Gas, All Sectors,Million Kilowatthours
NGETPUS,201007,114624.202,3,Electricity Net Generation From Natural Gas, All Sectors,Million Kilowatthours
NGETPUS,201008,121151.269,3,Electricity Net Generation From Natural Gas, All Sectors,Million Kilowatthours
NGETPUS,201009,93004.177,3,Electricity Net Generation From Natural Gas, All Sectors,Million Kilowatthours
NGETPUS,201010,77738.337,3,Electricity Net Generation From Natural Gas, All Sectors,Million Kilowatthours
NGETPUS,201011,69226.56,3,Electricity Net Generation From Natural Gas, All Sectors,Million Kilowatthours
NGETPUS,201012,77573.32,3,Electricity Net Generation From Natural Gas, All Sectors,Million Kilowatthours
NGETPUS,201013,987697.234,3,Electricity Net Generation From Natural Gas, All Sectors,Million Kilowatthours
NGETPUS,201101,74254.334,3,Electricity Net Generation From Natural Gas, All Sectors,Million Kilowatthours
NGETPUS,201102,65923.983,3,Electricity Net Generation From Natural Gas, All Sectors,Million Kilowatthours
NGETPUS,201103,65947.12,3,Electricity Net Generation From Natural Gas, All Sectors,Million Kilowatthours
NGETPUS,201104,70028.999,3,Electricity Net Generation From Natural Gas, All Sectors,Million Kilowatthours
NGETPUS,201105,75242.797,3,Electricity Net Generation From Natural Gas, All Sectors,Million Kilowatthours
NGETPUS,201106,90691.112,3,Electricity Net Generation From Natural Gas, All Sectors,Million Kilowatthours
NGETPUS,201107,119623.591,3,Electricity Net Generation From Natural Gas, All Sectors,Million Kilowatthours
NGETPUS,201108,119855.793,3,Electricity Net Generation From Natural Gas, All Sectors,Million Kilowatthours
NGETPUS,201109,91739.07,3,Electricity Net Generation From Natural Gas, All Sectors,Million Kilowatthours
NGETPUS,201110,78819.207,3,Electricity Net Generation From Natural Gas, All Sectors,Million Kilowatthours
NGETPUS,201111,75441.298,3,Electricity Net Generation From Natural Gas, All Sectors,Million Kilowatthours
NGETPUS,201112,86121.626,3,Electricity Net Generation From Natural Gas, All Sectors,Million Kilowatthours
NGETPUS,201113,1013688.929,3,Electricity Net Generation From Natural Gas, All Sectors,Million Kilowatthours
NGETPUS,201201,90760.884,3,Electricity Net Generation From Natural Gas, All Sectors,Million Kilowatthours
NGETPUS,201202,90609.782,3,Electricity Net Generation From Natural Gas, All Sectors,Million Kilowatthours
NGETPUS,201203,92250.653,3,Electricity Net Generation From Natural Gas, All Sectors,Million Kilowatthours
NGETPUS,201204,94828.596,3,Electricity Net Generation From Natural Gas, All Sectors,Million Kilowatthours
NGETPUS,201205,107351.812,3,Electricity Net Generation From Natural Gas, All Sectors,Million Kilowatthours
NGETPUS,201206,115597.503,3,Electricity Net Generation From Natural Gas, All Sectors,Million Kilowatthours
NGETPUS,201207,138862.85,3,Electricity Net Generation From Natural Gas, All Sectors,Million Kilowatthours
NGETPUS,201208,131735.864,3,Electricity Net Generation From Natural Gas, All Sectors,Million Kilowatthours
NGETPUS,201209,108012.301,3,Electricity Net Generation From Natural Gas, All Sectors,Million Kilowatthours
NGETPUS,201210,91725.371,3,Electricity Net Generation From Natural Gas, All Sectors,Million Kilowatthours
NGETPUS,201211,80169.461,3,Electricity Net Generation From Natural Gas, All Sectors,Million Kilowatthours
NGETPUS,201212,83989.097,3,Electricity Net Generation From Natural Gas, All Sectors,Million Kilowatthours
NGETPUS,201213,1225894.175,3,Electricity Net Generation From Natural Gas, All Sectors,Million Kilowatthours
NGETPUS,201301,88559.05,3,Electricity Net Generation From Natural Gas, All Sectors,Million Kilowatthours
NGETPUS,201302,80283.074,3,Electricity Net Generation From Natural Gas, All Sectors,Million Kilowatthours
NGETPUS,201303,84725.259,3,Electricity Net Generation From Natural Gas, All Sectors,Million Kilowatthours
NGETPUS,201304,78036.432,3,Electricity Net Generation From Natural Gas, All Sectors,Million Kilowatthours
NGETPUS,201305,83815.592,3,Electricity Net Generation From Natural Gas, All Sectors,Million Kilowatthours
NGETPUS,201306,99615.064,3,Electricity Net Generation From Natural Gas, All Sectors,Million Kilowatthours
NGETPUS,201307,120770.981,3,Electricity Net Generation From Natural Gas, All Sectors,Million Kilowatthours
NGETPUS,201308,121156.397,3,Electricity Net Generation From Natural Gas, All Sectors,Million Kilowatthours
NGETPUS,201309,102063.233,3,Electricity Net Generation From Natural Gas, All Sectors,Million Kilowatthours
NGETPUS,201310,88587.402,3,Electricity Net Generation From Natural Gas, All Sectors,Million Kilowatthours
NGETPUS,201311,84286.785,3,Electricity Net Generation From Natural Gas, All Sectors,Million Kilowatthours
NGETPUS,201312,92936.291,3,Electricity Net Generation From Natural Gas, All Sectors,Million Kilowatthours
NGETPUS,201313,1124835.56,3,Electricity Net Generation From Natural Gas, All Sectors,Million Kilowatthours
NGETPUS,201401,91062.482,3,Electricity Net Generation From Natural Gas, All Sectors,Million Kilowatthours
NGETPUS,201402,75945.21,3,Electricity Net Generation From Natural Gas, All Sectors,Million Kilowatthours
NGETPUS,201403,78154.341,3,Electricity Net Generation From Natural Gas, All Sectors,Million Kilowatthours
NGETPUS,201404,76784.849,3,Electricity Net Generation From Natural Gas, All Sectors,Million Kilowatthours
NGETPUS,201405,89120.783,3,Electricity Net Generation From Natural Gas, All Sectors,Million Kilowatthours
NGETPUS,201406,98469.556,3,Electricity Net Generation From Natural Gas, All Sectors,Million Kilowatthours
NGETPUS,201407,115083.446,3,Electricity Net Generation From Natural Gas, All Sectors,Million Kilowatthours
NGETPUS,201408,122350.005,3,Electricity Net Generation From Natural Gas, All Sectors,Million Kilowatthours
NGETPUS,201409,106583.68,3,Electricity Net Generation From Natural Gas, All Sectors,Million Kilowatthours
NGETPUS,201410,97684.697,3,Electricity Net Generation From Natural Gas, All Sectors,Million Kilowatthours
NGETPUS,201411,84355.857,3,Electricity Net Generation From Natural Gas, All Sectors,Million Kilowatthours
NGETPUS,201412,91040.21,3,Electricity Net Generation From Natural Gas, All Sectors,Million Kilowatthours
NGETPUS,201413,1126635.116,3,Electricity Net Generation From Natural Gas, All Sectors,Million Kilowatthours
NGETPUS,201501,101690.973,3,Electricity Net Generation From Natural Gas, All Sectors,Million Kilowatthours
NGETPUS,201502,91440.169,3,Electricity Net Generation From Natural Gas, All Sectors,Million Kilowatthours
NGETPUS,201503,99550.145,3,Electricity Net Generation From Natural Gas, All Sectors,Million Kilowatthours
NGETPUS,201504,92855.546,3,Electricity Net Generation From Natural Gas, All Sectors,Million Kilowatthours
NGETPUS,201505,101624.698,3,Electricity Net Generation From Natural Gas, All Sectors,Million Kilowatthours
NGETPUS,201506,121567.811,3,Electricity Net Generation From Natural Gas, All Sectors,Million Kilowatthours
NGETPUS,201507,141241.246,3,Electricity Net Generation From Natural Gas, All Sectors,Million Kilowatthours
NGETPUS,201508,139215.885,3,Electricity Net Generation From Natural Gas, All Sectors,Million Kilowatthours
NGETPUS,201509,123110.831,3,Electricity Net Generation From Natural Gas, All Sectors,Million Kilowatthours
NGETPUS,201510,110109.753,3,Electricity Net Generation From Natural Gas, All Sectors,Million Kilowatthours
NGETPUS,201511,102368.842,3,Electricity Net Generation From Natural Gas, All Sectors,Million Kilowatthours
NGETPUS,201512,109892.103,3,Electricity Net Generation From Natural Gas, All Sectors,Million Kilowatthours
NGETPUS,201513,1334668.003,3,Electricity Net Generation From Natural Gas, All Sectors,Million Kilowatthours
NGETPUS,201601,110043.747,3,Electricity Net Generation From Natural Gas, All Sectors,Million Kilowatthours
NGETPUS,201602,98688.199,3,Electricity Net Generation From Natural Gas, All Sectors,Million Kilowatthours
NGETPUS,201603,103933.123,3,Electricity Net Generation From Natural Gas, All Sectors,Million Kilowatthours
NGETPUS,201604,98973.799,3,Electricity Net Generation From Natural Gas, All Sectors,Million Kilowatthours
NGETPUS,201605,110518.533,3,Electricity Net Generation From Natural Gas, All Sectors,Million Kilowatthours
NGETPUS,201606,131522.997,3,Electricity Net Generation From Natural Gas, All Sectors,Million Kilowatthours
NGETPUS,201607,151716.164,3,Electricity Net Generation From Natural Gas, All Sectors,Million Kilowatthours
NGETPUS,201608,154926.025,3,Electricity Net Generation From Natural Gas, All Sectors,Million Kilowatthours
NGETPUS,201609,125683.451,3,Electricity Net Generation From Natural Gas, All Sectors,Million Kilowatthours
NGETPUS,201610,102897.986,3,Electricity Net Generation From Natural Gas, All Sectors,Million Kilowatthours
NGETPUS,201611,93950.833,3,Electricity Net Generation From Natural Gas, All Sectors,Million Kilowatthours
NGETPUS,201612,96416.065,3,Electricity Net Generation From Natural Gas, All Sectors,Million Kilowatthours
NGETPUS,201613,1379270.922,3,Electricity Net Generation From Natural Gas, All Sectors,Million Kilowatthours
NGETPUS,201701,95661.247,3,Electricity Net Generation From Natural Gas, All Sectors,Million Kilowatthours
NGETPUS,201702,82836.975,3,Electricity Net Generation From Natural Gas, All Sectors,Million Kilowatthours
NGETPUS,201703,95214.2,3,Electricity Net Generation From Natural Gas, All Sectors,Million Kilowatthours
NGETPUS,201704,88562.37,3,Electricity Net Generation From Natural Gas, All Sectors,Million Kilowatthours
NGETPUS,201705,98074.116,3,Electricity Net Generation From Natural Gas, All Sectors,Million Kilowatthours
NGETPUS,201706,117351.493,3,Electricity Net Generation From Natural Gas, All Sectors,Million Kilowatthours
NGETPUS,201707,147041.803,3,Electricity Net Generation From Natural Gas, All Sectors,Million Kilowatthours
NGETPUS,201708,141307.828,3,Electricity Net Generation From Natural Gas, All Sectors,Million Kilowatthours
NGETPUS,201709,118131.705,3,Electricity Net Generation From Natural Gas, All Sectors,Million Kilowatthours
NGETPUS,201710,106895.199,3,Electricity Net Generation From Natural Gas, All Sectors,Million Kilowatthours
NGETPUS,201711,95072.307,3,Electricity Net Generation From Natural Gas, All Sectors,Million Kilowatthours
NGETPUS,201712,111553.286,3,Electricity Net Generation From Natural Gas, All Sectors,Million Kilowatthours
NGETPUS,201713,1297702.528,3,Electricity Net Generation From Natural Gas, All Sectors,Million Kilowatthours
NGETPUS,201801,110441.982,3,Electricity Net Generation From Natural Gas, All Sectors,Million Kilowatthours
NGETPUS,201802,98675.286,3,Electricity Net Generation From Natural Gas, All Sectors,Million Kilowatthours
NGETPUS,201803,106742.016,3,Electricity Net Generation From Natural Gas, All Sectors,Million Kilowatthours
NGETPUS,201804,98671.585,3,Electricity Net Generation From Natural Gas, All Sectors,Million Kilowatthours
NGETPUS,201805,115564.638,3,Electricity Net Generation From Natural Gas, All Sectors,Million Kilowatthours
NGETPUS,201806,131085.723,3,Electricity Net Generation From Natural Gas, All Sectors,Million Kilowatthours
NGETPUS,201807,165075.426,3,Electricity Net Generation From Natural Gas, All Sectors,Million Kilowatthours
NGETPUS,201808,162000.634,3,Electricity Net Generation From Natural Gas, All Sectors,Million Kilowatthours
NGETPUS,201809,142085.186,3,Electricity Net Generation From Natural Gas, All Sectors,Million Kilowatthours
NGETPUS,201810,123280.446,3,Electricity Net Generation From Natural Gas, All Sectors,Million Kilowatthours
NGETPUS,201811,108265.012,3,Electricity Net Generation From Natural Gas, All Sectors,Million Kilowatthours
NGETPUS,201812,109955.097,3,Electricity Net Generation From Natural Gas, All Sectors,Million Kilowatthours
NGETPUS,201813,1471843.031,3,Electricity Net Generation From Natural Gas, All Sectors,Million Kilowatthours
NGETPUS,201901,121808.277,3,Electricity Net Generation From Natural Gas, All Sectors,Million Kilowatthours
NGETPUS,201902,112397.159,3,Electricity Net Generation From Natural Gas, All Sectors,Million Kilowatthours
NGETPUS,201903,116059.146,3,Electricity Net Generation From Natural Gas, All Sectors,Million Kilowatthours
NGETPUS,201904,104348.632,3,Electricity Net Generation From Natural Gas, All Sectors,Million Kilowatthours
NGETPUS,201905,117296.649,3,Electricity Net Generation From Natural Gas, All Sectors,Million Kilowatthours
NGETPUS,201906,138087.419,3,Electricity Net Generation From Natural Gas, All Sectors,Million Kilowatthours
NGETPUS,201907,172281.645,3,Electricity Net Generation From Natural Gas, All Sectors,Million Kilowatthours
NGETPUS,201908,175270.248,3,Electricity Net Generation From Natural Gas, All Sectors,Million Kilowatthours
NGETPUS,201909,149938.132,3,Electricity Net Generation From Natural Gas, All Sectors,Million Kilowatthours
NGETPUS,201910,131113.378,3,Electricity Net Generation From Natural Gas, All Sectors,Million Kilowatthours
NGETPUS,201911,117958.726,3,Electricity Net Generation From Natural Gas, All Sectors,Million Kilowatthours
NGETPUS,201912,131973.428,3,Electricity Net Generation From Natural Gas, All Sectors,Million Kilowatthours
NGETPUS,201913,1588532.84,3,Electricity Net Generation From Natural Gas, All Sectors,Million Kilowatthours
NGETPUS,202001,136083.78,3,Electricity Net Generation From Natural Gas, All Sectors,Million Kilowatthours
NGETPUS,202002,128017.928,3,Electricity Net Generation From Natural Gas, All Sectors,Million Kilowatthours
NGETPUS,202003,126186.58,3,Electricity Net Generation From Natural Gas, All Sectors,Million Kilowatthours
NGETPUS,202004,110563.815,3,Electricity Net Generation From Natural Gas, All Sectors,Million Kilowatthours
NGETPUS,202005,117185.646,3,Electricity Net Generation From Natural Gas, All Sectors,Million Kilowatthours
NGETPUS,202006,143055.423,3,Electricity Net Generation From Natural Gas, All Sectors,Million Kilowatthours
NGETPUS,202007,181568.064,3,Electricity Net Generation From Natural Gas, All Sectors,Million Kilowatthours
NGETPUS,202008,173644.417,3,Electricity Net Generation From Natural Gas, All Sectors,Million Kilowatthours
NGETPUS,202009,141397.455,3,Electricity Net Generation From Natural Gas, All Sectors,Million Kilowatthours
NGETPUS,202010,131412.579,3,Electricity Net Generation From Natural Gas, All Sectors,Million Kilowatthours
NGETPUS,202011,109810.78,3,Electricity Net Generation From Natural Gas, All Sectors,Million Kilowatthours
NGETPUS,202012,127863.172,3,Electricity Net Generation From Natural Gas, All Sectors,Million Kilowatthours
NGETPUS,202013,1626789.64,3,Electricity Net Generation From Natural Gas, All Sectors,Million Kilowatthours
NGETPUS,202101,126563.428,3,Electricity Net Generation From Natural Gas, All Sectors,Million Kilowatthours
NGETPUS,202102,111183.547,3,Electricity Net Generation From Natural Gas, All Sectors,Million Kilowatthours
NGETPUS,202103,106998.674,3,Electricity Net Generation From Natural Gas, All Sectors,Million Kilowatthours
NGETPUS,202104,107430.33,3,Electricity Net Generation From Natural Gas, All Sectors,Million Kilowatthours
NGETPUS,202105,114668.748,3,Electricity Net Generation From Natural Gas, All Sectors,Million Kilowatthours
NGETPUS,202106,149390.481,3,Electricity Net Generation From Natural Gas, All Sectors,Million Kilowatthours
NGETPUS,202107,170213.702,3,Electricity Net Generation From Natural Gas, All Sectors,Million Kilowatthours
NGETPUS,202108,172735.436,3,Electricity Net Generation From Natural Gas, All Sectors,Million Kilowatthours
NGETPUS,202109,138181.351,3,Electricity Net Generation From Natural Gas, All Sectors,Million Kilowatthours
NGETPUS,202110,131860.427,3,Electricity Net Generation From Natural Gas, All Sectors,Million Kilowatthours
NGETPUS,202111,122490.949,3,Electricity Net Generation From Natural Gas, All Sectors,Million Kilowatthours
NGETPUS,202112,127643.884,3,Electricity Net Generation From Natural Gas, All Sectors,Million Kilowatthours
NGETPUS,202113,1579360.958,3,Electricity Net Generation From Natural Gas, All Sectors,Million Kilowatthours
NGETPUS,202201,135743.004,3,Electricity Net Generation From Natural Gas, All Sectors,Million Kilowatthours
NGETPUS,202202,115578.353,3,Electricity Net Generation From Natural Gas, All Sectors,Million Kilowatthours
NGETPUS,202203,112018.893,3,Electricity Net Generation From Natural Gas, All Sectors,Million Kilowatthours
NGETPUS,202204,105847.105,3,Electricity Net Generation From Natural Gas, All Sectors,Million Kilowatthours
NGETPUS,202205,127728.504,3,Electricity Net Generation From Natural Gas, All Sectors,Million Kilowatthours
NGETPUS,202206,156307.42,3,Electricity Net Generation From Natural Gas, All Sectors,Million Kilowatthours
NGETPUS,202207,190341.922,3,Electricity Net Generation From Natural Gas, All Sectors,Million Kilowatthours
NGETPUS,202208,189201.031,3,Electricity Net Generation From Natural Gas, All Sectors,Million Kilowatthours
NGETPUS,202209,156558.873,3,Electricity Net Generation From Natural Gas, All Sectors,Million Kilowatthours
NGETPUS,202210,133039.675,3,Electricity Net Generation From Natural Gas, All Sectors,Million Kilowatthours
NGETPUS,202211,127053.853,3,Electricity Net Generation From Natural Gas, All Sectors,Million Kilowatthours
