PAETPUS,194913,28547.232,2,Electricity Net Generation From Petroleum, All Sectors,Million Kilowatthours
PAETPUS,195013,33734.288,2,Electricity Net Generation From Petroleum, All Sectors,Million Kilowatthours
PAETPUS,195113,28712.116,2,Electricity Net Generation From Petroleum, All Sectors,Million Kilowatthours
PAETPUS,195213,29749.761,2,Electricity Net Generation From Petroleum, All Sectors,Million Kilowatthours
PAETPUS,195313,38404.449,2,Electricity Net Generation From Petroleum, All Sectors,Million Kilowatthours
PAETPUS,195413,31520.175,2,Electricity Net Generation From Petroleum, All Sectors,Million Kilowatthours
PAETPUS,195513,37138.308,2,Electricity Net Generation From Petroleum, All Sectors,Million Kilowatthours
PAETPUS,195613,35946.772,2,Electricity Net Generation From Petroleum, All Sectors,Million Kilowatthours
PAETPUS,195713,40499.357,2,Electricity Net Generation From Petroleum, All Sectors,Million Kilowatthours
PAETPUS,195813,40371.54,2,Electricity Net Generation From Petroleum, All Sectors,Million Kilowatthours
PAETPUS,195913,46839.719,2,Electricity Net Generation From Petroleum, All Sectors,Million Kilowatthours
PAETPUS,196013,47986.893,2,Electricity Net Generation From Petroleum, All Sectors,Million Kilowatthours
PAETPUS,196113,48519.376,2,Electricity Net Generation From Petroleum, All Sectors,Million Kilowatthours
PAETPUS,196213,48879.536,2,Electricity Net Generation From Petroleum, All Sectors,Million Kilowatthours
PAETPUS,196313,52001.61,2,Electricity Net Generation From Petroleum, All Sectors,Million Kilowatthours
PAETPUS,196413,56953.712,2,Electricity Net Generation From Petroleum, All Sectors,Million Kilowatthours
PAETPUS,196513,64801.224,2,Electricity Net Generation From Petroleum, All Sectors,Million Kilowatthours
PAETPUS,196613,78926.172,2,Electricity Net Generation From Petroleum, All Sectors,Million Kilowatthours
PAETPUS,196713,89270.724,2,Electricity Net Generation From Petroleum, All Sectors,Million Kilowatthours
PAETPUS,196813,104275.833,2,Electricity Net Generation From Petroleum, All Sectors,Million Kilowatthours
PAETPUS,196913,137847.152,2,Electricity Net Generation From Petroleum, All Sectors,Million Kilowatthours
PAETPUS,197013,184183.402,2,Electricity Net Generation From Petroleum, All Sectors,Million Kilowatthours
PAETPUS,197113,220225.423,2,Electricity Net Generation From Petroleum, All Sectors,Million Kilowatthours
PAETPUS,197213,274295.961,2,Electricity Net Generation From Petroleum, All Sectors,Million Kilowatthours
PAETPUS,197301,31183.619,2,Electricity Net Generation From Petroleum, All Sectors,Million Kilowatthours
PAETPUS,197302,26086.952,2,Electricity Net Generation From Petroleum, All Sectors,Million Kilowatthours
PAETPUS,197303,24033.245,2,Electricity Net Generation From Petroleum, All Sectors,Million Kilowatthours
PAETPUS,197304,20195.424,2,Electricity Net Generation From Petroleum, All Sectors,Million Kilowatthours
PAETPUS,197305,21741.975,2,Electricity Net Generation From Petroleum, All Sectors,Million Kilowatthours
PAETPUS,197306,25999.512,2,Electricity Net Generation From Petroleum, All Sectors,Million Kilowatthours
PAETPUS,197307,28728.259,2,Electricity Net Generation From Petroleum, All Sectors,Million Kilowatthours
PAETPUS,197308,30745.665,2,Electricity Net Generation From Petroleum, All Sectors,Million Kilowatthours
PAETPUS,197309,27109.009,2,Electricity Net Generation From Petroleum, All Sectors,Million Kilowatthours
PAETPUS,197310,27224.244,2,Electricity Net Generation From Petroleum, All Sectors,Million Kilowatthours
PAETPUS,197311,26124.562,2,Electricity Net Generation From Petroleum, All Sectors,Million Kilowatthours
PAETPUS,197312,25170.459,2,Electricity Net Generation From Petroleum, All Sectors,Million Kilowatthours
PAETPUS,197313,314342.926,2,Electricity Net Generation From Petroleum, All Sectors,Million Kilowatthours
PAETPUS,197401,26198.955,2,Electricity Net Generation From Petroleum, All Sectors,Million Kilowatthours
PAETPUS,197402,22564.916,2,Electricity Net Generation From Petroleum, All Sectors,Million Kilowatthours
PAETPUS,197403,22136.383,2,Electricity Net Generation From Petroleum, All Sectors,Million Kilowatthours
PAETPUS,197404,19940.913,2,Electricity Net Generation From Petroleum, All Sectors,Million Kilowatthours
PAETPUS,197405,22682.163,2,Electricity Net Generation From Petroleum, All Sectors,Million Kilowatthours
PAETPUS,197406,23064.936,2,Electricity Net Generation From Petroleum, All Sectors,Million Kilowatthours
PAETPUS,197407,27725.762,2,Electricity Net Generation From Petroleum, All Sectors,Million Kilowatthours
PAETPUS,197408,27201.402,2,Electricity Net Generation From Petroleum, All Sectors,Million Kilowatthours
PAETPUS,197409,25047.795,2,Electricity Net Generation From Petroleum, All Sectors,Million Kilowatthours
PAETPUS,197410,25701.39,2,Electricity Net Generation From Petroleum, All Sectors,Million Kilowatthours
PAETPUS,197411,27758.192,2,Electricity Net Generation From Petroleum, All Sectors,Million Kilowatthours
PAETPUS,197412,30907.732,2,Electricity Net Generation From Petroleum, All Sectors,Million Kilowatthours
PAETPUS,197413,300930.537,2,Electricity Net Generation From Petroleum, All Sectors,Million Kilowatthours
PAETPUS,197501,30632.234,2,Electricity Net Generation From Petroleum, All Sectors,Million Kilowatthours
PAETPUS,197502,24923.842,2,Electricity Net Generation From Petroleum, All Sectors,Million Kilowatthours
PAETPUS,197503,23122.664,2,Electricity Net Generation From Petroleum, All Sectors,Million Kilowatthours
PAETPUS,197504,21257.994,2,Electricity Net Generation From Petroleum, All Sectors,Million Kilowatthours
PAETPUS,197505,21050.282,2,Electricity Net Generation From Petroleum, All Sectors,Million Kilowatthours
PAETPUS,197506,23062.398,2,Electricity Net Generation From Petroleum, All Sectors,Million Kilowatthours
PAETPUS,197507,25132.477,2,Electricity Net Generation From Petroleum, All Sectors,Million Kilowatthours
PAETPUS,197508,27957.786,2,Electricity Net Generation From Petroleum, All Sectors,Million Kilowatthours
PAETPUS,197509,21426.066,2,Electricity Net Generation From Petroleum, All Sectors,Million Kilowatthours
PAETPUS,197510,21994.709,2,Electricity Net Generation From Petroleum, All Sectors,Million Kilowatthours
PAETPUS,197511,21614.561,2,Electricity Net Generation From Petroleum, All Sectors,Million Kilowatthours
PAETPUS,197512,26919.888,2,Electricity Net Generation From Petroleum, All Sectors,Million Kilowatthours
PAETPUS,197513,289094.9,2,Electricity Net Generation From Petroleum, All Sectors,Million Kilowatthours
PAETPUS,197601,32230.754,2,Electricity Net Generation From Petroleum, All Sectors,Million Kilowatthours
PAETPUS,197602,24782.98,2,Electricity Net Generation From Petroleum, All Sectors,Million Kilowatthours
PAETPUS,197603,25436.579,2,Electricity Net Generation From Petroleum, All Sectors,Million Kilowatthours
PAETPUS,197604,23310.448,2,Electricity Net Generation From Petroleum, All Sectors,Million Kilowatthours
PAETPUS,197605,21806.959,2,Electricity Net Generation From Petroleum, All Sectors,Million Kilowatthours
PAETPUS,197606,25116.695,2,Electricity Net Generation From Petroleum, All Sectors,Million Kilowatthours
PAETPUS,197607,27011.425,2,Electricity Net Generation From Petroleum, All Sectors,Million Kilowatthours
PAETPUS,197608,28262.962,2,Electricity Net Generation From Petroleum, All Sectors,Million Kilowatthours
PAETPUS,197609,23621.906,2,Electricity Net Generation From Petroleum, All Sectors,Million Kilowatthours
PAETPUS,197610,24189.65,2,Electricity Net Generation From Petroleum, All Sectors,Million Kilowatthours
PAETPUS,197611,30074.971,2,Electricity Net Generation From Petroleum, All Sectors,Million Kilowatthours
PAETPUS,197612,34142.807,2,Electricity Net Generation From Petroleum, All Sectors,Million Kilowatthours
PAETPUS,197613,319988.136,2,Electricity Net Generation From Petroleum, All Sectors,Million Kilowatthours
PAETPUS,197701,43378.623,2,Electricity Net Generation From Petroleum, All Sectors,Million Kilowatthours
PAETPUS,197702,29446.474,2,Electricity Net Generation From Petroleum, All Sectors,Million Kilowatthours
PAETPUS,197703,28368.708,2,Electricity Net Generation From Petroleum, All Sectors,Million Kilowatthours
PAETPUS,197704,25862.144,2,Electricity Net Generation From Petroleum, All Sectors,Million Kilowatthours
PAETPUS,197705,27963.903,2,Electricity Net Generation From Petroleum, All Sectors,Million Kilowatthours
PAETPUS,197706,28970.658,2,Electricity Net Generation From Petroleum, All Sectors,Million Kilowatthours
PAETPUS,197707,34893.219,2,Electricity Net Generation From Petroleum, All Sectors,Million Kilowatthours
PAETPUS,197708,32326.169,2,Electricity Net Generation From Petroleum, All Sectors,Million Kilowatthours
PAETPUS,197709,26365.748,2,Electricity Net Generation From Petroleum, All Sectors,Million Kilowatthours
PAETPUS,197710,23073.922,2,Electricity Net Generation From Petroleum, All Sectors,Million Kilowatthours
PAETPUS,197711,24862.747,2,Electricity Net Generation From Petroleum, All Sectors,Million Kilowatthours
PAETPUS,197712,32666.506,2,Electricity Net Generation From Petroleum, All Sectors,Million Kilowatthours
PAETPUS,197713,358178.822,2,Electricity Net Generation From Petroleum, All Sectors,Million Kilowatthours
PAETPUS,197801,39264.223,2,Electricity Net Generation From Petroleum, All Sectors,Million Kilowatthours
PAETPUS,197802,38212.55,2,Electricity Net Generation From Petroleum, All Sectors,Million Kilowatthours
PAETPUS,197803,36958.018,2,Electricity Net Generation From Petroleum, All Sectors,Million Kilowatthours
PAETPUS,197804,24978.413,2,Electricity Net Generation From Petroleum, All Sectors,Million Kilowatthours
PAETPUS,197805,24368.349,2,Electricity Net Generation From Petroleum, All Sectors,Million Kilowatthours
PAETPUS,197806,26129.595,2,Electricity Net Generation From Petroleum, All Sectors,Million Kilowatthours
PAETPUS,197807,29117.394,2,Electricity Net Generation From Petroleum, All Sectors,Million Kilowatthours
PAETPUS,197808,32302.004,2,Electricity Net Generation From Petroleum, All Sectors,Million Kilowatthours
PAETPUS,197809,26640.067,2,Electricity Net Generation From Petroleum, All Sectors,Million Kilowatthours
PAETPUS,197810,25753.492,2,Electricity Net Generation From Petroleum, All Sectors,Million Kilowatthours
PAETPUS,197811,27309.782,2,Electricity Net Generation From Petroleum, All Sectors,Million Kilowatthours
PAETPUS,197812,34026.554,2,Electricity Net Generation From Petroleum, All Sectors,Million Kilowatthours
PAETPUS,197813,365060.441,2,Electricity Net Generation From Petroleum, All Sectors,Million Kilowatthours
PAETPUS,197901,39474.311,2,Electricity Net Generation From Petroleum, All Sectors,Million Kilowatthours
PAETPUS,197902,32274.117,2,Electricity Net Generation From Petroleum, All Sectors,Million Kilowatthours
PAETPUS,197903,22075.574,2,Electricity Net Generation From Petroleum, All Sectors,Million Kilowatthours
PAETPUS,197904,20599.379,2,Electricity Net Generation From Petroleum, All Sectors,Million Kilowatthours
PAETPUS,197905,21470.44,2,Electricity Net Generation From Petroleum, All Sectors,Million Kilowatthours
PAETPUS,197906,24367.27,2,Electricity Net Generation From Petroleum, All Sectors,Million Kilowatthours
PAETPUS,197907,25749.925,2,Electricity Net Generation From Petroleum, All Sectors,Million Kilowatthours
PAETPUS,197908,26122.976,2,Electricity Net Generation From Petroleum, All Sectors,Million Kilowatthours
PAETPUS,197909,22509.343,2,Electricity Net Generation From Petroleum, All Sectors,Million Kilowatthours
PAETPUS,197910,20278.861,2,Electricity Net Generation From Petroleum, All Sectors,Million Kilowatthours
PAETPUS,197911,23380.251,2,Electricity Net Generation From Petroleum, All Sectors,Million Kilowatthours
PAETPUS,197912,25222.763,2,Electricity Net Generation From Petroleum, All Sectors,Million Kilowatthours
PAETPUS,197913,303525.209,2,Electricity Net Generation From Petroleum, All Sectors,Million Kilowatthours
PAETPUS,198001,24985.981,2,Electricity Net Generation From Petroleum, All Sectors,Million Kilowatthours
PAETPUS,198002,24780.801,2,Electricity Net Generation From Petroleum, All Sectors,Million Kilowatthours
PAETPUS,198003,20415.059,2,Electricity Net Generation From Petroleum, All Sectors,Million Kilowatthours
PAETPUS,198004,16024.88,2,Electricity Net Generation From Petroleum, All Sectors,Million Kilowatthours
PAETPUS,198005,16545.279,2,Electricity Net Generation From Petroleum, All Sectors,Million Kilowatthours
PAETPUS,198006,18019.504,2,Electricity Net Generation From Petroleum, All Sectors,Million Kilowatthours
PAETPUS,198007,23288.774,2,Electricity Net Generation From Petroleum, All Sectors,Million Kilowatthours
PAETPUS,198008,24884.835,2,Electricity Net Generation From Petroleum, All Sectors,Million Kilowatthours
PAETPUS,198009,17815.305,2,Electricity Net Generation From Petroleum, All Sectors,Million Kilowatthours
PAETPUS,198010,15858.229,2,Electricity Net Generation From Petroleum, All Sectors,Million Kilowatthours
PAETPUS,198011,19989.308,2,Electricity Net Generation From Petroleum, All Sectors,Million Kilowatthours
PAETPUS,198012,23386.234,2,Electricity Net Generation From Petroleum, All Sectors,Million Kilowatthours
PAETPUS,198013,245994.189,2,Electricity Net Generation From Petroleum, All Sectors,Million Kilowatthours
PAETPUS,198101,25963.088,2,Electricity Net Generation From Petroleum, All Sectors,Million Kilowatthours
PAETPUS,198102,17443.999,2,Electricity Net Generation From Petroleum, All Sectors,Million Kilowatthours
PAETPUS,198103,16956.746,2,Electricity Net Generation From Petroleum, All Sectors,Million Kilowatthours
PAETPUS,198104,15106.252,2,Electricity Net Generation From Petroleum, All Sectors,Million Kilowatthours
PAETPUS,198105,14507.881,2,Electricity Net Generation From Petroleum, All Sectors,Million Kilowatthours
PAETPUS,198106,18971.565,2,Electricity Net Generation From Petroleum, All Sectors,Million Kilowatthours
PAETPUS,198107,20071.683,2,Electricity Net Generation From Petroleum, All Sectors,Million Kilowatthours
PAETPUS,198108,16001.049,2,Electricity Net Generation From Petroleum, All Sectors,Million Kilowatthours
PAETPUS,198109,15565.877,2,Electricity Net Generation From Petroleum, All Sectors,Million Kilowatthours
PAETPUS,198110,16213.139,2,Electricity Net Generation From Petroleum, All Sectors,Million Kilowatthours
PAETPUS,198111,13847.211,2,Electricity Net Generation From Petroleum, All Sectors,Million Kilowatthours
PAETPUS,198112,15772.285,2,Electricity Net Generation From Petroleum, All Sectors,Million Kilowatthours
PAETPUS,198113,206420.775,2,Electricity Net Generation From Petroleum, All Sectors,Million Kilowatthours
PAETPUS,198201,20673.949,2,Electricity Net Generation From Petroleum, All Sectors,Million Kilowatthours
PAETPUS,198202,15216.865,2,Electricity Net Generation From Petroleum, All Sectors,Million Kilowatthours
PAETPUS,198203,13494.516,2,Electricity Net Generation From Petroleum, All Sectors,Million Kilowatthours
PAETPUS,198204,11192.216,2,Electricity Net Generation From Petroleum, All Sectors,Million Kilowatthours
PAETPUS,198205,9867.698,2,Electricity Net Generation From Petroleum, All Sectors,Million Kilowatthours
PAETPUS,198206,10419.113,2,Electricity Net Generation From Petroleum, All Sectors,Million Kilowatthours
PAETPUS,198207,13380.25,2,Electricity Net Generation From Petroleum, All Sectors,Million Kilowatthours
PAETPUS,198208,11753.038,2,Electricity Net Generation From Petroleum, All Sectors,Million Kilowatthours
PAETPUS,198209,10363.144,2,Electricity Net Generation From Petroleum, All Sectors,Million Kilowatthours
PAETPUS,198210,9885.352,2,Electricity Net Generation From Petroleum, All Sectors,Million Kilowatthours
PAETPUS,198211,9312.965,2,Electricity Net Generation From Petroleum, All Sectors,Million Kilowatthours
PAETPUS,198212,11238.383,2,Electricity Net Generation From Petroleum, All Sectors,Million Kilowatthours
PAETPUS,198213,146797.49,2,Electricity Net Generation From Petroleum, All Sectors,Million Kilowatthours
PAETPUS,198301,12879.838,2,Electricity Net Generation From Petroleum, All Sectors,Million Kilowatthours
PAETPUS,198302,12585.943,2,Electricity Net Generation From Petroleum, All Sectors,Million Kilowatthours
PAETPUS,198303,12556.444,2,Electricity Net Generation From Petroleum, All Sectors,Million Kilowatthours
PAETPUS,198304,10336.746,2,Electricity Net Generation From Petroleum, All Sectors,Million Kilowatthours
PAETPUS,198305,9050.351,2,Electricity Net Generation From Petroleum, All Sectors,Million Kilowatthours
PAETPUS,198306,11138.627,2,Electricity Net Generation From Petroleum, All Sectors,Million Kilowatthours
PAETPUS,198307,14709.748,2,Electricity Net Generation From Petroleum, All Sectors,Million Kilowatthours
PAETPUS,198308,14730.919,2,Electricity Net Generation From Petroleum, All Sectors,Million Kilowatthours
PAETPUS,198309,11298.792,2,Electricity Net Generation From Petroleum, All Sectors,Million Kilowatthours
PAETPUS,198310,9941.041,2,Electricity Net Generation From Petroleum, All Sectors,Million Kilowatthours
PAETPUS,198311,9229.464,2,Electricity Net Generation From Petroleum, All Sectors,Million Kilowatthours
PAETPUS,198312,16040.679,2,Electricity Net Generation From Petroleum, All Sectors,Million Kilowatthours
PAETPUS,198313,144498.593,2,Electricity Net Generation From Petroleum, All Sectors,Million Kilowatthours
PAETPUS,198401,15938.933,2,Electricity Net Generation From Petroleum, All Sectors,Million Kilowatthours
PAETPUS,198402,10052.549,2,Electricity Net Generation From Petroleum, All Sectors,Million Kilowatthours
PAETPUS,198403,10806.168,2,Electricity Net Generation From Petroleum, All Sectors,Million Kilowatthours
PAETPUS,198404,7449.51,2,Electricity Net Generation From Petroleum, All Sectors,Million Kilowatthours
PAETPUS,198405,8421.629,2,Electricity Net Generation From Petroleum, All Sectors,Million Kilowatthours
PAETPUS,198406,11151.74,2,Electricity Net Generation From Petroleum, All Sectors,Million Kilowatthours
PAETPUS,198407,10396.601,2,Electricity Net Generation From Petroleum, All Sectors,Million Kilowatthours
PAETPUS,198408,12835.775,2,Electricity Net Generation From Petroleum, All Sectors,Million Kilowatthours
PAETPUS,198409,7713.431,2,Electricity Net Generation From Petroleum, All Sectors,Million Kilowatthours
PAETPUS,198410,7874.495,2,Electricity Net Generation From Petroleum, All Sectors,Million Kilowatthours
PAETPUS,198411,9232.298,2,Electricity Net Generation From Petroleum, All Sectors,Million Kilowatthours
PAETPUS,198412,7934.784,2,Electricity Net Generation From Petroleum, All Sectors,Million Kilowatthours
PAETPUS,198413,119807.913,2,Electricity Net Generation From Petroleum, All Sectors,Million Kilowatthours
PAETPUS,198501,12077.118,2,Electricity Net Generation From Petroleum, All Sectors,Million Kilowatthours
PAETPUS,198502,9270.117,2,Electricity Net Generation From Petroleum, All Sectors,Million Kilowatthours
PAETPUS,198503,7120.015,2,Electricity Net Generation From Petroleum, All Sectors,Million Kilowatthours
PAETPUS,198504,6017.18,2,Electricity Net Generation From Petroleum, All Sectors,Million Kilowatthours
PAETPUS,198505,6859.495,2,Electricity Net Generation From Petroleum, All Sectors,Million Kilowatthours
PAETPUS,198506,7576.498,2,Electricity Net Generation From Petroleum, All Sectors,Million Kilowatthours
PAETPUS,198507,8289.434,2,Electricity Net Generation From Petroleum, All Sectors,Million Kilowatthours
PAETPUS,198508,9858.348,2,Electricity Net Generation From Petroleum, All Sectors,Million Kilowatthours
PAETPUS,198509,7434.642,2,Electricity Net Generation From Petroleum, All Sectors,Million Kilowatthours
PAETPUS,198510,7514.42,2,Electricity Net Generation From Petroleum, All Sectors,Million Kilowatthours
PAETPUS,198511,7008.016,2,Electricity Net Generation From Petroleum, All Sectors,Million Kilowatthours
PAETPUS,198512,11176.988,2,Electricity Net Generation From Petroleum, All Sectors,Million Kilowatthours
PAETPUS,198513,100202.273,2,Electricity Net Generation From Petroleum, All Sectors,Million Kilowatthours
PAETPUS,198601,11088.338,2,Electricity Net Generation From Petroleum, All Sectors,Million Kilowatthours
PAETPUS,198602,9529.298,2,Electricity Net Generation From Petroleum, All Sectors,Million Kilowatthours
PAETPUS,198603,10072.925,2,Electricity Net Generation From Petroleum, All Sectors,Million Kilowatthours
PAETPUS,198604,9226.796,2,Electricity Net Generation From Petroleum, All Sectors,Million Kilowatthours
PAETPUS,198605,10435.353,2,Electricity Net Generation From Petroleum, All Sectors,Million Kilowatthours
PAETPUS,198606,11563.482,2,Electricity Net Generation From Petroleum, All Sectors,Million Kilowatthours
PAETPUS,198607,16296.267,2,Electricity Net Generation From Petroleum, All Sectors,Million Kilowatthours
PAETPUS,198608,15465.909,2,Electricity Net Generation From Petroleum, All Sectors,Million Kilowatthours
PAETPUS,198609,10676.506,2,Electricity Net Generation From Petroleum, All Sectors,Million Kilowatthours
PAETPUS,198610,9872.701,2,Electricity Net Generation From Petroleum, All Sectors,Million Kilowatthours
PAETPUS,198611,10463.699,2,Electricity Net Generation From Petroleum, All Sectors,Million Kilowatthours
PAETPUS,198612,11893.594,2,Electricity Net Generation From Petroleum, All Sectors,Million Kilowatthours
PAETPUS,198613,136584.867,2,Electricity Net Generation From Petroleum, All Sectors,Million Kilowatthours
PAETPUS,198701,11926.743,2,Electricity Net Generation From Petroleum, All Sectors,Million Kilowatthours
PAETPUS,198702,10501.85,2,Electricity Net Generation From Petroleum, All Sectors,Million Kilowatthours
PAETPUS,198703,10007.168,2,Electricity Net Generation From Petroleum, All Sectors,Million Kilowatthours
PAETPUS,198704,7911.58,2,Electricity Net Generation From Petroleum, All Sectors,Million Kilowatthours
PAETPUS,198705,8145.79,2,Electricity Net Generation From Petroleum, All Sectors,Million Kilowatthours
PAETPUS,198706,10654.604,2,Electricity Net Generation From Petroleum, All Sectors,Million Kilowatthours
PAETPUS,198707,12547.339,2,Electricity Net Generation From Petroleum, All Sectors,Million Kilowatthours
PAETPUS,198708,11288.95,2,Electricity Net Generation From Petroleum, All Sectors,Million Kilowatthours
PAETPUS,198709,7696.435,2,Electricity Net Generation From Petroleum, All Sectors,Million Kilowatthours
PAETPUS,198710,6819.448,2,Electricity Net Generation From Petroleum, All Sectors,Million Kilowatthours
PAETPUS,198711,9803.399,2,Electricity Net Generation From Petroleum, All Sectors,Million Kilowatthours
PAETPUS,198712,11189.264,2,Electricity Net Generation From Petroleum, All Sectors,Million Kilowatthours
PAETPUS,198713,118492.571,2,Electricity Net Generation From Petroleum, All Sectors,Million Kilowatthours
PAETPUS,198801,16090.408,2,Electricity Net Generation From Petroleum, All Sectors,Million Kilowatthours
PAETPUS,198802,11889.894,2,Electricity Net Generation From Petroleum, All Sectors,Million Kilowatthours
PAETPUS,198803,9768.817,2,Electricity Net Generation From Petroleum, All Sectors,Million Kilowatthours
PAETPUS,198804,7493.961,2,Electricity Net Generation From Petroleum, All Sectors,Million Kilowatthours
PAETPUS,198805,7210.616,2,Electricity Net Generation From Petroleum, All Sectors,Million Kilowatthours
PAETPUS,198806,9754.321,2,Electricity Net Generation From Petroleum, All Sectors,Million Kilowatthours
PAETPUS,198807,14059.314,2,Electricity Net Generation From Petroleum, All Sectors,Million Kilowatthours
PAETPUS,198808,16068.103,2,Electricity Net Generation From Petroleum, All Sectors,Million Kilowatthours
PAETPUS,198809,10013.751,2,Electricity Net Generation From Petroleum, All Sectors,Million Kilowatthours
PAETPUS,198810,13235.78,2,Electricity Net Generation From Petroleum, All Sectors,Million Kilowatthours
PAETPUS,198811,14962.382,2,Electricity Net Generation From Petroleum, All Sectors,Million Kilowatthours
PAETPUS,198812,18352.213,2,Electricity Net Generation From Petroleum, All Sectors,Million Kilowatthours
PAETPUS,198813,148899.561,2,Electricity Net Generation From Petroleum, All Sectors,Million Kilowatthours
PAETPUS,198901,15917.492,2,Electricity Net Generation From Petroleum, All Sectors,Million Kilowatthours
PAETPUS,198902,18425.42,2,Electricity Net Generation From Petroleum, All Sectors,Million Kilowatthours
PAETPUS,198903,17303.41,2,Electricity Net Generation From Petroleum, All Sectors,Million Kilowatthours
PAETPUS,198904,12002.597,2,Electricity Net Generation From Petroleum, All Sectors,Million Kilowatthours
PAETPUS,198905,10318.485,2,Electricity Net Generation From Petroleum, All Sectors,Million Kilowatthours
PAETPUS,198906,13070.959,2,Electricity Net Generation From Petroleum, All Sectors,Million Kilowatthours
PAETPUS,198907,12541.597,2,Electricity Net Generation From Petroleum, All Sectors,Million Kilowatthours
PAETPUS,198908,11402.341,2,Electricity Net Generation From Petroleum, All Sectors,Million Kilowatthours
PAETPUS,198909,10456.294,2,Electricity Net Generation From Petroleum, All Sectors,Million Kilowatthours
PAETPUS,198910,8578.188,2,Electricity Net Generation From Petroleum, All Sectors,Million Kilowatthours
PAETPUS,198911,11775.629,2,Electricity Net Generation From Petroleum, All Sectors,Million Kilowatthours
PAETPUS,198912,22566.107,2,Electricity Net Generation From Petroleum, All Sectors,Million Kilowatthours
PAETPUS,198913,164358.52,2,Electricity Net Generation From Petroleum, All Sectors,Million Kilowatthours
PAETPUS,199001,12444.435,2,Electricity Net Generation From Petroleum, All Sectors,Million Kilowatthours
PAETPUS,199002,10142.519,2,Electricity Net Generation From Petroleum, All Sectors,Million Kilowatthours
PAETPUS,199003,10993.355,2,Electricity Net Generation From Petroleum, All Sectors,Million Kilowatthours
PAETPUS,199004,10959.571,2,Electricity Net Generation From Petroleum, All Sectors,Million Kilowatthours
PAETPUS,199005,10203.457,2,Electricity Net Generation From Petroleum, All Sectors,Million Kilowatthours
PAETPUS,199006,14425.485,2,Electricity Net Generation From Petroleum, All Sectors,Million Kilowatthours
PAETPUS,199007,13858.941,2,Electricity Net Generation From Petroleum, All Sectors,Million Kilowatthours
PAETPUS,199008,11765.456,2,Electricity Net Generation From Petroleum, All Sectors,Million Kilowatthours
PAETPUS,199009,8625.201,2,Electricity Net Generation From Petroleum, All Sectors,Million Kilowatthours
PAETPUS,199010,7779.071,2,Electricity Net Generation From Petroleum, All Sectors,Million Kilowatthours
PAETPUS,199011,6723.359,2,Electricity Net Generation From Petroleum, All Sectors,Million Kilowatthours
PAETPUS,199012,8539.352,2,Electricity Net Generation From Petroleum, All Sectors,Million Kilowatthours
PAETPUS,199013,126460.202,2,Electricity Net Generation From Petroleum, All Sectors,Million Kilowatthours
PAETPUS,199101,9907.372,2,Electricity Net Generation From Petroleum, All Sectors,Million Kilowatthours
PAETPUS,199102,9334.698,2,Electricity Net Generation From Petroleum, All Sectors,Million Kilowatthours
PAETPUS,199103,9437.79,2,Electricity Net Generation From Petroleum, All Sectors,Million Kilowatthours
PAETPUS,199104,8577.748,2,Electricity Net Generation From Petroleum, All Sectors,Million Kilowatthours
PAETPUS,199105,11812.557,2,Electricity Net Generation From Petroleum, All Sectors,Million Kilowatthours
PAETPUS,199106,11988.419,2,Electricity Net Generation From Petroleum, All Sectors,Million Kilowatthours
PAETPUS,199107,11828.884,2,Electricity Net Generation From Petroleum, All Sectors,Million Kilowatthours
PAETPUS,199108,12747.915,2,Electricity Net Generation From Petroleum, All Sectors,Million Kilowatthours
PAETPUS,199109,9289.404,2,Electricity Net Generation From Petroleum, All Sectors,Million Kilowatthours
PAETPUS,199110,6965.612,2,Electricity Net Generation From Petroleum, All Sectors,Million Kilowatthours
PAETPUS,199111,8362.472,2,Electricity Net Generation From Petroleum, All Sectors,Million Kilowatthours
PAETPUS,199112,9498.702,2,Electricity Net Generation From Petroleum, All Sectors,Million Kilowatthours
PAETPUS,199113,119751.573,2,Electricity Net Generation From Petroleum, All Sectors,Million Kilowatthours
PAETPUS,199201,11491.656,2,Electricity Net Generation From Petroleum, All Sectors,Million Kilowatthours
PAETPUS,199202,9344.916,2,Electricity Net Generation From Petroleum, All Sectors,Million Kilowatthours
PAETPUS,199203,9921.979,2,Electricity Net Generation From Petroleum, All Sectors,Million Kilowatthours
PAETPUS,199204,7327.436,2,Electricity Net Generation From Petroleum, All Sectors,Million Kilowatthours
PAETPUS,199205,5807.547,2,Electricity Net Generation From Petroleum, All Sectors,Million Kilowatthours
PAETPUS,199206,8456.517,2,Electricity Net Generation From Petroleum, All Sectors,Million Kilowatthours
PAETPUS,199207,9619.636,2,Electricity Net Generation From Petroleum, All Sectors,Million Kilowatthours
PAETPUS,199208,7797.422,2,Electricity Net Generation From Petroleum, All Sectors,Million Kilowatthours
PAETPUS,199209,7705.225,2,Electricity Net Generation From Petroleum, All Sectors,Million Kilowatthours
PAETPUS,199210,7781.598,2,Electricity Net Generation From Petroleum, All Sectors,Million Kilowatthours
PAETPUS,199211,7702.582,2,Electricity Net Generation From Petroleum, All Sectors,Million Kilowatthours
PAETPUS,199212,7197.649,2,Electricity Net Generation From Petroleum, All Sectors,Million Kilowatthours
PAETPUS,199213,100154.163,2,Electricity Net Generation From Petroleum, All Sectors,Million Kilowatthours
PAETPUS,199301,8202.59,2,Electricity Net Generation From Petroleum, All Sectors,Million Kilowatthours
PAETPUS,199302,7862.839,2,Electricity Net Generation From Petroleum, All Sectors,Million Kilowatthours
PAETPUS,199303,9709.406,2,Electricity Net Generation From Petroleum, All Sectors,Million Kilowatthours
PAETPUS,199304,5897.49,2,Electricity Net Generation From Petroleum, All Sectors,Million Kilowatthours
PAETPUS,199305,5968.087,2,Electricity Net Generation From Petroleum, All Sectors,Million Kilowatthours
PAETPUS,199306,8847.959,2,Electricity Net Generation From Petroleum, All Sectors,Million Kilowatthours
PAETPUS,199307,12850.284,2,Electricity Net Generation From Petroleum, All Sectors,Million Kilowatthours
PAETPUS,199308,13569.364,2,Electricity Net Generation From Petroleum, All Sectors,Million Kilowatthours
PAETPUS,199309,11058.123,2,Electricity Net Generation From Petroleum, All Sectors,Million Kilowatthours
PAETPUS,199310,8678.093,2,Electricity Net Generation From Petroleum, All Sectors,Million Kilowatthours
PAETPUS,199311,8474.455,2,Electricity Net Generation From Petroleum, All Sectors,Million Kilowatthours
PAETPUS,199312,11669.489,2,Electricity Net Generation From Petroleum, All Sectors,Million Kilowatthours
PAETPUS,199313,112788.18,2,Electricity Net Generation From Petroleum, All Sectors,Million Kilowatthours
PAETPUS,199401,16983.862,2,Electricity Net Generation From Petroleum, All Sectors,Million Kilowatthours
PAETPUS,199402,11231.431,2,Electricity Net Generation From Petroleum, All Sectors,Million Kilowatthours
PAETPUS,199403,9260.077,2,Electricity Net Generation From Petroleum, All Sectors,Million Kilowatthours
PAETPUS,199404,8927.386,2,Electricity Net Generation From Petroleum, All Sectors,Million Kilowatthours
PAETPUS,199405,8131.902,2,Electricity Net Generation From Petroleum, All Sectors,Million Kilowatthours
PAETPUS,199406,11501.569,2,Electricity Net Generation From Petroleum, All Sectors,Million Kilowatthours
PAETPUS,199407,10838.593,2,Electricity Net Generation From Petroleum, All Sectors,Million Kilowatthours
PAETPUS,199408,7053.626,2,Electricity Net Generation From Petroleum, All Sectors,Million Kilowatthours
PAETPUS,199409,5847.18,2,Electricity Net Generation From Petroleum, All Sectors,Million Kilowatthours
PAETPUS,199410,5311.888,2,Electricity Net Generation From Petroleum, All Sectors,Million Kilowatthours
PAETPUS,199411,5211.846,2,Electricity Net Generation From Petroleum, All Sectors,Million Kilowatthours
PAETPUS,199412,5601.622,2,Electricity Net Generation From Petroleum, All Sectors,Million Kilowatthours
PAETPUS,199413,105900.983,2,Electricity Net Generation From Petroleum, All Sectors,Million Kilowatthours
PAETPUS,199501,5096.439,2,Electricity Net Generation From Petroleum, All Sectors,Million Kilowatthours
PAETPUS,199502,8628.777,2,Electricity Net Generation From Petroleum, All Sectors,Million Kilowatthours
PAETPUS,199503,3774.45,2,Electricity Net Generation From Petroleum, All Sectors,Million Kilowatthours
PAETPUS,199504,4062.137,2,Electricity Net Generation From Petroleum, All Sectors,Million Kilowatthours
PAETPUS,199505,5379.366,2,Electricity Net Generation From Petroleum, All Sectors,Million Kilowatthours
PAETPUS,199506,5418.139,2,Electricity Net Generation From Petroleum, All Sectors,Million Kilowatthours
PAETPUS,199507,8885.625,2,Electricity Net Generation From Petroleum, All Sectors,Million Kilowatthours
PAETPUS,199508,10117.909,2,Electricity Net Generation From Petroleum, All Sectors,Million Kilowatthours
PAETPUS,199509,5942.52,2,Electricity Net Generation From Petroleum, All Sectors,Million Kilowatthours
PAETPUS,199510,4288.404,2,Electricity Net Generation From Petroleum, All Sectors,Million Kilowatthours
PAETPUS,199511,4314.452,2,Electricity Net Generation From Petroleum, All Sectors,Million Kilowatthours
PAETPUS,199512,8645.847,2,Electricity Net Generation From Petroleum, All Sectors,Million Kilowatthours
PAETPUS,199513,74554.065,2,Electricity Net Generation From Petroleum, All Sectors,Million Kilowatthours
PAETPUS,199601,9515.748,2,Electricity Net Generation From Petroleum, All Sectors,Million Kilowatthours
PAETPUS,199602,9965.328,2,Electricity Net Generation From Petroleum, All Sectors,Million Kilowatthours
PAETPUS,199603,7375.469,2,Electricity Net Generation From Petroleum, All Sectors,Million Kilowatthours
PAETPUS,199604,3869.512,2,Electricity Net Generation From Petroleum, All Sectors,Million Kilowatthours
PAETPUS,199605,4825.59,2,Electricity Net Generation From Petroleum, All Sectors,Million Kilowatthours
PAETPUS,199606,6747.343,2,Electricity Net Generation From Petroleum, All Sectors,Million Kilowatthours
PAETPUS,199607,9166.751,2,Electricity Net Generation From Petroleum, All Sectors,Million Kilowatthours
PAETPUS,199608,7651.769,2,Electricity Net Generation From Petroleum, All Sectors,Million Kilowatthours
PAETPUS,199609,5869.231,2,Electricity Net Generation From Petroleum, All Sectors,Million Kilowatthours
PAETPUS,199610,4060.685,2,Electricity Net Generation From Petroleum, All Sectors,Million Kilowatthours
PAETPUS,199611,5192.028,2,Electricity Net Generation From Petroleum, All Sectors,Million Kilowatthours
PAETPUS,199612,7171.771,2,Electricity Net Generation From Petroleum, All Sectors,Million Kilowatthours
PAETPUS,199613,81411.225,2,Electricity Net Generation From Petroleum, All Sectors,Million Kilowatthours
PAETPUS,199701,9791.209,2,Electricity Net Generation From Petroleum, All Sectors,Million Kilowatthours
PAETPUS,199702,5332.069,2,Electricity Net Generation From Petroleum, All Sectors,Million Kilowatthours
PAETPUS,199703,5172.52,2,Electricity Net Generation From Petroleum, All Sectors,Million Kilowatthours
PAETPUS,199704,4672.907,2,Electricity Net Generation From Petroleum, All Sectors,Million Kilowatthours
PAETPUS,199705,5298.966,2,Electricity Net Generation From Petroleum, All Sectors,Million Kilowatthours
PAETPUS,199706,8009.352,2,Electricity Net Generation From Petroleum, All Sectors,Million Kilowatthours
PAETPUS,199707,10798.867,2,Electricity Net Generation From Petroleum, All Sectors,Million Kilowatthours
PAETPUS,199708,9178.644,2,Electricity Net Generation From Petroleum, All Sectors,Million Kilowatthours
PAETPUS,199709,9151.334,2,Electricity Net Generation From Petroleum, All Sectors,Million Kilowatthours
PAETPUS,199710,8444.048,2,Electricity Net Generation From Petroleum, All Sectors,Million Kilowatthours
PAETPUS,199711,7927.551,2,Electricity Net Generation From Petroleum, All Sectors,Million Kilowatthours
PAETPUS,199712,8777.408,2,Electricity Net Generation From Petroleum, All Sectors,Million Kilowatthours
PAETPUS,199713,92554.873,2,Electricity Net Generation From Petroleum, All Sectors,Million Kilowatthours
PAETPUS,199801,7471.475,2,Electricity Net Generation From Petroleum, All Sectors,Million Kilowatthours
PAETPUS,199802,6648.006,2,Electricity Net Generation From Petroleum, All Sectors,Million Kilowatthours
PAETPUS,199803,10151.173,2,Electricity Net Generation From Petroleum, All Sectors,Million Kilowatthours
PAETPUS,199804,7970.08,2,Electricity Net Generation From Petroleum, All Sectors,Million Kilowatthours
PAETPUS,199805,11147.655,2,Electricity Net Generation From Petroleum, All Sectors,Million Kilowatthours
PAETPUS,199806,14194.732,2,Electricity Net Generation From Petroleum, All Sectors,Million Kilowatthours
PAETPUS,199807,15914.906,2,Electricity Net Generation From Petroleum, All Sectors,Million Kilowatthours
PAETPUS,199808,15249.038,2,Electricity Net Generation From Petroleum, All Sectors,Million Kilowatthours
PAETPUS,199809,12322.733,2,Electricity Net Generation From Petroleum, All Sectors,Million Kilowatthours
PAETPUS,199810,8580.562,2,Electricity Net Generation From Petroleum, All Sectors,Million Kilowatthours
PAETPUS,199811,8653.922,2,Electricity Net Generation From Petroleum, All Sectors,Million Kilowatthours
PAETPUS,199812,10495.893,2,Electricity Net Generation From Petroleum, All Sectors,Million Kilowatthours
PAETPUS,199813,128800.173,2,Electricity Net Generation From Petroleum, All Sectors,Million Kilowatthours
PAETPUS,199901,13313.163,2,Electricity Net Generation From Petroleum, All Sectors,Million Kilowatthours
PAETPUS,199902,10578.607,2,Electricity Net Generation From Petroleum, All Sectors,Million Kilowatthours
PAETPUS,199903,11308.196,2,Electricity Net Generation From Petroleum, All Sectors,Million Kilowatthours
PAETPUS,199904,9535.086,2,Electricity Net Generation From Petroleum, All Sectors,Million Kilowatthours
PAETPUS,199905,9861.898,2,Electricity Net Generation From Petroleum, All Sectors,Million Kilowatthours
PAETPUS,199906,10875.177,2,Electricity Net Generation From Petroleum, All Sectors,Million Kilowatthours
PAETPUS,199907,15707.721,2,Electricity Net Generation From Petroleum, All Sectors,Million Kilowatthours
PAETPUS,199908,13041.119,2,Electricity Net Generation From Petroleum, All Sectors,Million Kilowatthours
PAETPUS,199909,8174.215,2,Electricity Net Generation From Petroleum, All Sectors,Million Kilowatthours
PAETPUS,199910,6823.117,2,Electricity Net Generation From Petroleum, All Sectors,Million Kilowatthours
PAETPUS,199911,4671.356,2,Electricity Net Generation From Petroleum, All Sectors,Million Kilowatthours
PAETPUS,199912,4171.184,2,Electricity Net Generation From Petroleum, All Sectors,Million Kilowatthours
PAETPUS,199913,118060.838,2,Electricity Net Generation From Petroleum, All Sectors,Million Kilowatthours
PAETPUS,200001,7351.895,2,Electricity Net Generation From Petroleum, All Sectors,Million Kilowatthours
PAETPUS,200002,4906.675,2,Electricity Net Generation From Petroleum, All Sectors,Million Kilowatthours
PAETPUS,200003,4582.109,2,Electricity Net Generation From Petroleum, All Sectors,Million Kilowatthours
PAETPUS,200004,4791.489,2,Electricity Net Generation From Petroleum, All Sectors,Million Kilowatthours
PAETPUS,200005,8849.874,2,Electricity Net Generation From Petroleum, All Sectors,Million Kilowatthours
PAETPUS,200006,11394.855,2,Electricity Net Generation From Petroleum, All Sectors,Million Kilowatthours
PAETPUS,200007,10791.657,2,Electricity Net Generation From Petroleum, All Sectors,Million Kilowatthours
PAETPUS,200008,13388.617,2,Electricity Net Generation From Petroleum, All Sectors,Million Kilowatthours
PAETPUS,200009,11538.601,2,Electricity Net Generation From Petroleum, All Sectors,Million Kilowatthours
PAETPUS,200010,8872.019,2,Electricity Net Generation From Petroleum, All Sectors,Million Kilowatthours
PAETPUS,200011,7572.449,2,Electricity Net Generation From Petroleum, All Sectors,Million Kilowatthours
PAETPUS,200012,17180.725,2,Electricity Net Generation From Petroleum, All Sectors,Million Kilowatthours
PAETPUS,200013,111220.965,2,Electricity Net Generation From Petroleum, All Sectors,Million Kilowatthours
PAETPUS,200101,18111.842,2,Electricity Net Generation From Petroleum, All Sectors,Million Kilowatthours
PAETPUS,200102,10341.503,2,Electricity Net Generation From Petroleum, All Sectors,Million Kilowatthours
PAETPUS,200103,11733.006,2,Electricity Net Generation From Petroleum, All Sectors,Million Kilowatthours
PAETPUS,200104,10863.376,2,Electricity Net Generation From Petroleum, All Sectors,Million Kilowatthours
PAETPUS,200105,10389.989,2,Electricity Net Generation From Petroleum, All Sectors,Million Kilowatthours
PAETPUS,200106,11822.84,2,Electricity Net Generation From Petroleum, All Sectors,Million Kilowatthours
PAETPUS,200107,11042.027,2,Electricity Net Generation From Petroleum, All Sectors,Million Kilowatthours
PAETPUS,200108,14229.427,2,Electricity Net Generation From Petroleum, All Sectors,Million Kilowatthours
PAETPUS,200109,7342.486,2,Electricity Net Generation From Petroleum, All Sectors,Million Kilowatthours
PAETPUS,200110,6533.933,2,Electricity Net Generation From Petroleum, All Sectors,Million Kilowatthours
PAETPUS,200111,5930.721,2,Electricity Net Generation From Petroleum, All Sectors,Million Kilowatthours
PAETPUS,200112,6539.071,2,Electricity Net Generation From Petroleum, All Sectors,Million Kilowatthours
PAETPUS,200113,124880.221,2,Electricity Net Generation From Petroleum, All Sectors,Million Kilowatthours
PAETPUS,200201,6690.369,2,Electricity Net Generation From Petroleum, All Sectors,Million Kilowatthours
PAETPUS,200202,5663.816,2,Electricity Net Generation From Petroleum, All Sectors,Million Kilowatthours
PAETPUS,200203,8217.375,2,Electricity Net Generation From Petroleum, All Sectors,Million Kilowatthours
PAETPUS,200204,7833.581,2,Electricity Net Generation From Petroleum, All Sectors,Million Kilowatthours
PAETPUS,200205,8126.867,2,Electricity Net Generation From Petroleum, All Sectors,Million Kilowatthours
PAETPUS,200206,7795.86,2,Electricity Net Generation From Petroleum, All Sectors,Million Kilowatthours
PAETPUS,200207,9912.994,2,Electricity Net Generation From Petroleum, All Sectors,Million Kilowatthours
PAETPUS,200208,9736.862,2,Electricity Net Generation From Petroleum, All Sectors,Million Kilowatthours
PAETPUS,200209,8075.35,2,Electricity Net Generation From Petroleum, All Sectors,Million Kilowatthours
PAETPUS,200210,8115.98,2,Electricity Net Generation From Petroleum, All Sectors,Million Kilowatthours
PAETPUS,200211,6286.735,2,Electricity Net Generation From Petroleum, All Sectors,Million Kilowatthours
PAETPUS,200212,8111.606,2,Electricity Net Generation From Petroleum, All Sectors,Million Kilowatthours
PAETPUS,200213,94567.395,2,Electricity Net Generation From Petroleum, All Sectors,Million Kilowatthours
PAETPUS,200301,12642.106,2,Electricity Net Generation From Petroleum, All Sectors,Million Kilowatthours
PAETPUS,200302,10770.465,2,Electricity Net Generation From Petroleum, All Sectors,Million Kilowatthours
PAETPUS,200303,10222.381,2,Electricity Net Generation From Petroleum, All Sectors,Million Kilowatthours
PAETPUS,200304,8580.652,2,Electricity Net Generation From Petroleum, All Sectors,Million Kilowatthours
PAETPUS,200305,8052.721,2,Electricity Net Generation From Petroleum, All Sectors,Million Kilowatthours
PAETPUS,200306,10999.563,2,Electricity Net Generation From Petroleum, All Sectors,Million Kilowatthours
PAETPUS,200307,12200.845,2,Electricity Net Generation From Petroleum, All Sectors,Million Kilowatthours
PAETPUS,200308,12478.21,2,Electricity Net Generation From Petroleum, All Sectors,Million Kilowatthours
PAETPUS,200309,8663.542,2,Electricity Net Generation From Petroleum, All Sectors,Million Kilowatthours
PAETPUS,200310,8610.223,2,Electricity Net Generation From Petroleum, All Sectors,Million Kilowatthours
PAETPUS,200311,6479.533,2,Electricity Net Generation From Petroleum, All Sectors,Million Kilowatthours
PAETPUS,200312,9705.402,2,Electricity Net Generation From Petroleum, All Sectors,Million Kilowatthours
PAETPUS,200313,119405.643,2,Electricity Net Generation From Petroleum, All Sectors,Million Kilowatthours
PAETPUS,200401,15434.061,2,Electricity Net Generation From Petroleum, All Sectors,Million Kilowatthours
PAETPUS,200402,9365.821,2,Electricity Net Generation From Petroleum, All Sectors,Million Kilowatthours
PAETPUS,200403,9731.843,2,Electricity Net Generation From Petroleum, All Sectors,Million Kilowatthours
PAETPUS,200404,9041.815,2,Electricity Net Generation From Petroleum, All Sectors,Million Kilowatthours
PAETPUS,200405,10235.93,2,Electricity Net Generation From Petroleum, All Sectors,Million Kilowatthours
PAETPUS,200406,10841.416,2,Electricity Net Generation From Petroleum, All Sectors,Million Kilowatthours
PAETPUS,200407,12097.792,2,Electricity Net Generation From Petroleum, All Sectors,Million Kilowatthours
PAETPUS,200408,11078.134,2,Electricity Net Generation From Petroleum, All Sectors,Million Kilowatthours
PAETPUS,200409,8677.125,2,Electricity Net Generation From Petroleum, All Sectors,Million Kilowatthours
PAETPUS,200410,7666.202,2,Electricity Net Generation From Petroleum, All Sectors,Million Kilowatthours
PAETPUS,200411,6874.438,2,Electricity Net Generation From Petroleum, All Sectors,Million Kilowatthours
PAETPUS,200412,10100.481,2,Electricity Net Generation From Petroleum, All Sectors,Million Kilowatthours
PAETPUS,200413,121145.057,2,Electricity Net Generation From Petroleum, All Sectors,Million Kilowatthours
PAETPUS,200501,12190.178,2,Electricity Net Generation From Petroleum, All Sectors,Million Kilowatthours
PAETPUS,200502,7314.51,2,Electricity Net Generation From Petroleum, All Sectors,Million Kilowatthours
PAETPUS,200503,8351.9,2,Electricity Net Generation From Petroleum, All Sectors,Million Kilowatthours
PAETPUS,200504,6952.153,2,Electricity Net Generation From Petroleum, All Sectors,Million Kilowatthours
PAETPUS,200505,6713.918,2,Electricity Net Generation From Petroleum, All Sectors,Million Kilowatthours
PAETPUS,200506,10783.859,2,Electricity Net Generation From Petroleum, All Sectors,Million Kilowatthours
PAETPUS,200507,13033.243,2,Electricity Net Generation From Petroleum, All Sectors,Million Kilowatthours
PAETPUS,200508,14527.519,2,Electricity Net Generation From Petroleum, All Sectors,Million Kilowatthours
PAETPUS,200509,12279.15,2,Electricity Net Generation From Petroleum, All Sectors,Million Kilowatthours
PAETPUS,200510,10177.971,2,Electricity Net Generation From Petroleum, All Sectors,Million Kilowatthours
PAETPUS,200511,6867.442,2,Electricity Net Generation From Petroleum, All Sectors,Million Kilowatthours
PAETPUS,200512,13033.172,2,Electricity Net Generation From Petroleum, All Sectors,Million Kilowatthours
PAETPUS,200513,122225.017,2,Electricity Net Generation From Petroleum, All Sectors,Million Kilowatthours
PAETPUS,200601,6135.957,2,Electricity Net Generation From Petroleum, All Sectors,Million Kilowatthours
PAETPUS,200602,4923.427,2,Electricity Net Generation From Petroleum, All Sectors,Million Kilowatthours
PAETPUS,200603,4013.464,2,Electricity Net Generation From Petroleum, All Sectors,Million Kilowatthours
PAETPUS,200604,4690.155,2,Electricity Net Generation From Petroleum, All Sectors,Million Kilowatthours
PAETPUS,200605,4419.887,2,Electricity Net Generation From Petroleum, All Sectors,Million Kilowatthours
PAETPUS,200606,5766.446,2,Electricity Net Generation From Petroleum, All Sectors,Million Kilowatthours
PAETPUS,200607,7002.078,2,Electricity Net Generation From Petroleum, All Sectors,Million Kilowatthours
PAETPUS,200608,8359.695,2,Electricity Net Generation From Petroleum, All Sectors,Million Kilowatthours
PAETPUS,200609,4645.373,2,Electricity Net Generation From Petroleum, All Sectors,Million Kilowatthours
PAETPUS,200610,4892.61,2,Electricity Net Generation From Petroleum, All Sectors,Million Kilowatthours
PAETPUS,200611,4746.863,2,Electricity Net Generation From Petroleum, All Sectors,Million Kilowatthours
PAETPUS,200612,4570.461,2,Electricity Net Generation From Petroleum, All Sectors,Million Kilowatthours
PAETPUS,200613,64166.414,2,Electricity Net Generation From Petroleum, All Sectors,Million Kilowatthours
PAETPUS,200701,5994.168,2,Electricity Net Generation From Petroleum, All Sectors,Million Kilowatthours
PAETPUS,200702,8883.674,2,Electricity Net Generation From Petroleum, All Sectors,Million Kilowatthours
PAETPUS,200703,5415.643,2,Electricity Net Generation From Petroleum, All Sectors,Million Kilowatthours
PAETPUS,200704,5080.29,2,Electricity Net Generation From Petroleum, All Sectors,Million Kilowatthours
PAETPUS,200705,4873.443,2,Electricity Net Generation From Petroleum, All Sectors,Million Kilowatthours
PAETPUS,200706,5777.045,2,Electricity Net Generation From Petroleum, All Sectors,Million Kilowatthours
PAETPUS,200707,5493.795,2,Electricity Net Generation From Petroleum, All Sectors,Million Kilowatthours
PAETPUS,200708,7186.621,2,Electricity Net Generation From Petroleum, All Sectors,Million Kilowatthours
PAETPUS,200709,4935.786,2,Electricity Net Generation From Petroleum, All Sectors,Million Kilowatthours
PAETPUS,200710,4746.874,2,Electricity Net Generation From Petroleum, All Sectors,Million Kilowatthours
PAETPUS,200711,3136.467,2,Electricity Net Generation From Petroleum, All Sectors,Million Kilowatthours
PAETPUS,200712,4215.171,2,Electricity Net Generation From Petroleum, All Sectors,Million Kilowatthours
PAETPUS,200713,65738.978,2,Electricity Net Generation From Petroleum, All Sectors,Million Kilowatthours
PAETPUS,200801,4497.816,2,Electricity Net Generation From Petroleum, All Sectors,Million Kilowatthours
PAETPUS,200802,3669.344,2,Electricity Net Generation From Petroleum, All Sectors,Million Kilowatthours
PAETPUS,200803,3151.5,2,Electricity Net Generation From Petroleum, All Sectors,Million Kilowatthours
PAETPUS,200804,3400.463,2,Electricity Net Generation From Petroleum, All Sectors,Million Kilowatthours
PAETPUS,200805,3397.928,2,Electricity Net Generation From Petroleum, All Sectors,Million Kilowatthours
PAETPUS,200806,4961.967,2,Electricity Net Generation From Petroleum, All Sectors,Million Kilowatthours
PAETPUS,200807,4156.6,2,Electricity Net Generation From Petroleum, All Sectors,Million Kilowatthours
PAETPUS,200808,3810.829,2,Electricity Net Generation From Petroleum, All Sectors,Million Kilowatthours
PAETPUS,200809,4170.995,2,Electricity Net Generation From Petroleum, All Sectors,Million Kilowatthours
PAETPUS,200810,3286.13,2,Electricity Net Generation From Petroleum, All Sectors,Million Kilowatthours
PAETPUS,200811,3345.161,2,Electricity Net Generation From Petroleum, All Sectors,Million Kilowatthours
PAETPUS,200812,4393.879,2,Electricity Net Generation From Petroleum, All Sectors,Million Kilowatthours
PAETPUS,200813,46242.612,2,Electricity Net Generation From Petroleum, All Sectors,Million Kilowatthours
PAETPUS,200901,6103.606,2,Electricity Net Generation From Petroleum, All Sectors,Million Kilowatthours
PAETPUS,200902,3317.74,2,Electricity Net Generation From Petroleum, All Sectors,Million Kilowatthours
PAETPUS,200903,3349.302,2,Electricity Net Generation From Petroleum, All Sectors,Million Kilowatthours
PAETPUS,200904,2806.622,2,Electricity Net Generation From Petroleum, All Sectors,Million Kilowatthours
PAETPUS,200905,3208.707,2,Electricity Net Generation From Petroleum, All Sectors,Million Kilowatthours
PAETPUS,200906,3243.032,2,Electricity Net Generation From Petroleum, All Sectors,Million Kilowatthours
PAETPUS,200907,3357.822,2,Electricity Net Generation From Petroleum, All Sectors,Million Kilowatthours
PAETPUS,200908,3641.995,2,Electricity Net Generation From Petroleum, All Sectors,Million Kilowatthours
PAETPUS,200909,2853.031,2,Electricity Net Generation From Petroleum, All Sectors,Million Kilowatthours
PAETPUS,200910,2560.113,2,Electricity Net Generation From Petroleum, All Sectors,Million Kilowatthours
PAETPUS,200911,2072.284,2,Electricity Net Generation From Petroleum, All Sectors,Million Kilowatthours
PAETPUS,200912,2422.261,2,Electricity Net Generation From Petroleum, All Sectors,Million Kilowatthours
PAETPUS,200913,38936.515,2,Electricity Net Generation From Petroleum, All Sectors,Million Kilowatthours
PAETPUS,201001,4348.2,2,Electricity Net Generation From Petroleum, All Sectors,Million Kilowatthours
PAETPUS,201002,2373.098,2,Electricity Net Generation From Petroleum, All Sectors,Million Kilowatthours
PAETPUS,201003,2470.212,2,Electricity Net Generation From Petroleum, All Sectors,Million Kilowatthours
PAETPUS,201004,2286.351,2,Electricity Net Generation From Petroleum, All Sectors,Million Kilowatthours
PAETPUS,201005,2994.02,2,Electricity Net Generation From Petroleum, All Sectors,Million Kilowatthours
PAETPUS,201006,3989.252,2,Electricity Net Generation From Petroleum, All Sectors,Million Kilowatthours
PAETPUS,201007,4411.384,2,Electricity Net Generation From Petroleum, All Sectors,Million Kilowatthours
PAETPUS,201008,3575.462,2,Electricity Net Generation From Petroleum, All Sectors,Million Kilowatthours
PAETPUS,201009,2782.682,2,Electricity Net Generation From Petroleum, All Sectors,Million Kilowatthours
PAETPUS,201010,2227.557,2,Electricity Net Generation From Petroleum, All Sectors,Million Kilowatthours
PAETPUS,201011,2079.442,2,Electricity Net Generation From Petroleum, All Sectors,Million Kilowatthours
PAETPUS,201012,3523.354,2,Electricity Net Generation From Petroleum, All Sectors,Million Kilowatthours
PAETPUS,201013,37061.013,2,Electricity Net Generation From Petroleum, All Sectors,Million Kilowatthours
PAETPUS,201101,3457.108,2,Electricity Net Generation From Petroleum, All Sectors,Million Kilowatthours
PAETPUS,201102,2434.16,2,Electricity Net Generation From Petroleum, All Sectors,Million Kilowatthours
PAETPUS,201103,2692.463,2,Electricity Net Generation From Petroleum, All Sectors,Million Kilowatthours
PAETPUS,201104,2423.777,2,Electricity Net Generation From Petroleum, All Sectors,Million Kilowatthours
PAETPUS,201105,2378.474,2,Electricity Net Generation From Petroleum, All Sectors,Million Kilowatthours
PAETPUS,201106,2593.715,2,Electricity Net Generation From Petroleum, All Sectors,Million Kilowatthours
PAETPUS,201107,3154.067,2,Electricity Net Generation From Petroleum, All Sectors,Million Kilowatthours
PAETPUS,201108,2594.309,2,Electricity Net Generation From Petroleum, All Sectors,Million Kilowatthours
PAETPUS,201109,2423.86,2,Electricity Net Generation From Petroleum, All Sectors,Million Kilowatthours
PAETPUS,201110,2062.076,2,Electricity Net Generation From Petroleum, All Sectors,Million Kilowatthours
PAETPUS,201111,1782.601,2,Electricity Net Generation From Petroleum, All Sectors,Million Kilowatthours
PAETPUS,201112,2185.635,2,Electricity Net Generation From Petroleum, All Sectors,Million Kilowatthours
PAETPUS,201113,30182.245,2,Electricity Net Generation From Petroleum, All Sectors,Million Kilowatthours
PAETPUS,201201,2477.158,2,Electricity Net Generation From Petroleum, All Sectors,Million Kilowatthours
PAETPUS,201202,1901.745,2,Electricity Net Generation From Petroleum, All Sectors,Million Kilowatthours
PAETPUS,201203,1541.354,2,Electricity Net Generation From Petroleum, All Sectors,Million Kilowatthours
PAETPUS,201204,1503.233,2,Electricity Net Generation From Petroleum, All Sectors,Million Kilowatthours
PAETPUS,201205,1729.816,2,Electricity Net Generation From Petroleum, All Sectors,Million Kilowatthours
PAETPUS,201206,2067.697,2,Electricity Net Generation From Petroleum, All Sectors,Million Kilowatthours
PAETPUS,201207,2339.699,2,Electricity Net Generation From Petroleum, All Sectors,Million Kilowatthours
PAETPUS,201208,2117.982,2,Electricity Net Generation From Petroleum, All Sectors,Million Kilowatthours
PAETPUS,201209,1860.197,2,Electricity Net Generation From Petroleum, All Sectors,Million Kilowatthours
PAETPUS,201210,1805.124,2,Electricity Net Generation From Petroleum, All Sectors,Million Kilowatthours
PAETPUS,201211,1809.861,2,Electricity Net Generation From Petroleum, All Sectors,Million Kilowatthours
PAETPUS,201212,2035.674,2,Electricity Net Generation From Petroleum, All Sectors,Million Kilowatthours
PAETPUS,201213,23189.542,2,Electricity Net Generation From Petroleum, All Sectors,Million Kilowatthours
PAETPUS,201301,2774.72,2,Electricity Net Generation From Petroleum, All Sectors,Million Kilowatthours
PAETPUS,201302,1997.086,2,Electricity Net Generation From Petroleum, All Sectors,Million Kilowatthours
PAETPUS,201303,1997.037,2,Electricity Net Generation From Petroleum, All Sectors,Million Kilowatthours
PAETPUS,201304,1885.463,2,Electricity Net Generation From Petroleum, All Sectors,Million Kilowatthours
PAETPUS,201305,2411.588,2,Electricity Net Generation From Petroleum, All Sectors,Million Kilowatthours
PAETPUS,201306,2342.07,2,Electricity Net Generation From Petroleum, All Sectors,Million Kilowatthours
PAETPUS,201307,2812.306,2,Electricity Net Generation From Petroleum, All Sectors,Million Kilowatthours
PAETPUS,201308,2448.499,2,Electricity Net Generation From Petroleum, All Sectors,Million Kilowatthours
PAETPUS,201309,2186.182,2,Electricity Net Generation From Petroleum, All Sectors,Million Kilowatthours
PAETPUS,201310,2018.436,2,Electricity Net Generation From Petroleum, All Sectors,Million Kilowatthours
PAETPUS,201311,1839.734,2,Electricity Net Generation From Petroleum, All Sectors,Million Kilowatthours
PAETPUS,201312,2451.324,2,Electricity Net Generation From Petroleum, All Sectors,Million Kilowatthours
PAETPUS,201313,27164.444,2,Electricity Net Generation From Petroleum, All Sectors,Million Kilowatthours
PAETPUS,201401,7071.556,2,Electricity Net Generation From Petroleum, All Sectors,Million Kilowatthours
PAETPUS,201402,2762.805,2,Electricity Net Generation From Petroleum, All Sectors,Million Kilowatthours
PAETPUS,201403,3187.887,2,Electricity Net Generation From Petroleum, All Sectors,Million Kilowatthours
PAETPUS,201404,1753.197,2,Electricity Net Generation From Petroleum, All Sectors,Million Kilowatthours
PAETPUS,201405,2043.959,2,Electricity Net Generation From Petroleum, All Sectors,Million Kilowatthours
PAETPUS,201406,2020.594,2,Electricity Net Generation From Petroleum, All Sectors,Million Kilowatthours
PAETPUS,201407,2042.143,2,Electricity Net Generation From Petroleum, All Sectors,Million Kilowatthours
PAETPUS,201408,2050.309,2,Electricity Net Generation From Petroleum, All Sectors,Million Kilowatthours
PAETPUS,201409,1948.466,2,Electricity Net Generation From Petroleum, All Sectors,Million Kilowatthours
PAETPUS,201410,1517.731,2,Electricity Net Generation From Petroleum, All Sectors,Million Kilowatthours
PAETPUS,201411,1738.049,2,Electricity Net Generation From Petroleum, All Sectors,Million Kilowatthours
PAETPUS,201412,2095.166,2,Electricity Net Generation From Petroleum, All Sectors,Million Kilowatthours
PAETPUS,201413,30231.862,2,Electricity Net Generation From Petroleum, All Sectors,Million Kilowatthours
PAETPUS,201501,2972.967,2,Electricity Net Generation From Petroleum, All Sectors,Million Kilowatthours
PAETPUS,201502,6320.621,2,Electricity Net Generation From Petroleum, All Sectors,Million Kilowatthours
PAETPUS,201503,1778.491,2,Electricity Net Generation From Petroleum, All Sectors,Million Kilowatthours
PAETPUS,201504,1727.682,2,Electricity Net Generation From Petroleum, All Sectors,Million Kilowatthours
PAETPUS,201505,1938.775,2,Electricity Net Generation From Petroleum, All Sectors,Million Kilowatthours
PAETPUS,201506,1860.497,2,Electricity Net Generation From Petroleum, All Sectors,Million Kilowatthours
PAETPUS,201507,2304.18,2,Electricity Net Generation From Petroleum, All Sectors,Million Kilowatthours
PAETPUS,201508,2133.207,2,Electricity Net Generation From Petroleum, All Sectors,Million Kilowatthours
PAETPUS,201509,2034.306,2,Electricity Net Generation From Petroleum, All Sectors,Million Kilowatthours
PAETPUS,201510,1771.192,2,Electricity Net Generation From Petroleum, All Sectors,Million Kilowatthours
PAETPUS,201511,1709.888,2,Electricity Net Generation From Petroleum, All Sectors,Million Kilowatthours
PAETPUS,201512,1696.944,2,Electricity Net Generation From Petroleum, All Sectors,Million Kilowatthours
PAETPUS,201513,28248.749,2,Electricity Net Generation From Petroleum, All Sectors,Million Kilowatthours
PAETPUS,201601,2361.453,2,Electricity Net Generation From Petroleum, All Sectors,Million Kilowatthours
PAETPUS,201602,2209.303,2,Electricity Net Generation From Petroleum, All Sectors,Million Kilowatthours
PAETPUS,201603,1801.055,2,Electricity Net Generation From Petroleum, All Sectors,Million Kilowatthours
PAETPUS,201604,1839.05,2,Electricity Net Generation From Petroleum, All Sectors,Million Kilowatthours
PAETPUS,201605,1958.154,2,Electricity Net Generation From Petroleum, All Sectors,Million Kilowatthours
PAETPUS,201606,1976.789,2,Electricity Net Generation From Petroleum, All Sectors,Million Kilowatthours
PAETPUS,201607,2321.549,2,Electricity Net Generation From Petroleum, All Sectors,Million Kilowatthours
PAETPUS,201608,2335.463,2,Electricity Net Generation From Petroleum, All Sectors,Million Kilowatthours
PAETPUS,201609,1926.135,2,Electricity Net Generation From Petroleum, All Sectors,Million Kilowatthours
PAETPUS,201610,1571.377,2,Electricity Net Generation From Petroleum, All Sectors,Million Kilowatthours
PAETPUS,201611,1869.072,2,Electricity Net Generation From Petroleum, All Sectors,Million Kilowatthours
PAETPUS,201612,2035.406,2,Electricity Net Generation From Petroleum, All Sectors,Million Kilowatthours
PAETPUS,201613,24204.806,2,Electricity Net Generation From Petroleum, All Sectors,Million Kilowatthours
PAETPUS,201701,2045.775,2,Electricity Net Generation From Petroleum, All Sectors,Million Kilowatthours
PAETPUS,201702,1591.883,2,Electricity Net Generation From Petroleum, All Sectors,Million Kilowatthours
PAETPUS,201703,1655.495,2,Electricity Net Generation From Petroleum, All Sectors,Million Kilowatthours
PAETPUS,201704,1290.668,2,Electricity Net Generation From Petroleum, All Sectors,Million Kilowatthours
PAETPUS,201705,1816.995,2,Electricity Net Generation From Petroleum, All Sectors,Million Kilowatthours
PAETPUS,201706,1892.864,2,Electricity Net Generation From Petroleum, All Sectors,Million Kilowatthours
PAETPUS,201707,1809.594,2,Electricity Net Generation From Petroleum, All Sectors,Million Kilowatthours
PAETPUS,201708,1733.107,2,Electricity Net Generation From Petroleum, All Sectors,Million Kilowatthours
PAETPUS,201709,1643.037,2,Electricity Net Generation From Petroleum, All Sectors,Million Kilowatthours
PAETPUS,201710,1545.345,2,Electricity Net Generation From Petroleum, All Sectors,Million Kilowatthours
PAETPUS,201711,1669.858,2,Electricity Net Generation From Petroleum, All Sectors,Million Kilowatthours
PAETPUS,201712,2695.323,2,Electricity Net Generation From Petroleum, All Sectors,Million Kilowatthours
PAETPUS,201713,21389.945,2,Electricity Net Generation From Petroleum, All Sectors,Million Kilowatthours
PAETPUS,201801,6519.897,2,Electricity Net Generation From Petroleum, All Sectors,Million Kilowatthours
PAETPUS,201802,1557.634,2,Electricity Net Generation From Petroleum, All Sectors,Million Kilowatthours
PAETPUS,201803,1471.84,2,Electricity Net Generation From Petroleum, All Sectors,Million Kilowatthours
PAETPUS,201804,1538.279,2,Electricity Net Generation From Petroleum, All Sectors,Million Kilowatthours
PAETPUS,201805,1556.805,2,Electricity Net Generation From Petroleum, All Sectors,Million Kilowatthours
PAETPUS,201806,1900.568,2,Electricity Net Generation From Petroleum, All Sectors,Million Kilowatthours
PAETPUS,201807,1901.008,2,Electricity Net Generation From Petroleum, All Sectors,Million Kilowatthours
PAETPUS,201808,1926.706,2,Electricity Net Generation From Petroleum, All Sectors,Million Kilowatthours
PAETPUS,201809,1854.029,2,Electricity Net Generation From Petroleum, All Sectors,Million Kilowatthours
PAETPUS,201810,1576.709,2,Electricity Net Generation From Petroleum, All Sectors,Million Kilowatthours
PAETPUS,201811,1661.133,2,Electricity Net Generation From Petroleum, All Sectors,Million Kilowatthours
PAETPUS,201812,1761.02,2,Electricity Net Generation From Petroleum, All Sectors,Million Kilowatthours
PAETPUS,201813,25225.628,2,Electricity Net Generation From Petroleum, All Sectors,Million Kilowatthours
PAETPUS,201901,2212.757,2,Electricity Net Generation From Petroleum, All Sectors,Million Kilowatthours
PAETPUS,201902,1506.804,2,Electricity Net Generation From Petroleum, All Sectors,Million Kilowatthours
PAETPUS,201903,1390.094,2,Electricity Net Generation From Petroleum, All Sectors,Million Kilowatthours
PAETPUS,201904,1182.627,2,Electricity Net Generation From Petroleum, All Sectors,Million Kilowatthours
PAETPUS,201905,1673.947,2,Electricity Net Generation From Petroleum, All Sectors,Million Kilowatthours
PAETPUS,201906,1519.476,2,Electricity Net Generation From Petroleum, All Sectors,Million Kilowatthours
PAETPUS,201907,1794.767,2,Electricity Net Generation From Petroleum, All Sectors,Million Kilowatthours
PAETPUS,201908,1731.224,2,Electricity Net Generation From Petroleum, All Sectors,Million Kilowatthours
PAETPUS,201909,1503.848,2,Electricity Net Generation From Petroleum, All Sectors,Million Kilowatthours
PAETPUS,201910,1141.813,2,Electricity Net Generation From Petroleum, All Sectors,Million Kilowatthours
PAETPUS,201911,1232.342,2,Electricity Net Generation From Petroleum, All Sectors,Million Kilowatthours
PAETPUS,201912,1451.045,2,Electricity Net Generation From Petroleum, All Sectors,Million Kilowatthours
PAETPUS,201913,18340.743,2,Electricity Net Generation From Petroleum, All Sectors,Million Kilowatthours
PAETPUS,202001,1548.373,2,Electricity Net Generation From Petroleum, All Sectors,Million Kilowatthours
PAETPUS,202002,1289.149,2,Electricity Net Generation From Petroleum, All Sectors,Million Kilowatthours
PAETPUS,202003,1395.139,2,Electricity Net Generation From Petroleum, All Sectors,Million Kilowatthours
PAETPUS,202004,1239.419,2,Electricity Net Generation From Petroleum, All Sectors,Million Kilowatthours
PAETPUS,202005,1301.418,2,Electricity Net Generation From Petroleum, All Sectors,Million Kilowatthours
PAETPUS,202006,1618.276,2,Electricity Net Generation From Petroleum, All Sectors,Million Kilowatthours
PAETPUS,202007,1751.327,2,Electricity Net Generation From Petroleum, All Sectors,Million Kilowatthours
PAETPUS,202008,1674.322,2,Electricity Net Generation From Petroleum, All Sectors,Million Kilowatthours
PAETPUS,202009,1194.016,2,Electricity Net Generation From Petroleum, All Sectors,Million Kilowatthours
PAETPUS,202010,1227.145,2,Electricity Net Generation From Petroleum, All Sectors,Million Kilowatthours
PAETPUS,202011,1411.539,2,Electricity Net Generation From Petroleum, All Sectors,Million Kilowatthours
PAETPUS,202012,1690.894,2,Electricity Net Generation From Petroleum, All Sectors,Million Kilowatthours
PAETPUS,202013,17341.015,2,Electricity Net Generation From Petroleum, All Sectors,Million Kilowatthours
PAETPUS,202101,1634.922,2,Electricity Net Generation From Petroleum, All Sectors,Million Kilowatthours
PAETPUS,202102,2248.239,2,Electricity Net Generation From Petroleum, All Sectors,Million Kilowatthours
PAETPUS,202103,1435.75,2,Electricity Net Generation From Petroleum, All Sectors,Million Kilowatthours
PAETPUS,202104,1224.455,2,Electricity Net Generation From Petroleum, All Sectors,Million Kilowatthours
PAETPUS,202105,1369.62,2,Electricity Net Generation From Petroleum, All Sectors,Million Kilowatthours
PAETPUS,202106,1385.559,2,Electricity Net Generation From Petroleum, All Sectors,Million Kilowatthours
PAETPUS,202107,1563.869,2,Electricity Net Generation From Petroleum, All Sectors,Million Kilowatthours
PAETPUS,202108,1944.991,2,Electricity Net Generation From Petroleum, All Sectors,Million Kilowatthours
PAETPUS,202109,1588.977,2,Electricity Net Generation From Petroleum, All Sectors,Million Kilowatthours
PAETPUS,202110,1549.587,2,Electricity Net Generation From Petroleum, All Sectors,Million Kilowatthours
PAETPUS,202111,1670.277,2,Electricity Net Generation From Petroleum, All Sectors,Million Kilowatthours
PAETPUS,202112,1559.887,2,Electricity Net Generation From Petroleum, All Sectors,Million Kilowatthours
PAETPUS,202113,19176.134,2,Electricity Net Generation From Petroleum, All Sectors,Million Kilowatthours
PAETPUS,202201,3539.052,2,Electricity Net Generation From Petroleum, All Sectors,Million Kilowatthours
PAETPUS,202202,1645.841,2,Electricity Net Generation From Petroleum, All Sectors,Million Kilowatthours
PAETPUS,202203,1428.919,2,Electricity Net Generation From Petroleum, All Sectors,Million Kilowatthours
PAETPUS,202204,1241.853,2,Electricity Net Generation From Petroleum, All Sectors,Million Kilowatthours
PAETPUS,202205,1528.058,2,Electricity Net Generation From Petroleum, All Sectors,Million Kilowatthours
PAETPUS,202206,1577.032,2,Electricity Net Generation From Petroleum, All Sectors,Million Kilowatthours
PAETPUS,202207,1486.866,2,Electricity Net Generation From Petroleum, All Sectors,Million Kilowatthours
PAETPUS,202208,1586.473,2,Electricity Net Generation From Petroleum, All Sectors,Million Kilowatthours
PAETPUS,202209,1619.158,2,Electricity Net Generation From Petroleum, All Sectors,Million Kilowatthours
PAETPUS,202210,1564.35,2,Electricity Net Generation From Petroleum, All Sectors,Million Kilowatthours
PAETPUS,202211,1564.925,2,Electricity Net Generation From Petroleum, All Sectors,Million Kilowatthours
