WYETPUS,198301,0.172,12,Electricity Net Generation From Wind, All Sectors,Million Kilowatthours
WYETPUS,198302,0.018,12,Electricity Net Generation From Wind, All Sectors,Million Kilowatthours
WYETPUS,198303,0.313,12,Electricity Net Generation From Wind, All Sectors,Million Kilowatthours
WYETPUS,198304,0.214,12,Electricity Net Generation From Wind, All Sectors,Million Kilowatthours
WYETPUS,198305,0.251,12,Electricity Net Generation From Wind, All Sectors,Million Kilowatthours
WYETPUS,198306,0.212,12,Electricity Net Generation From Wind, All Sectors,Million Kilowatthours
WYETPUS,198307,0.097,12,Electricity Net Generation From Wind, All Sectors,Million Kilowatthours
WYETPUS,198308,0.01,12,Electricity Net Generation From Wind, All Sectors,Million Kilowatthours
WYETPUS,198309,0.378,12,Electricity Net Generation From Wind, All Sectors,Million Kilowatthours
WYETPUS,198310,0.464,12,Electricity Net Generation From Wind, All Sectors,Million Kilowatthours
WYETPUS,198311,0.423,12,Electricity Net Generation From Wind, All Sectors,Million Kilowatthours
WYETPUS,198312,0.117,12,Electricity Net Generation From Wind, All Sectors,Million Kilowatthours
WYETPUS,198313,2.668,12,Electricity Net Generation From Wind, All Sectors,Million Kilowatthours
WYETPUS,198401,0.041,12,Electricity Net Generation From Wind, All Sectors,Million Kilowatthours
WYETPUS,198402,0.199,12,Electricity Net Generation From Wind, All Sectors,Million Kilowatthours
WYETPUS,198403,0.184,12,Electricity Net Generation From Wind, All Sectors,Million Kilowatthours
WYETPUS,198404,0.562,12,Electricity Net Generation From Wind, All Sectors,Million Kilowatthours
WYETPUS,198405,0.758,12,Electricity Net Generation From Wind, All Sectors,Million Kilowatthours
WYETPUS,198406,0.599,12,Electricity Net Generation From Wind, All Sectors,Million Kilowatthours
WYETPUS,198407,0.468,12,Electricity Net Generation From Wind, All Sectors,Million Kilowatthours
WYETPUS,198408,0.266,12,Electricity Net Generation From Wind, All Sectors,Million Kilowatthours
WYETPUS,198409,0.499,12,Electricity Net Generation From Wind, All Sectors,Million Kilowatthours
WYETPUS,198410,0.87,12,Electricity Net Generation From Wind, All Sectors,Million Kilowatthours
WYETPUS,198411,0.847,12,Electricity Net Generation From Wind, All Sectors,Million Kilowatthours
WYETPUS,198412,1.197,12,Electricity Net Generation From Wind, All Sectors,Million Kilowatthours
WYETPUS,198413,6.49,12,Electricity Net Generation From Wind, All Sectors,Million Kilowatthours
WYETPUS,198501,0.635,12,Electricity Net Generation From Wind, All Sectors,Million Kilowatthours
WYETPUS,198502,1.093,12,Electricity Net Generation From Wind, All Sectors,Million Kilowatthours
WYETPUS,198503,0.69,12,Electricity Net Generation From Wind, All Sectors,Million Kilowatthours
WYETPUS,198504,0.581,12,Electricity Net Generation From Wind, All Sectors,Million Kilowatthours
WYETPUS,198505,0.337,12,Electricity Net Generation From Wind, All Sectors,Million Kilowatthours
WYETPUS,198506,0.337,12,Electricity Net Generation From Wind, All Sectors,Million Kilowatthours
WYETPUS,198507,0.071,12,Electricity Net Generation From Wind, All Sectors,Million Kilowatthours
WYETPUS,198508,0.363,12,Electricity Net Generation From Wind, All Sectors,Million Kilowatthours
WYETPUS,198509,0.832,12,Electricity Net Generation From Wind, All Sectors,Million Kilowatthours
WYETPUS,198510,0.524,12,Electricity Net Generation From Wind, All Sectors,Million Kilowatthours
WYETPUS,198511,0.194,12,Electricity Net Generation From Wind, All Sectors,Million Kilowatthours
WYETPUS,198512,0.105,12,Electricity Net Generation From Wind, All Sectors,Million Kilowatthours
WYETPUS,198513,5.762,12,Electricity Net Generation From Wind, All Sectors,Million Kilowatthours
WYETPUS,198601,0.155,12,Electricity Net Generation From Wind, All Sectors,Million Kilowatthours
WYETPUS,198602,0.169,12,Electricity Net Generation From Wind, All Sectors,Million Kilowatthours
WYETPUS,198603,0.69,12,Electricity Net Generation From Wind, All Sectors,Million Kilowatthours
WYETPUS,198604,0.613,12,Electricity Net Generation From Wind, All Sectors,Million Kilowatthours
WYETPUS,198605,0.74,12,Electricity Net Generation From Wind, All Sectors,Million Kilowatthours
WYETPUS,198606,0.502,12,Electricity Net Generation From Wind, All Sectors,Million Kilowatthours
WYETPUS,198607,0.522,12,Electricity Net Generation From Wind, All Sectors,Million Kilowatthours
WYETPUS,198608,0.46,12,Electricity Net Generation From Wind, All Sectors,Million Kilowatthours
WYETPUS,198609,0.069,12,Electricity Net Generation From Wind, All Sectors,Million Kilowatthours
WYETPUS,198610,0.227,12,Electricity Net Generation From Wind, All Sectors,Million Kilowatthours
WYETPUS,198611,0.012,12,Electricity Net Generation From Wind, All Sectors,Million Kilowatthours
WYETPUS,198612,0.03,12,Electricity Net Generation From Wind, All Sectors,Million Kilowatthours
WYETPUS,198613,4.189,12,Electricity Net Generation From Wind, All Sectors,Million Kilowatthours
WYETPUS,198701,0.075,12,Electricity Net Generation From Wind, All Sectors,Million Kilowatthours
WYETPUS,198702,0.004,12,Electricity Net Generation From Wind, All Sectors,Million Kilowatthours
WYETPUS,198703,-0.009,12,Electricity Net Generation From Wind, All Sectors,Million Kilowatthours
WYETPUS,198704,0.146,12,Electricity Net Generation From Wind, All Sectors,Million Kilowatthours
WYETPUS,198705,0.328,12,Electricity Net Generation From Wind, All Sectors,Million Kilowatthours
WYETPUS,198706,0.965,12,Electricity Net Generation From Wind, All Sectors,Million Kilowatthours
WYETPUS,198707,1.226,12,Electricity Net Generation From Wind, All Sectors,Million Kilowatthours
WYETPUS,198708,0.232,12,Electricity Net Generation From Wind, All Sectors,Million Kilowatthours
WYETPUS,198709,0.226,12,Electricity Net Generation From Wind, All Sectors,Million Kilowatthours
WYETPUS,198710,0.062,12,Electricity Net Generation From Wind, All Sectors,Million Kilowatthours
WYETPUS,198711,0.063,12,Electricity Net Generation From Wind, All Sectors,Million Kilowatthours
WYETPUS,198712,0.224,12,Electricity Net Generation From Wind, All Sectors,Million Kilowatthours
WYETPUS,198713,3.541,12,Electricity Net Generation From Wind, All Sectors,Million Kilowatthours
WYETPUS,198801,0.642,12,Electricity Net Generation From Wind, All Sectors,Million Kilowatthours
WYETPUS,198802,-0.001,12,Electricity Net Generation From Wind, All Sectors,Million Kilowatthours
WYETPUS,198803,0.03,12,Electricity Net Generation From Wind, All Sectors,Million Kilowatthours
WYETPUS,198804,0.031,12,Electricity Net Generation From Wind, All Sectors,Million Kilowatthours
WYETPUS,198805,0.016,12,Electricity Net Generation From Wind, All Sectors,Million Kilowatthours
WYETPUS,198806,0.013,12,Electricity Net Generation From Wind, All Sectors,Million Kilowatthours
WYETPUS,198807,-0.004,12,Electricity Net Generation From Wind, All Sectors,Million Kilowatthours
WYETPUS,198808,0.022,12,Electricity Net Generation From Wind, All Sectors,Million Kilowatthours
WYETPUS,198809,0.005,12,Electricity Net Generation From Wind, All Sectors,Million Kilowatthours
WYETPUS,198810,0.033,12,Electricity Net Generation From Wind, All Sectors,Million Kilowatthours
WYETPUS,198811,0.031,12,Electricity Net Generation From Wind, All Sectors,Million Kilowatthours
WYETPUS,198812,0.053,12,Electricity Net Generation From Wind, All Sectors,Million Kilowatthours
WYETPUS,198813,0.871,12,Electricity Net Generation From Wind, All Sectors,Million Kilowatthours
WYETPUS,198901,145.754,12,Electricity Net Generation From Wind, All Sectors,Million Kilowatthours
WYETPUS,198902,223.489,12,Electricity Net Generation From Wind, All Sectors,Million Kilowatthours
WYETPUS,198903,255.996,12,Electricity Net Generation From Wind, All Sectors,Million Kilowatthours
WYETPUS,198904,238.112,12,Electricity Net Generation From Wind, All Sectors,Million Kilowatthours
WYETPUS,198905,204.252,12,Electricity Net Generation From Wind, All Sectors,Million Kilowatthours
WYETPUS,198906,156.368,12,Electricity Net Generation From Wind, All Sectors,Million Kilowatthours
WYETPUS,198907,142.075,12,Electricity Net Generation From Wind, All Sectors,Million Kilowatthours
WYETPUS,198908,103.095,12,Electricity Net Generation From Wind, All Sectors,Million Kilowatthours
WYETPUS,198909,280.158,12,Electricity Net Generation From Wind, All Sectors,Million Kilowatthours
WYETPUS,198910,175.613,12,Electricity Net Generation From Wind, All Sectors,Million Kilowatthours
WYETPUS,198911,122.834,12,Electricity Net Generation From Wind, All Sectors,Million Kilowatthours
WYETPUS,198912,64.296,12,Electricity Net Generation From Wind, All Sectors,Million Kilowatthours
WYETPUS,198913,2112.043,12,Electricity Net Generation From Wind, All Sectors,Million Kilowatthours
WYETPUS,199001,301.281,12,Electricity Net Generation From Wind, All Sectors,Million Kilowatthours
WYETPUS,199002,231.216,12,Electricity Net Generation From Wind, All Sectors,Million Kilowatthours
WYETPUS,199003,245.229,12,Electricity Net Generation From Wind, All Sectors,Million Kilowatthours
WYETPUS,199004,420.392,12,Electricity Net Generation From Wind, All Sectors,Million Kilowatthours
WYETPUS,199005,350.327,12,Electricity Net Generation From Wind, All Sectors,Million Kilowatthours
WYETPUS,199006,406.379,12,Electricity Net Generation From Wind, All Sectors,Million Kilowatthours
WYETPUS,199007,119.111,12,Electricity Net Generation From Wind, All Sectors,Million Kilowatthours
WYETPUS,199008,70.065,12,Electricity Net Generation From Wind, All Sectors,Million Kilowatthours
WYETPUS,199009,91.085,12,Electricity Net Generation From Wind, All Sectors,Million Kilowatthours
WYETPUS,199010,203.189,12,Electricity Net Generation From Wind, All Sectors,Million Kilowatthours
WYETPUS,199011,231.216,12,Electricity Net Generation From Wind, All Sectors,Million Kilowatthours
WYETPUS,199012,119.111,12,Electricity Net Generation From Wind, All Sectors,Million Kilowatthours
WYETPUS,199013,2788.6,12,Electricity Net Generation From Wind, All Sectors,Million Kilowatthours
WYETPUS,199101,62.125,12,Electricity Net Generation From Wind, All Sectors,Million Kilowatthours
WYETPUS,199102,289.918,12,Electricity Net Generation From Wind, All Sectors,Million Kilowatthours
WYETPUS,199103,207.084,12,Electricity Net Generation From Wind, All Sectors,Million Kilowatthours
WYETPUS,199104,238.147,12,Electricity Net Generation From Wind, All Sectors,Million Kilowatthours
WYETPUS,199105,362.397,12,Electricity Net Generation From Wind, All Sectors,Million Kilowatthours
WYETPUS,199106,155.313,12,Electricity Net Generation From Wind, All Sectors,Million Kilowatthours
WYETPUS,199107,155.313,12,Electricity Net Generation From Wind, All Sectors,Million Kilowatthours
WYETPUS,199108,227.793,12,Electricity Net Generation From Wind, All Sectors,Million Kilowatthours
WYETPUS,199109,207.084,12,Electricity Net Generation From Wind, All Sectors,Million Kilowatthours
WYETPUS,199110,424.523,12,Electricity Net Generation From Wind, All Sectors,Million Kilowatthours
WYETPUS,199111,424.523,12,Electricity Net Generation From Wind, All Sectors,Million Kilowatthours
WYETPUS,199112,196.73,12,Electricity Net Generation From Wind, All Sectors,Million Kilowatthours
WYETPUS,199113,2950.951,12,Electricity Net Generation From Wind, All Sectors,Million Kilowatthours
WYETPUS,199201,150.001,12,Electricity Net Generation From Wind, All Sectors,Million Kilowatthours
WYETPUS,199202,515.629,12,Electricity Net Generation From Wind, All Sectors,Million Kilowatthours
WYETPUS,199203,328.128,12,Electricity Net Generation From Wind, All Sectors,Million Kilowatthours
WYETPUS,199204,318.753,12,Electricity Net Generation From Wind, All Sectors,Million Kilowatthours
WYETPUS,199205,93.751,12,Electricity Net Generation From Wind, All Sectors,Million Kilowatthours
WYETPUS,199206,75.001,12,Electricity Net Generation From Wind, All Sectors,Million Kilowatthours
WYETPUS,199207,75.001,12,Electricity Net Generation From Wind, All Sectors,Million Kilowatthours
WYETPUS,199208,140.626,12,Electricity Net Generation From Wind, All Sectors,Million Kilowatthours
WYETPUS,199209,318.753,12,Electricity Net Generation From Wind, All Sectors,Million Kilowatthours
WYETPUS,199210,243.752,12,Electricity Net Generation From Wind, All Sectors,Million Kilowatthours
WYETPUS,199211,281.252,12,Electricity Net Generation From Wind, All Sectors,Million Kilowatthours
WYETPUS,199212,346.878,12,Electricity Net Generation From Wind, All Sectors,Million Kilowatthours
WYETPUS,199213,2887.523,12,Electricity Net Generation From Wind, All Sectors,Million Kilowatthours
WYETPUS,199301,247.393,12,Electricity Net Generation From Wind, All Sectors,Million Kilowatthours
WYETPUS,199302,49.479,12,Electricity Net Generation From Wind, All Sectors,Million Kilowatthours
WYETPUS,199303,519.526,12,Electricity Net Generation From Wind, All Sectors,Million Kilowatthours
WYETPUS,199304,371.09,12,Electricity Net Generation From Wind, All Sectors,Million Kilowatthours
WYETPUS,199305,371.09,12,Electricity Net Generation From Wind, All Sectors,Million Kilowatthours
WYETPUS,199306,86.588,12,Electricity Net Generation From Wind, All Sectors,Million Kilowatthours
WYETPUS,199307,136.066,12,Electricity Net Generation From Wind, All Sectors,Million Kilowatthours
WYETPUS,199308,74.218,12,Electricity Net Generation From Wind, All Sectors,Million Kilowatthours
WYETPUS,199309,136.066,12,Electricity Net Generation From Wind, All Sectors,Million Kilowatthours
WYETPUS,199310,284.502,12,Electricity Net Generation From Wind, All Sectors,Million Kilowatthours
WYETPUS,199311,457.677,12,Electricity Net Generation From Wind, All Sectors,Million Kilowatthours
WYETPUS,199312,272.132,12,Electricity Net Generation From Wind, All Sectors,Million Kilowatthours
WYETPUS,199313,3005.827,12,Electricity Net Generation From Wind, All Sectors,Million Kilowatthours
WYETPUS,199401,0,12,Electricity Net Generation From Wind, All Sectors,Million Kilowatthours
WYETPUS,199402,100.401,12,Electricity Net Generation From Wind, All Sectors,Million Kilowatthours
WYETPUS,199403,546.629,12,Electricity Net Generation From Wind, All Sectors,Million Kilowatthours
WYETPUS,199404,412.761,12,Electricity Net Generation From Wind, All Sectors,Million Kilowatthours
WYETPUS,199405,368.138,12,Electricity Net Generation From Wind, All Sectors,Million Kilowatthours
WYETPUS,199406,368.138,12,Electricity Net Generation From Wind, All Sectors,Million Kilowatthours
WYETPUS,199407,189.647,12,Electricity Net Generation From Wind, All Sectors,Million Kilowatthours
WYETPUS,199408,133.868,12,Electricity Net Generation From Wind, All Sectors,Million Kilowatthours
WYETPUS,199409,312.359,12,Electricity Net Generation From Wind, All Sectors,Million Kilowatthours
WYETPUS,199410,356.982,12,Electricity Net Generation From Wind, All Sectors,Million Kilowatthours
WYETPUS,199411,490.85,12,Electricity Net Generation From Wind, All Sectors,Million Kilowatthours
WYETPUS,199412,167.335,12,Electricity Net Generation From Wind, All Sectors,Million Kilowatthours
WYETPUS,199413,3447.109,12,Electricity Net Generation From Wind, All Sectors,Million Kilowatthours
WYETPUS,199501,5.703,12,Electricity Net Generation From Wind, All Sectors,Million Kilowatthours
WYETPUS,199502,23.382,12,Electricity Net Generation From Wind, All Sectors,Million Kilowatthours
WYETPUS,199503,4.562,12,Electricity Net Generation From Wind, All Sectors,Million Kilowatthours
WYETPUS,199504,6.843,12,Electricity Net Generation From Wind, All Sectors,Million Kilowatthours
WYETPUS,199505,408.613,12,Electricity Net Generation From Wind, All Sectors,Million Kilowatthours
WYETPUS,199506,498.433,12,Electricity Net Generation From Wind, All Sectors,Million Kilowatthours
WYETPUS,199507,619.905,12,Electricity Net Generation From Wind, All Sectors,Million Kilowatthours
WYETPUS,199508,545.767,12,Electricity Net Generation From Wind, All Sectors,Million Kilowatthours
WYETPUS,199509,572.856,12,Electricity Net Generation From Wind, All Sectors,Million Kilowatthours
WYETPUS,199510,256.63,12,Electricity Net Generation From Wind, All Sectors,Million Kilowatthours
WYETPUS,199511,125.179,12,Electricity Net Generation From Wind, All Sectors,Million Kilowatthours
WYETPUS,199512,96.379,12,Electricity Net Generation From Wind, All Sectors,Million Kilowatthours
WYETPUS,199513,3164.253,12,Electricity Net Generation From Wind, All Sectors,Million Kilowatthours
WYETPUS,199601,147.279,12,Electricity Net Generation From Wind, All Sectors,Million Kilowatthours
WYETPUS,199602,111.817,12,Electricity Net Generation From Wind, All Sectors,Million Kilowatthours
WYETPUS,199603,187.533,12,Electricity Net Generation From Wind, All Sectors,Million Kilowatthours
WYETPUS,199604,244.4,12,Electricity Net Generation From Wind, All Sectors,Million Kilowatthours
WYETPUS,199605,391.679,12,Electricity Net Generation From Wind, All Sectors,Million Kilowatthours
WYETPUS,199606,375.705,12,Electricity Net Generation From Wind, All Sectors,Million Kilowatthours
WYETPUS,199607,535.125,12,Electricity Net Generation From Wind, All Sectors,Million Kilowatthours
WYETPUS,199608,415.001,12,Electricity Net Generation From Wind, All Sectors,Million Kilowatthours
WYETPUS,199609,351.425,12,Electricity Net Generation From Wind, All Sectors,Million Kilowatthours
WYETPUS,199610,253.026,12,Electricity Net Generation From Wind, All Sectors,Million Kilowatthours
WYETPUS,199611,98.718,12,Electricity Net Generation From Wind, All Sectors,Million Kilowatthours
WYETPUS,199612,122.36,12,Electricity Net Generation From Wind, All Sectors,Million Kilowatthours
WYETPUS,199613,3234.069,12,Electricity Net Generation From Wind, All Sectors,Million Kilowatthours
WYETPUS,199701,120.475,12,Electricity Net Generation From Wind, All Sectors,Million Kilowatthours
WYETPUS,199702,108.923,12,Electricity Net Generation From Wind, All Sectors,Million Kilowatthours
WYETPUS,199703,148.531,12,Electricity Net Generation From Wind, All Sectors,Million Kilowatthours
WYETPUS,199704,324.018,12,Electricity Net Generation From Wind, All Sectors,Million Kilowatthours
WYETPUS,199705,350.423,12,Electricity Net Generation From Wind, All Sectors,Million Kilowatthours
WYETPUS,199706,517.108,12,Electricity Net Generation From Wind, All Sectors,Million Kilowatthours
WYETPUS,199707,509.406,12,Electricity Net Generation From Wind, All Sectors,Million Kilowatthours
WYETPUS,199708,530.31,12,Electricity Net Generation From Wind, All Sectors,Million Kilowatthours
WYETPUS,199709,260.204,12,Electricity Net Generation From Wind, All Sectors,Million Kilowatthours
WYETPUS,199710,274.507,12,Electricity Net Generation From Wind, All Sectors,Million Kilowatthours
WYETPUS,199711,72.615,12,Electricity Net Generation From Wind, All Sectors,Million Kilowatthours
WYETPUS,199712,71.515,12,Electricity Net Generation From Wind, All Sectors,Million Kilowatthours
WYETPUS,199713,3288.035,12,Electricity Net Generation From Wind, All Sectors,Million Kilowatthours
WYETPUS,199801,17.395,12,Electricity Net Generation From Wind, All Sectors,Million Kilowatthours
WYETPUS,199802,8.186,12,Electricity Net Generation From Wind, All Sectors,Million Kilowatthours
WYETPUS,199803,6.139,12,Electricity Net Generation From Wind, All Sectors,Million Kilowatthours
WYETPUS,199804,85.951,12,Electricity Net Generation From Wind, All Sectors,Million Kilowatthours
WYETPUS,199805,143.252,12,Electricity Net Generation From Wind, All Sectors,Million Kilowatthours
WYETPUS,199806,394.967,12,Electricity Net Generation From Wind, All Sectors,Million Kilowatthours
WYETPUS,199807,547.429,12,Electricity Net Generation From Wind, All Sectors,Million Kilowatthours
WYETPUS,199808,421.571,12,Electricity Net Generation From Wind, All Sectors,Million Kilowatthours
WYETPUS,199809,475.803,12,Electricity Net Generation From Wind, All Sectors,Million Kilowatthours
WYETPUS,199810,298.784,12,Electricity Net Generation From Wind, All Sectors,Million Kilowatthours
WYETPUS,199811,181.112,12,Electricity Net Generation From Wind, All Sectors,Million Kilowatthours
WYETPUS,199812,445.106,12,Electricity Net Generation From Wind, All Sectors,Million Kilowatthours
WYETPUS,199813,3025.696,12,Electricity Net Generation From Wind, All Sectors,Million Kilowatthours
WYETPUS,199901,337.019,12,Electricity Net Generation From Wind, All Sectors,Million Kilowatthours
WYETPUS,199902,308.918,12,Electricity Net Generation From Wind, All Sectors,Million Kilowatthours
WYETPUS,199903,446.692,12,Electricity Net Generation From Wind, All Sectors,Million Kilowatthours
WYETPUS,199904,373.317,12,Electricity Net Generation From Wind, All Sectors,Million Kilowatthours
WYETPUS,199905,275.548,12,Electricity Net Generation From Wind, All Sectors,Million Kilowatthours
WYETPUS,199906,253.887,12,Electricity Net Generation From Wind, All Sectors,Million Kilowatthours
WYETPUS,199907,456.059,12,Electricity Net Generation From Wind, All Sectors,Million Kilowatthours
WYETPUS,199908,382.294,12,Electricity Net Generation From Wind, All Sectors,Million Kilowatthours
WYETPUS,199909,377.415,12,Electricity Net Generation From Wind, All Sectors,Million Kilowatthours
WYETPUS,199910,418.591,12,Electricity Net Generation From Wind, All Sectors,Million Kilowatthours
WYETPUS,199911,354.192,12,Electricity Net Generation From Wind, All Sectors,Million Kilowatthours
WYETPUS,199912,504.066,12,Electricity Net Generation From Wind, All Sectors,Million Kilowatthours
WYETPUS,199913,4487.998,12,Electricity Net Generation From Wind, All Sectors,Million Kilowatthours
WYETPUS,200001,645.286,12,Electricity Net Generation From Wind, All Sectors,Million Kilowatthours
WYETPUS,200002,705.904,12,Electricity Net Generation From Wind, All Sectors,Million Kilowatthours
WYETPUS,200003,350.019,12,Electricity Net Generation From Wind, All Sectors,Million Kilowatthours
WYETPUS,200004,330.074,12,Electricity Net Generation From Wind, All Sectors,Million Kilowatthours
WYETPUS,200005,408.095,12,Electricity Net Generation From Wind, All Sectors,Million Kilowatthours
WYETPUS,200006,447.007,12,Electricity Net Generation From Wind, All Sectors,Million Kilowatthours
WYETPUS,200007,379.937,12,Electricity Net Generation From Wind, All Sectors,Million Kilowatthours
WYETPUS,200008,376.417,12,Electricity Net Generation From Wind, All Sectors,Million Kilowatthours
WYETPUS,200009,332.42,12,Electricity Net Generation From Wind, All Sectors,Million Kilowatthours
WYETPUS,200010,411.419,12,Electricity Net Generation From Wind, All Sectors,Million Kilowatthours
WYETPUS,200011,823.033,12,Electricity Net Generation From Wind, All Sectors,Million Kilowatthours
WYETPUS,200012,383.652,12,Electricity Net Generation From Wind, All Sectors,Million Kilowatthours
WYETPUS,200013,5593.261,12,Electricity Net Generation From Wind, All Sectors,Million Kilowatthours
WYETPUS,200101,389.25,12,Electricity Net Generation From Wind, All Sectors,Million Kilowatthours
WYETPUS,200102,431.242,12,Electricity Net Generation From Wind, All Sectors,Million Kilowatthours
WYETPUS,200103,532.12,12,Electricity Net Generation From Wind, All Sectors,Million Kilowatthours
WYETPUS,200104,684.695,12,Electricity Net Generation From Wind, All Sectors,Million Kilowatthours
WYETPUS,200105,635.029,12,Electricity Net Generation From Wind, All Sectors,Million Kilowatthours
WYETPUS,200106,669.634,12,Electricity Net Generation From Wind, All Sectors,Million Kilowatthours
WYETPUS,200107,634.992,12,Electricity Net Generation From Wind, All Sectors,Million Kilowatthours
WYETPUS,200108,577.206,12,Electricity Net Generation From Wind, All Sectors,Million Kilowatthours
WYETPUS,200109,490.229,12,Electricity Net Generation From Wind, All Sectors,Million Kilowatthours
WYETPUS,200110,606.829,12,Electricity Net Generation From Wind, All Sectors,Million Kilowatthours
WYETPUS,200111,470.448,12,Electricity Net Generation From Wind, All Sectors,Million Kilowatthours
WYETPUS,200112,615.657,12,Electricity Net Generation From Wind, All Sectors,Million Kilowatthours
WYETPUS,200113,6737.331,12,Electricity Net Generation From Wind, All Sectors,Million Kilowatthours
WYETPUS,200201,811.402,12,Electricity Net Generation From Wind, All Sectors,Million Kilowatthours
WYETPUS,200202,713.931,12,Electricity Net Generation From Wind, All Sectors,Million Kilowatthours
WYETPUS,200203,852.102,12,Electricity Net Generation From Wind, All Sectors,Million Kilowatthours
WYETPUS,200204,1024.417,12,Electricity Net Generation From Wind, All Sectors,Million Kilowatthours
WYETPUS,200205,1077.641,12,Electricity Net Generation From Wind, All Sectors,Million Kilowatthours
WYETPUS,200206,1126.316,12,Electricity Net Generation From Wind, All Sectors,Million Kilowatthours
WYETPUS,200207,890.455,12,Electricity Net Generation From Wind, All Sectors,Million Kilowatthours
WYETPUS,200208,976.691,12,Electricity Net Generation From Wind, All Sectors,Million Kilowatthours
WYETPUS,200209,735.829,12,Electricity Net Generation From Wind, All Sectors,Million Kilowatthours
WYETPUS,200210,734.355,12,Electricity Net Generation From Wind, All Sectors,Million Kilowatthours
WYETPUS,200211,655.947,12,Electricity Net Generation From Wind, All Sectors,Million Kilowatthours
WYETPUS,200212,755.194,12,Electricity Net Generation From Wind, All Sectors,Million Kilowatthours
WYETPUS,200213,10354.28,12,Electricity Net Generation From Wind, All Sectors,Million Kilowatthours
WYETPUS,200301,632.339,12,Electricity Net Generation From Wind, All Sectors,Million Kilowatthours
WYETPUS,200302,745.375,12,Electricity Net Generation From Wind, All Sectors,Million Kilowatthours
WYETPUS,200303,1036.104,12,Electricity Net Generation From Wind, All Sectors,Million Kilowatthours
WYETPUS,200304,1092.766,12,Electricity Net Generation From Wind, All Sectors,Million Kilowatthours
WYETPUS,200305,1006.383,12,Electricity Net Generation From Wind, All Sectors,Million Kilowatthours
WYETPUS,200306,1047.145,12,Electricity Net Generation From Wind, All Sectors,Million Kilowatthours
WYETPUS,200307,953.396,12,Electricity Net Generation From Wind, All Sectors,Million Kilowatthours
WYETPUS,200308,815.429,12,Electricity Net Generation From Wind, All Sectors,Million Kilowatthours
WYETPUS,200309,895.054,12,Electricity Net Generation From Wind, All Sectors,Million Kilowatthours
WYETPUS,200310,897.161,12,Electricity Net Generation From Wind, All Sectors,Million Kilowatthours
WYETPUS,200311,961.433,12,Electricity Net Generation From Wind, All Sectors,Million Kilowatthours
WYETPUS,200312,1104.881,12,Electricity Net Generation From Wind, All Sectors,Million Kilowatthours
WYETPUS,200313,11187.466,12,Electricity Net Generation From Wind, All Sectors,Million Kilowatthours
WYETPUS,200401,999.445,12,Electricity Net Generation From Wind, All Sectors,Million Kilowatthours
WYETPUS,200402,1021.569,12,Electricity Net Generation From Wind, All Sectors,Million Kilowatthours
WYETPUS,200403,1291.224,12,Electricity Net Generation From Wind, All Sectors,Million Kilowatthours
WYETPUS,200404,1294.857,12,Electricity Net Generation From Wind, All Sectors,Million Kilowatthours
WYETPUS,200405,1701.651,12,Electricity Net Generation From Wind, All Sectors,Million Kilowatthours
WYETPUS,200406,1397.206,12,Electricity Net Generation From Wind, All Sectors,Million Kilowatthours
WYETPUS,200407,1164.37,12,Electricity Net Generation From Wind, All Sectors,Million Kilowatthours
WYETPUS,200408,1050.719,12,Electricity Net Generation From Wind, All Sectors,Million Kilowatthours
WYETPUS,200409,1089.615,12,Electricity Net Generation From Wind, All Sectors,Million Kilowatthours
WYETPUS,200410,1028.873,12,Electricity Net Generation From Wind, All Sectors,Million Kilowatthours
WYETPUS,200411,932.203,12,Electricity Net Generation From Wind, All Sectors,Million Kilowatthours
WYETPUS,200412,1172.009,12,Electricity Net Generation From Wind, All Sectors,Million Kilowatthours
WYETPUS,200413,14143.741,12,Electricity Net Generation From Wind, All Sectors,Million Kilowatthours
WYETPUS,200501,1131.569,12,Electricity Net Generation From Wind, All Sectors,Million Kilowatthours
WYETPUS,200502,966.482,12,Electricity Net Generation From Wind, All Sectors,Million Kilowatthours
WYETPUS,200503,1560.626,12,Electricity Net Generation From Wind, All Sectors,Million Kilowatthours
WYETPUS,200504,1697.504,12,Electricity Net Generation From Wind, All Sectors,Million Kilowatthours
WYETPUS,200505,1746.43,12,Electricity Net Generation From Wind, All Sectors,Million Kilowatthours
WYETPUS,200506,1796.924,12,Electricity Net Generation From Wind, All Sectors,Million Kilowatthours
WYETPUS,200507,1420.942,12,Electricity Net Generation From Wind, All Sectors,Million Kilowatthours
WYETPUS,200508,1138.032,12,Electricity Net Generation From Wind, All Sectors,Million Kilowatthours
WYETPUS,200509,1468.347,12,Electricity Net Generation From Wind, All Sectors,Million Kilowatthours
WYETPUS,200510,1446.19,12,Electricity Net Generation From Wind, All Sectors,Million Kilowatthours
WYETPUS,200511,1609.691,12,Electricity Net Generation From Wind, All Sectors,Million Kilowatthours
WYETPUS,200512,1827.814,12,Electricity Net Generation From Wind, All Sectors,Million Kilowatthours
WYETPUS,200513,17810.549,12,Electricity Net Generation From Wind, All Sectors,Million Kilowatthours
WYETPUS,200601,2382.633,12,Electricity Net Generation From Wind, All Sectors,Million Kilowatthours
WYETPUS,200602,1921.958,12,Electricity Net Generation From Wind, All Sectors,Million Kilowatthours
WYETPUS,200603,2358.632,12,Electricity Net Generation From Wind, All Sectors,Million Kilowatthours
WYETPUS,200604,2471.762,12,Electricity Net Generation From Wind, All Sectors,Million Kilowatthours
WYETPUS,200605,2458.683,12,Electricity Net Generation From Wind, All Sectors,Million Kilowatthours
WYETPUS,200606,2051.766,12,Electricity Net Generation From Wind, All Sectors,Million Kilowatthours
WYETPUS,200607,1955.064,12,Electricity Net Generation From Wind, All Sectors,Million Kilowatthours
WYETPUS,200608,1655.187,12,Electricity Net Generation From Wind, All Sectors,Million Kilowatthours
WYETPUS,200609,1879.144,12,Electricity Net Generation From Wind, All Sectors,Million Kilowatthours
WYETPUS,200610,2442.13,12,Electricity Net Generation From Wind, All Sectors,Million Kilowatthours
WYETPUS,200611,2540.489,12,Electricity Net Generation From Wind, All Sectors,Million Kilowatthours
WYETPUS,200612,2471.69,12,Electricity Net Generation From Wind, All Sectors,Million Kilowatthours
WYETPUS,200613,26589.137,12,Electricity Net Generation From Wind, All Sectors,Million Kilowatthours
WYETPUS,200701,2452.315,12,Electricity Net Generation From Wind, All Sectors,Million Kilowatthours
WYETPUS,200702,2519.793,12,Electricity Net Generation From Wind, All Sectors,Million Kilowatthours
WYETPUS,200703,3047.092,12,Electricity Net Generation From Wind, All Sectors,Million Kilowatthours
WYETPUS,200704,3171.703,12,Electricity Net Generation From Wind, All Sectors,Million Kilowatthours
WYETPUS,200705,2952.341,12,Electricity Net Generation From Wind, All Sectors,Million Kilowatthours
WYETPUS,200706,2620.416,12,Electricity Net Generation From Wind, All Sectors,Million Kilowatthours
WYETPUS,200707,2158.372,12,Electricity Net Generation From Wind, All Sectors,Million Kilowatthours
WYETPUS,200708,2699.365,12,Electricity Net Generation From Wind, All Sectors,Million Kilowatthours
WYETPUS,200709,2866.722,12,Electricity Net Generation From Wind, All Sectors,Million Kilowatthours
WYETPUS,200710,3376.54,12,Electricity Net Generation From Wind, All Sectors,Million Kilowatthours
WYETPUS,200711,3095.036,12,Electricity Net Generation From Wind, All Sectors,Million Kilowatthours
WYETPUS,200712,3490.232,12,Electricity Net Generation From Wind, All Sectors,Million Kilowatthours
WYETPUS,200713,34449.927,12,Electricity Net Generation From Wind, All Sectors,Million Kilowatthours
WYETPUS,200801,4273.185,12,Electricity Net Generation From Wind, All Sectors,Million Kilowatthours
WYETPUS,200802,3851.749,12,Electricity Net Generation From Wind, All Sectors,Million Kilowatthours
WYETPUS,200803,4782.02,12,Electricity Net Generation From Wind, All Sectors,Million Kilowatthours
WYETPUS,200804,5225.282,12,Electricity Net Generation From Wind, All Sectors,Million Kilowatthours
WYETPUS,200805,5340.284,12,Electricity Net Generation From Wind, All Sectors,Million Kilowatthours
WYETPUS,200806,5140.376,12,Electricity Net Generation From Wind, All Sectors,Million Kilowatthours
WYETPUS,200807,4008.401,12,Electricity Net Generation From Wind, All Sectors,Million Kilowatthours
WYETPUS,200808,3264.406,12,Electricity Net Generation From Wind, All Sectors,Million Kilowatthours
WYETPUS,200809,3111.452,12,Electricity Net Generation From Wind, All Sectors,Million Kilowatthours
WYETPUS,200810,4756.401,12,Electricity Net Generation From Wind, All Sectors,Million Kilowatthours
WYETPUS,200811,4993.646,12,Electricity Net Generation From Wind, All Sectors,Million Kilowatthours
WYETPUS,200812,6615.899,12,Electricity Net Generation From Wind, All Sectors,Million Kilowatthours
WYETPUS,200813,55363.1,12,Electricity Net Generation From Wind, All Sectors,Million Kilowatthours
WYETPUS,200901,5950.825,12,Electricity Net Generation From Wind, All Sectors,Million Kilowatthours
WYETPUS,200902,5852.175,12,Electricity Net Generation From Wind, All Sectors,Million Kilowatthours
WYETPUS,200903,7099.063,12,Electricity Net Generation From Wind, All Sectors,Million Kilowatthours
WYETPUS,200904,7457.696,12,Electricity Net Generation From Wind, All Sectors,Million Kilowatthours
WYETPUS,200905,6261.961,12,Electricity Net Generation From Wind, All Sectors,Million Kilowatthours
WYETPUS,200906,5599.422,12,Electricity Net Generation From Wind, All Sectors,Million Kilowatthours
WYETPUS,200907,4954.941,12,Electricity Net Generation From Wind, All Sectors,Million Kilowatthours
WYETPUS,200908,5464.474,12,Electricity Net Generation From Wind, All Sectors,Million Kilowatthours
WYETPUS,200909,4650.708,12,Electricity Net Generation From Wind, All Sectors,Million Kilowatthours
WYETPUS,200910,6813.626,12,Electricity Net Generation From Wind, All Sectors,Million Kilowatthours
WYETPUS,200911,6875.183,12,Electricity Net Generation From Wind, All Sectors,Million Kilowatthours
WYETPUS,200912,6906.058,12,Electricity Net Generation From Wind, All Sectors,Million Kilowatthours
WYETPUS,200913,73886.132,12,Electricity Net Generation From Wind, All Sectors,Million Kilowatthours
WYETPUS,201001,6854.337,12,Electricity Net Generation From Wind, All Sectors,Million Kilowatthours
WYETPUS,201002,5431.858,12,Electricity Net Generation From Wind, All Sectors,Million Kilowatthours
WYETPUS,201003,8589.077,12,Electricity Net Generation From Wind, All Sectors,Million Kilowatthours
WYETPUS,201004,9764.456,12,Electricity Net Generation From Wind, All Sectors,Million Kilowatthours
WYETPUS,201005,8697.525,12,Electricity Net Generation From Wind, All Sectors,Million Kilowatthours
WYETPUS,201006,8049.021,12,Electricity Net Generation From Wind, All Sectors,Million Kilowatthours
WYETPUS,201007,6723.891,12,Electricity Net Generation From Wind, All Sectors,Million Kilowatthours
WYETPUS,201008,6685.855,12,Electricity Net Generation From Wind, All Sectors,Million Kilowatthours
WYETPUS,201009,7105.502,12,Electricity Net Generation From Wind, All Sectors,Million Kilowatthours
WYETPUS,201010,7943.808,12,Electricity Net Generation From Wind, All Sectors,Million Kilowatthours
WYETPUS,201011,9747.619,12,Electricity Net Generation From Wind, All Sectors,Million Kilowatthours
WYETPUS,201012,9059.297,12,Electricity Net Generation From Wind, All Sectors,Million Kilowatthours
WYETPUS,201013,94652.246,12,Electricity Net Generation From Wind, All Sectors,Million Kilowatthours
WYETPUS,201101,8550.495,12,Electricity Net Generation From Wind, All Sectors,Million Kilowatthours
WYETPUS,201102,10451.562,12,Electricity Net Generation From Wind, All Sectors,Million Kilowatthours
WYETPUS,201103,10544.646,12,Electricity Net Generation From Wind, All Sectors,Million Kilowatthours
WYETPUS,201104,12421.657,12,Electricity Net Generation From Wind, All Sectors,Million Kilowatthours
WYETPUS,201105,11772.161,12,Electricity Net Generation From Wind, All Sectors,Million Kilowatthours
WYETPUS,201106,10985.069,12,Electricity Net Generation From Wind, All Sectors,Million Kilowatthours
WYETPUS,201107,7488.629,12,Electricity Net Generation From Wind, All Sectors,Million Kilowatthours
WYETPUS,201108,7473.594,12,Electricity Net Generation From Wind, All Sectors,Million Kilowatthours
WYETPUS,201109,6869.029,12,Electricity Net Generation From Wind, All Sectors,Million Kilowatthours
WYETPUS,201110,10525.429,12,Electricity Net Generation From Wind, All Sectors,Million Kilowatthours
WYETPUS,201111,12438.553,12,Electricity Net Generation From Wind, All Sectors,Million Kilowatthours
WYETPUS,201112,10655.775,12,Electricity Net Generation From Wind, All Sectors,Million Kilowatthours
WYETPUS,201113,120176.599,12,Electricity Net Generation From Wind, All Sectors,Million Kilowatthours
WYETPUS,201201,13632.395,12,Electricity Net Generation From Wind, All Sectors,Million Kilowatthours
WYETPUS,201202,11051.982,12,Electricity Net Generation From Wind, All Sectors,Million Kilowatthours
WYETPUS,201203,14026.442,12,Electricity Net Generation From Wind, All Sectors,Million Kilowatthours
WYETPUS,201204,12709.239,12,Electricity Net Generation From Wind, All Sectors,Million Kilowatthours
WYETPUS,201205,12540.523,12,Electricity Net Generation From Wind, All Sectors,Million Kilowatthours
WYETPUS,201206,11972.304,12,Electricity Net Generation From Wind, All Sectors,Million Kilowatthours
WYETPUS,201207,8821.542,12,Electricity Net Generation From Wind, All Sectors,Million Kilowatthours
WYETPUS,201208,8468.912,12,Electricity Net Generation From Wind, All Sectors,Million Kilowatthours
WYETPUS,201209,8789.666,12,Electricity Net Generation From Wind, All Sectors,Million Kilowatthours
WYETPUS,201210,12635.641,12,Electricity Net Generation From Wind, All Sectors,Million Kilowatthours
WYETPUS,201211,11648.59,12,Electricity Net Generation From Wind, All Sectors,Million Kilowatthours
WYETPUS,201212,14524.467,12,Electricity Net Generation From Wind, All Sectors,Million Kilowatthours
WYETPUS,201213,140821.703,12,Electricity Net Generation From Wind, All Sectors,Million Kilowatthours
WYETPUS,201301,14738.504,12,Electricity Net Generation From Wind, All Sectors,Million Kilowatthours
WYETPUS,201302,14075.591,12,Electricity Net Generation From Wind, All Sectors,Million Kilowatthours
WYETPUS,201303,15755.653,12,Electricity Net Generation From Wind, All Sectors,Million Kilowatthours
WYETPUS,201304,17476.274,12,Electricity Net Generation From Wind, All Sectors,Million Kilowatthours
WYETPUS,201305,16238.702,12,Electricity Net Generation From Wind, All Sectors,Million Kilowatthours
WYETPUS,201306,13748.106,12,Electricity Net Generation From Wind, All Sectors,Million Kilowatthours
WYETPUS,201307,11093.614,12,Electricity Net Generation From Wind, All Sectors,Million Kilowatthours
WYETPUS,201308,9633.884,12,Electricity Net Generation From Wind, All Sectors,Million Kilowatthours
WYETPUS,201309,11674.081,12,Electricity Net Generation From Wind, All Sectors,Million Kilowatthours
WYETPUS,201310,13635.018,12,Electricity Net Generation From Wind, All Sectors,Million Kilowatthours
WYETPUS,201311,15803.26,12,Electricity Net Generation From Wind, All Sectors,Million Kilowatthours
WYETPUS,201312,13967.059,12,Electricity Net Generation From Wind, All Sectors,Million Kilowatthours
WYETPUS,201313,167839.745,12,Electricity Net Generation From Wind, All Sectors,Million Kilowatthours
WYETPUS,201401,17911.214,12,Electricity Net Generation From Wind, All Sectors,Million Kilowatthours
WYETPUS,201402,14008.66,12,Electricity Net Generation From Wind, All Sectors,Million Kilowatthours
WYETPUS,201403,17735.883,12,Electricity Net Generation From Wind, All Sectors,Million Kilowatthours
WYETPUS,201404,18635.549,12,Electricity Net Generation From Wind, All Sectors,Million Kilowatthours
WYETPUS,201405,15601.367,12,Electricity Net Generation From Wind, All Sectors,Million Kilowatthours
WYETPUS,201406,15798.817,12,Electricity Net Generation From Wind, All Sectors,Million Kilowatthours
WYETPUS,201407,12187.392,12,Electricity Net Generation From Wind, All Sectors,Million Kilowatthours
WYETPUS,201408,10170.521,12,Electricity Net Generation From Wind, All Sectors,Million Kilowatthours
WYETPUS,201409,11519.768,12,Electricity Net Generation From Wind, All Sectors,Million Kilowatthours
WYETPUS,201410,14507.931,12,Electricity Net Generation From Wind, All Sectors,Million Kilowatthours
WYETPUS,201411,18866.929,12,Electricity Net Generation From Wind, All Sectors,Million Kilowatthours
WYETPUS,201412,14711.249,12,Electricity Net Generation From Wind, All Sectors,Million Kilowatthours
WYETPUS,201413,181655.282,12,Electricity Net Generation From Wind, All Sectors,Million Kilowatthours
WYETPUS,201501,15162.146,12,Electricity Net Generation From Wind, All Sectors,Million Kilowatthours
WYETPUS,201502,14921.545,12,Electricity Net Generation From Wind, All Sectors,Million Kilowatthours
WYETPUS,201503,15307.929,12,Electricity Net Generation From Wind, All Sectors,Million Kilowatthours
WYETPUS,201504,17867.149,12,Electricity Net Generation From Wind, All Sectors,Million Kilowatthours
WYETPUS,201505,17151.341,12,Electricity Net Generation From Wind, All Sectors,Million Kilowatthours
WYETPUS,201506,13421.266,12,Electricity Net Generation From Wind, All Sectors,Million Kilowatthours
WYETPUS,201507,13675.449,12,Electricity Net Generation From Wind, All Sectors,Million Kilowatthours
WYETPUS,201508,13080.028,12,Electricity Net Generation From Wind, All Sectors,Million Kilowatthours
WYETPUS,201509,13971.567,12,Electricity Net Generation From Wind, All Sectors,Million Kilowatthours
WYETPUS,201510,16380.039,12,Electricity Net Generation From Wind, All Sectors,Million Kilowatthours
WYETPUS,201511,19681.716,12,Electricity Net Generation From Wind, All Sectors,Million Kilowatthours
WYETPUS,201512,20098.373,12,Electricity Net Generation From Wind, All Sectors,Million Kilowatthours
WYETPUS,201513,190718.548,12,Electricity Net Generation From Wind, All Sectors,Million Kilowatthours
WYETPUS,201601,18466.402,12,Electricity Net Generation From Wind, All Sectors,Million Kilowatthours
WYETPUS,201602,20138.228,12,Electricity Net Generation From Wind, All Sectors,Million Kilowatthours
WYETPUS,201603,21939.409,12,Electricity Net Generation From Wind, All Sectors,Million Kilowatthours
WYETPUS,201604,20799.303,12,Electricity Net Generation From Wind, All Sectors,Million Kilowatthours
WYETPUS,201605,18847.899,12,Electricity Net Generation From Wind, All Sectors,Million Kilowatthours
WYETPUS,201606,16303.441,12,Electricity Net Generation From Wind, All Sectors,Million Kilowatthours
WYETPUS,201607,17618.357,12,Electricity Net Generation From Wind, All Sectors,Million Kilowatthours
WYETPUS,201608,13589.326,12,Electricity Net Generation From Wind, All Sectors,Million Kilowatthours
WYETPUS,201609,16403.64,12,Electricity Net Generation From Wind, All Sectors,Million Kilowatthours
WYETPUS,201610,20335.39,12,Electricity Net Generation From Wind, All Sectors,Million Kilowatthours
WYETPUS,201611,19405.642,12,Electricity Net Generation From Wind, All Sectors,Million Kilowatthours
WYETPUS,201612,23145.525,12,Electricity Net Generation From Wind, All Sectors,Million Kilowatthours
WYETPUS,201613,226992.562,12,Electricity Net Generation From Wind, All Sectors,Million Kilowatthours
WYETPUS,201701,20798.771,12,Electricity Net Generation From Wind, All Sectors,Million Kilowatthours
WYETPUS,201702,22091.109,12,Electricity Net Generation From Wind, All Sectors,Million Kilowatthours
WYETPUS,201703,25730.617,12,Electricity Net Generation From Wind, All Sectors,Million Kilowatthours
WYETPUS,201704,25377.943,12,Electricity Net Generation From Wind, All Sectors,Million Kilowatthours
WYETPUS,201705,23067.639,12,Electricity Net Generation From Wind, All Sectors,Million Kilowatthours
WYETPUS,201706,20141.747,12,Electricity Net Generation From Wind, All Sectors,Million Kilowatthours
WYETPUS,201707,16119.996,12,Electricity Net Generation From Wind, All Sectors,Million Kilowatthours
WYETPUS,201708,13878.848,12,Electricity Net Generation From Wind, All Sectors,Million Kilowatthours
WYETPUS,201709,17911.775,12,Electricity Net Generation From Wind, All Sectors,Million Kilowatthours
WYETPUS,201710,24368.703,12,Electricity Net Generation From Wind, All Sectors,Million Kilowatthours
WYETPUS,201711,22614.867,12,Electricity Net Generation From Wind, All Sectors,Million Kilowatthours
WYETPUS,201712,22200.681,12,Electricity Net Generation From Wind, All Sectors,Million Kilowatthours
WYETPUS,201713,254302.695,12,Electricity Net Generation From Wind, All Sectors,Million Kilowatthours
WYETPUS,201801,25598.822,12,Electricity Net Generation From Wind, All Sectors,Million Kilowatthours
WYETPUS,201802,23189.489,12,Electricity Net Generation From Wind, All Sectors,Million Kilowatthours
WYETPUS,201803,26463.704,12,Electricity Net Generation From Wind, All Sectors,Million Kilowatthours
WYETPUS,201804,26430.857,12,Electricity Net Generation From Wind, All Sectors,Million Kilowatthours
WYETPUS,201805,23953.128,12,Electricity Net Generation From Wind, All Sectors,Million Kilowatthours
WYETPUS,201806,24702.856,12,Electricity Net Generation From Wind, All Sectors,Million Kilowatthours
WYETPUS,201807,16446.574,12,Electricity Net Generation From Wind, All Sectors,Million Kilowatthours
WYETPUS,201808,19846.437,12,Electricity Net Generation From Wind, All Sectors,Million Kilowatthours
WYETPUS,201809,18519.671,12,Electricity Net Generation From Wind, All Sectors,Million Kilowatthours
WYETPUS,201810,21193.898,12,Electricity Net Generation From Wind, All Sectors,Million Kilowatthours
WYETPUS,201811,22015.734,12,Electricity Net Generation From Wind, All Sectors,Million Kilowatthours
WYETPUS,201812,24306.284,12,Electricity Net Generation From Wind, All Sectors,Million Kilowatthours
WYETPUS,201813,272667.454,12,Electricity Net Generation From Wind, All Sectors,Million Kilowatthours
WYETPUS,201901,24301.45,12,Electricity Net Generation From Wind, All Sectors,Million Kilowatthours
WYETPUS,201902,22622.753,12,Electricity Net Generation From Wind, All Sectors,Million Kilowatthours
WYETPUS,201903,25772.678,12,Electricity Net Generation From Wind, All Sectors,Million Kilowatthours
WYETPUS,201904,28915.306,12,Electricity Net Generation From Wind, All Sectors,Million Kilowatthours
WYETPUS,201905,25779.387,12,Electricity Net Generation From Wind, All Sectors,Million Kilowatthours
WYETPUS,201906,22445.97,12,Electricity Net Generation From Wind, All Sectors,Million Kilowatthours
WYETPUS,201907,22100.722,12,Electricity Net Generation From Wind, All Sectors,Million Kilowatthours
WYETPUS,201908,19978.031,12,Electricity Net Generation From Wind, All Sectors,Million Kilowatthours
WYETPUS,201909,24513.468,12,Electricity Net Generation From Wind, All Sectors,Million Kilowatthours
WYETPUS,201910,27624.519,12,Electricity Net Generation From Wind, All Sectors,Million Kilowatthours
WYETPUS,201911,25184.359,12,Electricity Net Generation From Wind, All Sectors,Million Kilowatthours
WYETPUS,201912,26643.84,12,Electricity Net Generation From Wind, All Sectors,Million Kilowatthours
WYETPUS,201913,295882.484,12,Electricity Net Generation From Wind, All Sectors,Million Kilowatthours
WYETPUS,202001,28121.411,12,Electricity Net Generation From Wind, All Sectors,Million Kilowatthours
WYETPUS,202002,29110.495,12,Electricity Net Generation From Wind, All Sectors,Million Kilowatthours
WYETPUS,202003,29319.783,12,Electricity Net Generation From Wind, All Sectors,Million Kilowatthours
WYETPUS,202004,29752.229,12,Electricity Net Generation From Wind, All Sectors,Million Kilowatthours
WYETPUS,202005,28377.505,12,Electricity Net Generation From Wind, All Sectors,Million Kilowatthours
WYETPUS,202006,30212.405,12,Electricity Net Generation From Wind, All Sectors,Million Kilowatthours
WYETPUS,202007,22866.198,12,Electricity Net Generation From Wind, All Sectors,Million Kilowatthours
WYETPUS,202008,23029.332,12,Electricity Net Generation From Wind, All Sectors,Million Kilowatthours
WYETPUS,202009,23185.978,12,Electricity Net Generation From Wind, All Sectors,Million Kilowatthours
WYETPUS,202010,28822.663,12,Electricity Net Generation From Wind, All Sectors,Million Kilowatthours
WYETPUS,202011,33129.405,12,Electricity Net Generation From Wind, All Sectors,Million Kilowatthours
WYETPUS,202012,32010.645,12,Electricity Net Generation From Wind, All Sectors,Million Kilowatthours
WYETPUS,202013,337938.049,12,Electricity Net Generation From Wind, All Sectors,Million Kilowatthours
WYETPUS,202101,30060.471,12,Electricity Net Generation From Wind, All Sectors,Million Kilowatthours
WYETPUS,202102,26715.501,12,Electricity Net Generation From Wind, All Sectors,Million Kilowatthours
WYETPUS,202103,39205.248,12,Electricity Net Generation From Wind, All Sectors,Million Kilowatthours
WYETPUS,202104,36157.807,12,Electricity Net Generation From Wind, All Sectors,Million Kilowatthours
WYETPUS,202105,33786.508,12,Electricity Net Generation From Wind, All Sectors,Million Kilowatthours
WYETPUS,202106,26671.534,12,Electricity Net Generation From Wind, All Sectors,Million Kilowatthours
WYETPUS,202107,21715.552,12,Electricity Net Generation From Wind, All Sectors,Million Kilowatthours
WYETPUS,202108,27071.122,12,Electricity Net Generation From Wind, All Sectors,Million Kilowatthours
WYETPUS,202109,28997.803,12,Electricity Net Generation From Wind, All Sectors,Million Kilowatthours
WYETPUS,202110,32215.111,12,Electricity Net Generation From Wind, All Sectors,Million Kilowatthours
WYETPUS,202111,35751.091,12,Electricity Net Generation From Wind, All Sectors,Million Kilowatthours
WYETPUS,202112,39849.028,12,Electricity Net Generation From Wind, All Sectors,Million Kilowatthours
WYETPUS,202113,378196.775,12,Electricity Net Generation From Wind, All Sectors,Million Kilowatthours
WYETPUS,202201,38083.974,12,Electricity Net Generation From Wind, All Sectors,Million Kilowatthours
WYETPUS,202202,37992.489,12,Electricity Net Generation From Wind, All Sectors,Million Kilowatthours
WYETPUS,202203,43015.752,12,Electricity Net Generation From Wind, All Sectors,Million Kilowatthours
WYETPUS,202204,45929.799,12,Electricity Net Generation From Wind, All Sectors,Million Kilowatthours
WYETPUS,202205,41645.058,12,Electricity Net Generation From Wind, All Sectors,Million Kilowatthours
WYETPUS,202206,33478.679,12,Electricity Net Generation From Wind, All Sectors,Million Kilowatthours
WYETPUS,202207,29269.063,12,Electricity Net Generation From Wind, All Sectors,Million Kilowatthours
WYETPUS,202208,24344.581,12,Electricity Net Generation From Wind, All Sectors,Million Kilowatthours
WYETPUS,202209,27024.307,12,Electricity Net Generation From Wind, All Sectors,Million Kilowatthours
WYETPUS,202210,32824.906,12,Electricity Net Generation From Wind, All Sectors,Million Kilowatthours
WYETPUS,202211,41971.407,12,Electricity Net Generation From Wind, All Sectors,Million Kilowatthours
